,,,,,,,,,,,,,,,,,
,,,,,# of people in none/minimal conditions - Level 1,# of people in stressed conditions - level 2,# of people in moderate conditions - level 3,# of people severe conditions - level 4,# of people extreme conditions - level 5,People in Need,% of people in none/minimal conditions - Level 1,% of people in stressed conditions - level 2,% of people in moderate conditions - level 3,% of people severe conditions - level 4,% of people extreme conditions - level 5,Concentration of conditions,Conditions of people affected
,,,,MAX,,,,,,7,0.05,0.05,0.05,0.05,0.05,,
,,,,MIN,,,,,,4,,,,,,,
CRISIS,DRIVERS,CRISIS ID,COUNTRY,Iso3,,,,,,,,,,,,,
Complex crisis in Afghanistan,"Conflict,Violence,Displacement,Drought,Earthquake,Socio-political",AFG001,Afghanistan,AFG,0,13.9,13.945,15.255,0,5,0,0.3225058004640371,0.32354988399071927,0.35394431554524364,0,4,4.5
Drought in South-West Angola,Drought,AGO002,Angola,AGO,0.483,0.683,1.167,0.417,0,3.7,0.17563636363636365,0.24836363636363637,0.4243636363636364,0.15163636363636362,0,4,3.85
Nagorno-Karabakh Conflict in Armenia,"Conflict,Displacement",ARM002,Armenia,ARM,0.25,0.152,0.034,0,0,0.9,0.5720823798627003,0.34782608695652173,0.07780320366132723,0,0,3,1.95
Nagorno-Karabakh conflict in Azerbaijan,"Conflict,Displacement",AZE002,Azerbaijan,AZE,0.831,0.142,0.063,0,0,1.3,0.8013500482160077,0.1369334619093539,0.06075216972034716,0,0,3,2.15
Complex in Burundi,"Violence,Displacement,Floods",BDI001,Burundi,BDI,6.959,4.174,1.156,0,0,3.4,0.5662787859060949,0.33965334852306944,0.09406786557083571,0,0,3,3.2
Conflict in Burkina Faso,"Conflict,Displacement,Violence",BFA002,Burkina Faso,BFA,16.919,0,2.582,1.947,0.089,4.4,0.7855783070994103,0,0.11988670659794771,0.09040256303106282,0.0041324232715791425,4,4.2
Rohingya refugee crisis,"Conflict,Violence,Displacement",BGD002,Bangladesh,BGD,0,0,1.242,0.257,0,3.6,0,0,0.828,0.17133333333333334,0,4,3.8
Country level Brazil,"Displacement,Floods",BRA001,Brazil,BRA,99.076,0.498,0.37,0,0,2.6,0.9913151364764268,0.004982790362603058,0.003702073160970143,0,0,1,1.8
Venezuela displacement in Brazil,Displacement,BRA002,Brazil,BRA,99.493,0.09,0.361,0,0,2.6,0.9954874729848715,0.000900504282398143,0.003612022732730329,0,0,1,1.8
Floods in rainy season 2022,Floods,BRA003,Brazil,BRA,14.242,0.407,0.009,0,0,0,0.9715533119585238,0.02776451326829934,0.0006139572958591992,0,0,1,0.5
Complex crisis in CAR,"Conflict,Displacement",CAF001,CAR,CAF,0,2.665,2.649,0.778,0,4.2,0,0.43753078312264,0.4349039566573633,0.1277294368740765,0,4,4.1
Venezuela displacement in Chile,Displacement,CHL002,Chile,CHL,6.472,12.822,0.31,0,0,2.5,0.3301367067945317,0.6540501938379922,0.015813099367476026,0,0,2,2.25
Multiple crises in Cameroon,"Conflict,Displacement",CMR001,Cameroon,CMR,24.24,0,2.477,1.372,0,4.3,0.8629712698921286,0,0.088183986613977,0.04884474349389441,0,3,3.65
Lake Chad basin crisis in Cameroon,Conflict,CMR002,Cameroon,CMR,3.623,0,0.493,1.063,0,3.7,0.6995558988221664,0,0.09519212203128016,0.20525197914655338,0,4,3.85
Anglophone Crisis in Cameroon,Conflict,CMR003,Cameroon,CMR,13.165,0,1.377,0.309,0,3.7,0.8864722914281866,0,0.09272102888694364,0.020806679684869704,0,3,3.35
CAR refugees in Cameroon,"Conflict,Displacement",CMR004,Cameroon,CMR,5.043,0,0.607,0,0,3,0.892566371681416,0,0.10743362831858407,0,0,3,3
Complex crisis in DRC,"Conflict,Displacement,Socio-political",COD001,DRC,COD,82.155,0.529,10.3,10.8,4.8,5,0.7566031827893612,0.004871804317394828,0.0948574375598615,0.09946216753849554,0.04420540779488691,4,4.5
Complex crisis in Congo,Conflict,COG001,Congo,COG,5.507,0.159,0.134,0,0,1.9,0.9494827586206896,0.027413793103448277,0.023103448275862068,0,0,2,1.95
Complex crisis in Colombia,"Socio-political,Conflict,Violence,Floods,Displacement",COL001,Colombia,COL,41.8,2.1,4.206,3.1,0.394,4.8,0.810077519379845,0.040697674418604654,0.08151162790697675,0.060077519379844964,0.007635658914728683,4,4.4
Venezuela displacement in Colombia,Displacement,COL002,Colombia,COL,30.637,0.38,5.4,0,0,4.6,0.8412829173188346,0.010434687096685614,0.14828239558447978,0,0,3,3.8
Nicaraguan refugees in Costa Rica,Displacement,CRI002,Costa Rica,CRI,0.886,0.047,0.2,0,0,2.2,0.7819947043248014,0.04148278905560459,0.176522506619594,0,0,3,2.6
Multiple crises in Djibouti,"Displacement,Drought",DJI001,Djibouti,DJI,0.464,0.402,0.216,0.1,0,2.5,0.3925549915397631,0.3401015228426396,0.18274111675126903,0.08460236886632826,0,4,3.25
Mixed migration in Djibouti,Displacement,DJI002,Djibouti,DJI,0.645,0,0.031,0,0,0.8,0.9541420118343196,0,0.04585798816568047,0,0,1,0.9
Drought in Djibouti,Drought,DJI003,Djibouti,DJI,0.495,0.402,0.185,0.1,0,2.4,0.41878172588832485,0.3401015228426396,0.15651438240270726,0.08460236886632826,0,4,3.2
Venezuela displacement in Dominican Republic,Displacement,DOM002,Dominican Republic,DOM,11.114,0.014,0.102,0,0,1.7,0.9897586606109181,0.001246771751714311,0.009083622762489982,0,0,1,1.35
Mixed migration flows in Algeria,Displacement,DZA002,Algeria,DZA,45.304,0,0.263,0,0,2.4,0.9942282792371673,0,0.005771720762832752,0,0,1,1.7
Sahrawi refugees in Algeria,Displacement,DZA003,Algeria,DZA,0.049,0.084,0.09,0,0,1.6,0.21973094170403587,0.37668161434977576,0.40358744394618834,0,0,3,2.3
Multiple crises in Algeria,Displacement,DZA004,Algeria,DZA,45.353,0.084,0.353,0,0,2.6,0.9904564315352697,0.001834461672854335,0.007709106791875956,0,0,1,1.8
Venezuela displacement in Ecuador,Displacement,ECU002,Ecuador,ECU,10.409,7.189,0.403,0,0,2.7,0.5782456530192767,0.39936670184989725,0.022387645130826066,0,0,2,2.35
Refugees in Egypt,"Displacement,Conflict",EGY004,Egypt,EGY,13.989,0,0.299,0,0,2.5,0.9790733482642777,0,0.020926651735722286,0,0,1,1.75
Complex crisis in Eritrea,"Socio-political,Displacement",ERI001,Eritrea,ERI,2.645,0,1.1,0,0,3.4,0.7062750333778371,0,0.2937249666221629,0,0,3,3.2
Mixed migration flows in Spain,Displacement,ESP002,Spain,ESP,12.018,0,0.16,0,0,2,0.9869425966986942,0,0.013139525334647286,0,0,1,1.5
Complex crisis in Ethiopia,"Displacement,Floods,Conflict",ETH001,Ethiopia,ETH,40.666,57.479,16.2,11.195,1.205,5,0.3208489486764764,0.4535011243047063,0.12781569292674266,0.08832695569844964,0.009507278393624995,4,4.5
International Displacement,Displacement,ETH003,Ethiopia,ETH,84.766,41.053,0.926,0,0,3.3,0.6687916683103869,0.3239023235630597,0.007306008126553316,0,0,2,2.65
Northern Ethiopia Conflict,"Conflict,Displacement",ETH004,Ethiopia,ETH,0,21.3,8.8,0,0,4.9,0,0.707641196013289,0.292358803986711,0,0,3,3.95
Drought in Ethiopia,Drought,ETH005,Ethiopia,ETH,35.9,13.1,11,0,0,5,0.5983333333333334,0.21833333333333332,0.18333333333333332,0,0,3,4
Mixed migration flows in Greece,Displacement,GRC002,Greece,GRC,0.245,0.153,0.021,0,0,0.5,0.5861244019138756,0.3660287081339713,0.050239234449760764,0,0,3,1.75
Complex crisis in Guatemala,"Violence,Socio-political,Other seasonal event",GTM001,Guatemala,GTM,12.3,0,4.55,0.45,0,4.5,0.7109826589595376,0,0.2630057803468208,0.02601156069364162,0,3,3.75
Complex crisis in Honduras,"Violence,Socio-political,Other seasonal event",HND001,Honduras,HND,6.4,0,1.632,1.568,0,4.2,0.6666666666666666,0,0.17,0.16333333333333333,0,4,4.1
Complex crisis in Haiti,"Earthquake,Violence,Socio-political,Other seasonal event",HTI001,Haiti,HTI,3.9,2.6,2.7,1.4,0.8,4.5,0.34210526315789475,0.22807017543859648,0.23684210526315788,0.12280701754385964,0.07017543859649122,5,4.75
Nippes Earthquake ,Earthquake,HTI002,Haiti,HTI,5.739,0.04,0.65,0,0,3,0.892673821745217,0.006221807435059885,0.10110437081972314,0,0,3,3
Displacement from Ukraine conflict in Hungary,"Conflict,Displacement",HUN002,Hungary,HUN,0.553,0,0.052,0,0,1.2,0.9140495867768595,0,0.0859504132231405,0,0,3,2.1
Papua Conflict,"Socio-political,Violence",IDN002,Indonesia,IDN,0,5.338,0.1,0,0,1.7,0,0.9816108863552777,0.018389113644722323,0,0,2,1.85
Country Level,"Earthquake,Socio-political,Violence",IDN007,Indonesia,IDN,15.061,7.023,0.215,0,0,2.2,0.6754114534284048,0.31494685860352484,0.009641687968070318,0,0,2,2.1
Earthquake in West Java province,Earthquake,IDN008,Indonesia,IDN,15.061,1.685,0.115,0,0,1.8,0.8932447660281122,0.09993476069035051,0.006820473281537276,0,0,2,1.9
Conflict in Jammu and Kashmir,Socio-political,IND002,India,IND,14.999,x,x,x,x,x,1,x,x,x,x,x,x
Afghan Refugees in Iran,Displacement,IRN004,Iran,IRN,20.346,0,1.377,3.1,0,4.4,0.8196430729565323,0,0.05547274704910768,0.12488417999436006,0,4,4.2
Multiple crises in Iraq,"Violence,Displacement,Socio-political,Conflict",IRQ001,Iraq,IRQ,38.924,2.8,2.4,0.244,0.128,4.1,0.8747752606975908,0.06292700467457749,0.05393743257820928,0.00548363897878461,0.002876663070837828,3,3.55
Conflict  in Iraq,"Conflict,Socio-political,Violence",IRQ002,Iraq,IRQ,38.382,2.8,2.15,0.225,0.125,4,0.8786685591319079,0.06409962913785999,0.04921935808799963,0.005150863055720892,0.0028615905865116064,3,3.5
Syrian and Palestinian refugees in iraq,Displacement,IRQ003,Iraq,IRQ,5.418,0.416,0.25,0.019,0.003,2.4,0.8873239436619719,0.0681297084834589,0.04094333442515558,0.0031116934163118244,0.000491320013101867,2,2.2
Mixed migration flows in Italy,Displacement,ITA002,Italy,ITA,6.4,0,0.311,0,0,2.5,0.953658173148562,0,0.04634182685143794,0,0,1,1.75
Syrian refugees in Jordan,Displacement,JOR002,Jordan,JOR,6.869,0,1.443,0.303,0.092,3.8,0.7888148828663298,0,0.16570969223702342,0.034795590261828206,0.010564997703261369,3,3.4
Multiple crisis in Kenya ,"Drought,Displacement",KEN001,Kenya,KEN,0.559,23.134,4.802,1.225,0,4.6,0.019169438633791707,0.7933198449984569,0.16467199341586367,0.0420081615856795,0,3,3.8
Refugee situation in Kenya,Displacement,KEN002,Kenya,KEN,0.559,0,0.589,0,0,3,0.48693379790940766,0,0.5130662020905923,0,0,3,3
Drought in Kenya,Drought,KEN003,Kenya,KEN,0,23.134,4.214,1.225,0,4.6,0,0.8096738065238696,0.1474870502589948,0.04287414251714966,0,3,3.8
Syrian refugees in Lebanon,Displacement,LBN002,Lebanon,LBN,0,4.2,0.685,0.815,0,3.6,0,0.7368421052631579,0.12017543859649123,0.14298245614035088,0,4,3.8
Socioeconomic crisis in Lebanon,"Socio-political,Violence,Tecnological Disaster",LBN004,Lebanon,LBN,0,1.8,3.546,0.354,0,4.3,0,0.3157894736842105,0.6221052631578947,0.06210526315789474,0,4,4.15
Complex crisis in Libya,"Conflict,Displacement,Socio-political",LBY001,Libya,LBY,0,6.581,0.279,0.024,0,2.5,0,0.9559848925043579,0.0405287623474724,0.003486345148169669,0,2,2.25
Mixed migration flows in Libya,Displacement,LBY002,Libya,LBY,6.133,0.558,0.193,0,0,2.1,0.8909064497385241,0.0810575246949448,0.028036025566531085,0,0,2,2.05
Socio-economic crisis in Sri Lanka,"Socio-political,Food Security",LKA002,Sri Lanka,LKA,0,15.156,3.6,3.382,0.018,4.7,0,0.6840584943130529,0.16248420292471566,0.15264488174760787,0.0008124210146235783,4,4.35
Mixed migration flows in Morocco,Displacement,MAR002,Morocco,MAR,37.799,0,0.019,0,0,0.5,0.9994975937384314,0,0.0005024062615685653,0,0,1,0.75
DIsplacement from Ukraine conflict in Moldova,"Displacement,Conflict",MDA002,Moldova,MDA,0.11,0,0.111,0,0,1.7,0.5,0,0.5045454545454545,0,0,3,2.35
Multiple crisis in Madagascar,"Drought,Cyclone",MDG001,Madagascar,MDG,0,4.597,3.84,0.05,0,4.3,0,0.541651938258513,0.4524566984800283,0.005891363261458701,0,3,3.65
Drought in Madagascar,Drought,MDG002,Madagascar,MDG,1.923,2.772,1.485,0.05,0,3.6,0.3086677367576244,0.4449438202247191,0.23836276083467095,0.008025682182985553,0,3,3.3
Tropical cyclone Freddy in Madagascar,Cyclone,MDG008,Madagascar,MDG,0,6.132,2.355,0,0,4,0,0.7225167903852951,0.27748320961470485,0,0,3,3.5
Multiple crisis in Mexico,"Violence,Displacement",MEX001,Mexico,MEX,117.806,0.498,0.109,0,0,1.7,0.9948654719881095,0.004205583799212931,0.0009204992652895773,0,0,1,1.35
Criminal Violence in Mexico,"Violence,Displacement",MEX002,Mexico,MEX,118.035,0.379,x,x,x,x,0.9967993649399565,0.003200635060043576,x,x,x,x,x
Mixed Migration in Mexico,Displacement,MEX003,Mexico,MEX,113.952,0.119,0.109,0,0,1.7,0.9979944123803435,0.0010422049202581866,0.000954624674858339,0,0,1,1.35
Complex crisis in Mali,Conflict,MLI001,Mali,MLI,8.8,4.1,6.8,1.8,0.2,4.9,0.4055299539170507,0.1889400921658986,0.31336405529953915,0.08294930875576037,0.009216589861751152,4,4.45
Multiple crises in Myanmar,"Socio-political,Conflict,Violence",MMR001,Myanmar,MMR,1.1,36.838,13.349,4.457,0,5,0.019733065442020668,0.6608424225028703,0.2394697187141217,0.07995479334098737,0,4,4.5
Rakhine Conflict,Conflict,MMR002,Myanmar,MMR,0,1.8,0.434,1.238,0,3.7,0,0.5184331797235023,0.125,0.3565668202764977,0,4,3.85
Kachin and Shan Conflict,Conflict,MMR003,Myanmar,MMR,0,3.4,1.165,0.308,0,3.6,0,0.697722142417402,0.2390724399753745,0.06320541760722348,0,4,3.8
Post-coup conflict in Myanmar,"Violence,Socio-political,Conflict",MMR004,Myanmar,MMR,1.1,32.138,11.25,2.911,0,5,0.023207240659085634,0.6780311820924492,0.23734677946792127,0.061414797780543894,0,4,4.5
Cyclone Mocha in Myanmar,"Cyclone,Floods",MMR005,Myanmar,MMR,10.143,0,0.5,0,0,2.8,0.9530207648219488,0,0.046979235178051304,0,0,1,1.9
Multiple crises in Mongolia,"Other seasonal event,Floods",MNG001,Mongolia,MNG,1.522,0.592,0.171,0.053,0,2.3,0.6512623020967052,0.25331621737270005,0.07317073170731707,0.02267864783910997,0,3,2.65
Dzud in Mongolia,Other seasonal event,MNG002,Mongolia,MNG,0.184,0.475,0.16,0.053,0,2.2,0.21125143513203215,0.5453501722158438,0.18369690011481057,0.060849598163030996,0,4,3.1
Floods in Ulaanbaatar,Floods,MNG003,Mongolia,MNG,1.338,0.117,0.011,0,0,0.1,0.91268758526603,0.07980900409276943,0.007503410641200546,0,0,2,1.05
Multiple Crises in Mozambique,"Conflict,Displacement,Cyclone",MOZ001,Mozambique,MOZ,20.909,10.724,2.092,0,0,3.9,0.6199851742031134,0.31798369162342477,0.06203113417346182,0,0,3,3.45
Cabo Delgado Islamist Insurgency,"Conflict,Displacement",MOZ004,Mozambique,MOZ,0,9.584,2,0,0,3.8,0,0.8273480662983426,0.17265193370165746,0,0,3,3.4
Floods in Maputo province in Mozambique,Floods,MOZ009,Mozambique,MOZ,3.309,0.015,0.017,0,0,0.4,0.9901256732495511,0.004488330341113106,0.005086774386594853,0,0,1,0.7
Tropical Cyclone Freddy in Mozambique,Cyclone,MOZ010,Mozambique,MOZ,16.825,1.125,0.075,0,0,1.5,0.9334257975034674,0.06241331484049931,0.004160887656033287,0,0,2,1.75
Refugees from Mali in Mauritania,Displacement,MRT002,Mauritania,MRT,0,1.926,0.098,0,0,1.7,0,0.9515810276679841,0.04841897233201581,0,0,2,1.85
Food Security in Mauritania,"Drought,Floods",MRT003,Mauritania,MRT,2.248,0.823,0.444,0.028,0,2.8,0.6344905447360993,0.2322890206040079,0.12531752751905165,0.007902907140841095,0,3,2.9
Complex crisis in Malawi,"Drought,Socio-political,Cyclone",MWI002,Malawi,MWI,8.511,6.869,5.9,0,0,4.6,0.399953007518797,0.32279135338345866,0.27725563909774437,0,0,3,3.8
Tropical Cyclone Freddy in Malawi,Cyclone,MWI005,Malawi,MWI,5.484,0.63,1.637,0,0,3.7,0.7075216101148238,0.08127983486001807,0.21119855502515805,0,0,3,3.35
International Refugees in Malaysia,Displacement,MYS001,Malaysia,MYS,0,9.909,0.182,0,0,2.1,0,0.9820614469772051,0.018037661050545096,0,0,2,2.05
Food Security Crisis in Namibia,Drought,NAM002,Namibia,NAM,1.501,0.856,0.234,0.006,0,2.3,0.5779745860608394,0.32961108971890646,0.09010396611474779,0.0023103581055063534,0,3,2.65
Multiple crises in Niger,"Conflict,Displacement",NER001,Niger,NER,9.399,0,1.756,1.385,0,4.2,0.7495215311004785,0,0.14003189792663476,0.11044657097288677,0,4,4.1
Lake Chad basin crisis in Niger,Conflict,NER002,Niger,NER,0.22,0,0.057,0.512,0,2.9,0.27918781725888325,0,0.07233502538071065,0.649746192893401,0,4,3.45
Mali/Burkina Faso conflict,Conflict,NER003,Niger,NER,5.801,0,0.876,0.873,0,3.7,0.7683443708609271,0,0.11602649006622516,0.11562913907284768,0,4,3.85
Nigerian Refugees,Displacement,NER004,Niger,NER,3.379,0,0.823,0,0,3.2,0.8041408852927178,0,0.19585911470728223,0,0,3,3.1
Complex crisis in Nigeria,"Conflict,Displacement,Violence",NGA001,Nigeria,NGA,175.606,29.592,15.471,2.631,0.2,5,0.7857091722595079,0.1324026845637584,0.06922147651006712,0.011771812080536913,0.0008948545861297539,3,4
Middle belt conflict,Violence,NGA003,Nigeria,NGA,9.555,5.977,2.468,0,0,4,0.5308333333333334,0.33205555555555555,0.1371111111111111,0,0,3,3.5
Lake Chad basin crisis in Nigeria,"Conflict,Displacement",NGA004,Nigeria,NGA,2,5.8,5.9,2.2,0.2,4.9,0.12422360248447205,0.36024844720496896,0.36645962732919257,0.13664596273291926,0.012422360248447204,4,4.45
Northwest Banditry,"Violence,Displacement",NGA007,Nigeria,NGA,19.508,15.815,6.994,0.431,0,4.8,0.45634883503321794,0.3699588284832039,0.16360999344998597,0.010082343033592215,0,3,3.9
Cameroonian Refugees in Nigeria,Displacement,NGA008,Nigeria,NGA,12.565,0,0.11,0,0,1.7,0.9913214990138067,0,0.008678500986193294,0,0,1,1.35
Socioeconomic crisis in Nicaragua,Socio-political,NIC001,Nicaragua,NIC,5.951,0.25,x,x,x,x,0.9596839219480728,0.04031607805192711,x,x,x,x,x
Complex crisis in Pakistan,"Displacement,Conflict",PAK001,Pakistan,PAK,187.153,31.88,18.503,2.097,0,5,0.7809984434531138,0.13303676872550943,0.07721390626499688,0.008750881556379965,0,3,4
Kashmir conflict in Pakistan,Conflict,PAK004,Pakistan,PAK,4.361,x,x,x,x,x,1,x,x,x,x,x,x
Floods in Pakistan ,Other seasonal event,PAK005,Pakistan,PAK,0,12.4,20.57,0.03,0,5,0,0.37575757575757573,0.6233333333333333,0.0009090909090909091,0,3,4
Venezuela displacement in Panama,Displacement,PAN002,Panama,PAN,0.075,0,0.073,0,0,1.4,0.5067567567567568,0,0.49324324324324326,0,0,3,2.2
Venezuela displacement in Peru,Displacement,PER002,Peru,PER,19.429,13.571,1.05,0,0,3.4,0.5706020558002937,0.39856093979442,0.030837004405286344,0,0,2,2.7
Multiple crises in the Philippines,"Conflict,Cyclone,Violence,Floods,Other seasonal event",PHL001,Philippines,PHL,102.6,6.322,0.111,0,0,1.7,0.9409995139086331,0.05798244568158264,0.0010180404097841938,0,0,2,1.85
Mindanao conflict,"Conflict,Violence",PHL003,Philippines,PHL,26.146,0,0.106,0,0,1.7,0.9959622124028645,0,0.004037787597135457,0,0,1,1.35
Typhoon Nalgae,Cyclone,PHL012,Philippines,PHL,89.635,6.322,0.005,0,0,0,0.9340676517788291,0.06588024426335425,5.210395781663575e-05,0,0,2,1
Highlands Violence,Earthquake,PNG003,Papua New Guinea,PNG,2.59,0,0.233,0.032,0,2.4,0.9071803852889667,0,0.08161120840630473,0.011208406304728547,0,3,2.7
Displacement from Ukraine conflict in Poland,"Displacement,Conflict",POL002,Poland,POL,0.36,0,1,0,0,3.3,0.2647058823529412,0,0.7352941176470589,0,0,3,3.15
Complex crisis in DPRK,"Socio-political,Floods,Other seasonal event,Food Security",PRK001,DPRK,PRK,0,15.237,4.97,5.459,0,5,0,0.5825432023245144,0.19001376357241168,0.20870928276494877,0,4,4.5
Conflict in Palestine,"Conflict,Socio-political,Violence",PSE002,Palestine,PSE,0,3.255,1.335,0.7,0.065,3.9,0,0.6078431372549019,0.24929971988795518,0.13071895424836602,0.012138188608776844,4,3.95
Lake Chad basin regional crisis,0,REG001,"Nigeria,Niger,Chad,Cameroon","NGA,NER,TCD,CMR",10.439,0,5.819,4.406,0.874,5,0.4846782431052094,0,0.27017364657814097,0.20456866932862847,0.04057944098802117,4,4.5
Venezuela Regional Crisis,0,REG002,"Venezuela,Brazil,Colombia,Ecuador,Peru,Trinidad and Tobago,Chile,Dominican Republic,Panama","VEN,BRA,COL,ECU,PER,TTO,CHL,DOM,PAN",149.809,37.651,26.943,0,0,5,0.6987294894637177,0.17560936931558474,0.12566580535629332,0,0,3,4
Regional Kashmir conflict,0,REG003,"India,Pakistan","IND,PAK",19.36,x,x,x,x,x,1,x,x,x,x,x,x
Syrian Regional Crisis,0,REG004,"Syria,Türkiye,Iraq,Egypt,Jordan,Lebanon","SYR,TUR,IRQ,EGY,JOR,LBN",62.062,13.93,14.167,6.254,0.127,5,0.642863061943236,0.14429252123472136,0.14674746219183757,0.06478143774601201,0.0013155168841930806,4,4.5
Eastern Mediterranean Route ,0,REG006,"Türkiye,Greece","TUR,GRC",15.36,0.493,0.28,0.021,0,2.5,0.9508480871610746,0.03051875696421939,0.017333168255540425,0.0012999876191655318,0,1,1.75
Central Mediterranean Route,0,REG007,"Algeria,Tunisia,Libya,Italy","DZA,TUN,LBY,ITA",70.278,0.558,0.778,0,0,3.2,0.9813581332998199,0.007791881362322483,0.010863949282951419,0,0,1,2.1
Western Mediterranean Route,0,REG008,"Algeria,Morocco,Spain","DZA,MAR,ESP",95.121,0,0.442,0,0,2.7,0.9953851949519683,0,0.004625269458571398,0,0,1,1.85
Rohingya Regional Crisis,0,REG011,"Bangladesh,Myanmar","BGD,MMR",0,1.8,1.676,1.495,0,4.2,0,0.36202735317779566,0.337087691069992,0.3006838294448914,0,4,4.1
Southern Africa Regional Food Security Crisis,0,REG012,"Lesotho,Madagascar,Malawi,Namibia,Eswatini,Zambia,Zimbabwe,Tanzania","LSO,MDG,MWI,NAM,SWZ,ZMB,ZWE,TZA",21.44,51.569,16.393,0.093,0,5,0.23956377938678824,0.576215696790918,0.18317019755072853,0.0010391525878251542,0,3,4
Nagorno-Karabakh Conflict,0,REG013,"Armenia,Azerbaijan","ARM,AZE",1.081,0.295,0.098,0,0,1.7,0.7333785617367707,0.20013568521031208,0.06648575305291723,0,0,3,2.35
Eastern Africa Regional Drought Crisis,Drought,REG014,"Ethiopia,Somalia,Kenya","ETH,SOM,KEN",46.211,37.451,19.902,3.079,0.04,5,0.4331617970998191,0.3510493705651322,0.1865526841202441,0.02886120562788823,0.0003749425869163784,3,4
Turkiye / Syria earthquake,Earthquake,REG015,"Türkiye,Syria","TUR,SYR",9.1,14.723,3.177,0,0,4.2,0.337037037037037,0.5452962962962963,0.11766666666666667,0,0,3,3.6
Displacement from Ukraine conflict in Romania,"Conflict,Displacement",ROU002,Romania,ROU,5.049,0,0.137,0,0,1.9,0.9735827227150019,0,0.026417277284998073,0,0,1,1.45
Displacement from Ukraine conflict in Russia,"Conflict,Displacement",RUS002,Russia,RUS,0,0,1.275,x,x,3.5,0,0,1,x,x,3,3.25
Burundi and DRC refugees in Rwanda,Displacement,RWA002,Rwanda,RWA,2.249,0,0.133,0,0,1.9,0.9441645675902602,0,0.05583543240973971,0,0,3,2.45
Complex crisis in Sudan,"Displacement,Violence,Floods",SDN001,Sudan,SDN,0,25.1,17.4,7.2,0.1,5,0,0.5040160642570282,0.3493975903614458,0.14457831325301204,0.002008032128514056,4,4.5
Refugees in Sudan,Displacement,SDN005,Sudan,SDN,0,13.626,1.144,0,0,3.4,0,0.9225457007447528,0.07745429925524712,0,0,3,3.2
Violence in Darfur and Kordofan regions,Violence,SDN008,Sudan,SDN,0,5.63,11.364,0.779,0,5,0,0.31677263264502337,0.6393968379001856,0.043830529454790976,0,3,4
Drought in Senegal,Drought,SEN002,Senegal,SEN,12.251,4.361,1.206,0.057,0,3.5,0.6853322891027075,0.243958379950772,0.0674647572163795,0.0031886328037592305,0,3,3.25
Complex crisis in El Salvador,"Displacement,Violence,Floods,Drought",SLV001,El Salvador,SLV,5.185,0,0.446,0.669,0,3.4,0.823015873015873,0,0.0707936507936508,0.1061904761904762,0,4,3.7
Complex crisis in Somalia,"Conflict,Displacement,Floods,Drought",SOM001,Somalia,SOM,0,8.788,4.056,2.535,1.521,4.8,0,0.52,0.24,0.15,0.09,5,4.9
Mixed Migration Flows in Somalia,Displacement,SOM002,Somalia,SOM,2.658,0,0.036,0,0,0.9,0.9866369710467706,0,0.013363028953229399,0,0,1,0.95
Complex crisis in South Sudan,"Conflict,Floods,Displacement",SSD001,South Sudan,SSD,0,3.37,1.41,7.896,0.094,5,0,0.2637551850982234,0.11035454332002817,0.6179854425921578,0.007356969554668545,4,4.5
Displacement from Ukraine conflict in Slovakia,"Displacement,Conflict",SVK002,Slovakia,SVK,1.571,0,0.103,0,0,1.7,0.9390316796174537,0,0.06156604901374776,0,0,3,2.35
Food Security Crisis in Eswatini,Drought,SWZ001,Eswatini,SWZ,0.477,0.438,0.222,0.037,0,2.4,0.40630323679727426,0.3730834752981261,0.1890971039182283,0.03151618398637138,0,3,2.7
Syrian conflict,"Conflict,Displacement,Violence",SYR001,Syria,SYR,0,6.163,11.804,4.022,0.111,5,0,0.27886877828054296,0.5341176470588235,0.18199095022624437,0.00502262443438914,4,4.5
Türkiye / Syria earthquake in Syria,Earthquake,SYR002,Syria,SYR,4.778,8.223,0.577,x,x,2.9,0.3518927677124761,0.6056120194432171,0.04249521284430697,x,x,2,2.45
Complex crisis in Chad,"Conflict,Displacement",TCD001,Chad,TCD,12.921,0,2.531,1.744,1.098,4.6,0.7062971466054444,0,0.13835137203454684,0.09533180277686673,0.060019678583142014,5,4.8
Lake Chad basin crisis,Conflict,TCD003,Chad,TCD,0.137,0,0,0.146,0.626,3.1,0.15088105726872247,0,0,0.16079295154185022,0.6894273127753304,5,4.05
CAR refugees in Chad,Displacement,TCD004,Chad,TCD,2.188,0,0,0,1.261,3.5,0.634386778776457,0,0,0,0.36561322122354306,5,4.25
Darfur refugees in Chad,Displacement,TCD005,Chad,TCD,1.076,0,0,0,1.434,3.6,0.42885611797528894,0,0,0,0.5715424471901156,5,4.3
Multiple situations in Thailand,"Conflict,Displacement",THA001,Thailand,THA,3.709,0,0.091,0,0,1.6,0.9760526315789474,0,0.02394736842105263,0,0,1,1.3
Conflict in southern Thailand ,Conflict,THA002,Thailand,THA,3.458,x,x,x,x,x,1,x,x,x,x,x,x
Myanmar refugees in Thailand,Conflict,THA003,Thailand,THA,0.252,0,0.091,0,0,1.6,0.7368421052631579,0,0.26608187134502925,0,0,3,2.3
Venezuelan refugees in Trinidad and Tobago,Displacement,TTO002,Trinidad and Tobago,TTO,1.319,0.174,0.038,0,0,1,0.8615284128020901,0.11365120836054866,0.024820378837361202,0,0,2,1.5
Mixed migration flows in Tunisia,Displacement,TUN002,Tunisia,TUN,12.441,0,0.011,0,0,0.1,0.9991166077738516,0,0.0008833922261484099,0,0,1,0.55
Complex situation in Türkiye,"Displacement,Conflict",TUR001,Türkiye,TUR,35.396,11.623,4.777,0.254,0,4.5,0.6800384245917387,0.2233045148895293,0.09177713736791547,0.004879923150816523,0,3,3.75
Syrian Refugees in Türkiye,Displacement,TUR002,Türkiye,TUR,35.357,4.784,1.916,0.233,0,3.9,0.8360605344052967,0.11312366989832112,0.04530621896429416,0.0055095767320879644,0,3,3.45
Mixed Migration Flows in Türkiye,Displacement,TUR003,Türkiye,TUR,15.115,0.339,0.261,0.021,0,2.4,0.9605363497712253,0.02154295882053889,0.016586171835282156,0.0013345195729537367,0,1,1.7
Kurdish Conflict,Conflict,TUR004,Türkiye,TUR,x,x,x,x,x,x,x,x,x,x,x,x,x
Türkiye / Syria earthquake in Türkiye,Earthquake,TUR005,Türkiye,TUR,4.322,6.5,2.6,x,x,4,0.32200864252719413,0.48427954105200416,0.19371181642080168,x,x,3,3.5
Multiple Crises in Tanzania,"Displacement,Drought",TZA001,Tanzania,TZA,6.014,18.519,1.245,0,0,3.5,0.2332997129335092,0.7184032896268135,0.04829699743967725,0,0,2,2.75
International Displacement in Tanzania,Displacement,TZA002,Tanzania,TZA,0,14.76,0.255,0,0,2.3,0,0.983016983016983,0.016983016983016984,0,0,2,2.15
Food Security Crisis in North-East Tanzania,Drought,TZA003,Tanzania,TZA,6.014,3.759,0.99,0,0,3.3,0.5587661432686054,0.3492520672674905,0.09198178946390412,0,0,3,3.15
International Displacement in Uganda,Displacement,UGA005,Uganda,UGA,5.843,0,1.562,0,0,3.7,0.7891680172879525,0,0.2109670448406267,0,0,3,3.35
Conflict in Ukraine,"Conflict,Displacement",UKR002,Ukraine,UKR,18.699,0,11.211,1.375,4.956,5,0.5159625838139125,0,0.3093457686046191,0.037940454181727874,0.13675119339974062,5,5
Complex crisis in Venezuela,"Socio-political,Violence,Floods",VEN001,Venezuela,VEN,11.612,8.99,3.99,3.71,0,4.8,0.4102890255105646,0.3176453960850823,0.14097943608225566,0.13108614232209737,0,4,4.4
Cyclone Judy and cyclone Kevin in Vanuatu,Cyclone,VUT003,Vanuatu,VUT,0.083,0.101,0.118,0.032,0,2,0.24776119402985075,0.30149253731343284,0.3522388059701492,0.0955223880597015,0,4,3
Conflict in Yemen,Conflict,YEM001,Yemen,YEM,5,6.3,8.2,7.3,6.1,5,0.1519756838905775,0.19148936170212766,0.2492401215805471,0.22188449848024316,0.18541033434650456,5,5
Mixed migration flows in Yemen,Displacement,YEM002,Yemen,YEM,5.426,0,0.143,0.084,0.053,2.4,0.9507622218328369,0,0.025056947608200455,0.014718766427194673,0.009286840721920448,1,1.7
Drought in Zambia,Drought,ZMB002,Zambia,ZMB,4.937,6.601,1.952,0,0,3.8,0.3659747961452928,0.4893254262416605,0.1446997776130467,0,0,3,3.4
Complex crisis in Zimbabwe,"Socio-political,Drought",ZWE001,Zimbabwe,ZWE,0,13.69,3,0,0,4.1,0,0.8202516476932294,0.17974835230677053,0,0,3,3.55
