INFORM Severity Index - all crises. Release: June 2021,,,,,,,,,,,,,,,,,,,,
CRISIS,CRISIS ID,COUNTRY,ISO3,TYPE OF CRISIS,INFORM Severity Index,INFORM Severity category,INFORM Severity category,Trend (last 3 months),Reliability,Impact of the crisis,Geographical,Human,Conditions of people affected,People in need,Concentration of conditions,Complexity of the crisis,Society and safety,Operating environment,Regions,Last updated
Weights,,,,,,,,,,,,,,,,,,,,
(a-z),,,(a-z),,(1-5),(1-5),(Very Low-Very High),(Decreasing-Stable-Increasing),(Very Low-Very High),(1-5),(1-5),(1-5),(1-5),(1-5),(1-5),(1-5),(1-5),(1-5),,
Complex crisis in Afghanistan,AFG001,Afghanistan,AFG,Complex crisis,4.6,5,Very High,Stable,High,5,4.9,5,4.5,5,4,4.3,4,4.5,Asia,2021-06-30
Nagorno-Karabakh Conflict in Armenia,ARM002,Armenia,ARM,Conflict,1.7,2,Low,Stable,High,2.3,3.5,1.6,1.2,1.4,1,1.8,2,1.5,Middle east,2021-04-26
Nagorno-Karabakh conflict in Azerbaijan,AZE002,Azerbaijan,AZE,Conflict,x,x,x,-,Low,3.1,2.5,3.4,x,x,x,3,2.9,3,Middle east,2021-03-14
Complex in Burundi,BDI001,Burundi,BDI,Complex crisis,3.8,4,High,Increasing,High,3.9,4,3.8,4,4,4,3.3,3.1,3.5,Africa,2021-03-24
Conflict in Burkina Faso,BFA002,Burkina Faso,BFA,Conflict,3.9,4,High,Stable,Very High,4.1,2.5,4.6,4.3,3.6,5,3.1,2.7,3.5,Africa,2021-06-30
Rohingya refugee crisis,BGD002,Bangladesh,BGD,International displacement,3.3,4,High,Stable,High,2.7,0.1,3.6,3.6,3.2,4,3.2,2.9,3.5,Asia,2021-06-17
Venezuela displacement in Brazil,BRA002,Brazil,BRA,International displacement,2.4,3,Medium,Stable,Medium,2.3,1.2,2.8,2.9,2.8,3,1.6,2.2,1,Americas,2021-01-29
Complex crisis in CAR,CAF001,CAR,CAF,Complex crisis,4.1,5,Very High,Increasing,Medium,4.3,4.3,4.3,4.05,4.1,4,3.9,3.8,4,Africa,2021-03-26
Boko Haram in Cameroon,CMR002,Cameroon,CMR,Conflict,3.2,4,High,Stable,High,3.1,1.5,3.7,3,3,3,3.5,3.5,3.5,Africa,2021-03-26
Anglophone Crisis in Cameroon,CMR003,Cameroon,CMR,Conflict,3.4,4,High,Stable,High,3.2,1.7,3.8,3.15,3.3,3,3.8,3.5,4,Africa,2021-03-26
CAR refugees in Cameroon,CMR004,Cameroon,CMR,International displacement,2.8,3,Medium,Stable,Medium,2.8,1.7,3.2,2.75,2.5,3,3,3.5,2.5,Africa,2021-03-26
Complex crisis in DRC,COD001,DRC,COD,Complex crisis,4.5,5,Very High,Stable,High,4.5,5,4.1,4.5,5,4,4.4,4.3,4.5,Africa,2021-03-26
Complex crisis in Congo,COG001,Congo,COG,Complex crisis,3.2,4,High,Stable,Medium,3.6,4.2,3.3,3.25,3.5,3,2.7,2.8,2.5,Africa,2021-01-07
Complex crisis in Colombia,COL001,Colombia,COL,Complex crisis,3.7,4,High,Decreasing,High,4.2,5,3.6,3.65,4.3,3,3.5,2.9,4,Americas,2021-05-19
Venezuela displacement in Colombia,COL002,Colombia,COL,International displacement,3.4,4,High,Stable,Medium,3.6,2.7,4,3.65,4.3,3,3,2.9,3,Americas,2021-01-28
Nicaraguan refugees in Costa Rica,CRI002,Costa Rica,CRI,International displacement,1.1,2,Low,Stable,Medium,1.3,1,1.5,1.05,1.1,1,1,0.9,1,Americas,2021-01-28
Mixed migration in Djibouti,DJI002,Djibouti,DJI,International displacement,1.7,2,Low,Stable,Medium,2.6,3.1,2.3,0.9,0.8,1,2.2,2.8,1.5,Africa,2021-02-11
Drought in Djibouti,DJI003,Djibouti,DJI,Drought,2.7,3,Medium,Decreasing,Medium,2.7,3.1,2.5,2.55,2.1,3,2.9,2.8,3,Africa,2021-02-11
Mixed migration flows in Algeria,DZA002,Algeria,DZA,International displacement,x,x,x,-,Very Low,4.5,5,4.2,x,x,x,2.6,3.1,2,Africa,2021-06-28
Sahrawi refugees in Algeria,DZA003,Algeria,DZA,International displacement,2.3,3,Medium,Stable,Medium,2.2,1.1,2.6,2.3,1.6,3,2.4,3.1,1.5,Africa,2021-06-28
Venezuela displacement in Ecuador,ECU002,Ecuador,ECU,International displacement,2.3,3,Medium,Stable,Medium,1.9,1.4,2.2,2.85,2.7,3,1.8,2.1,1.5,Americas,2021-01-29
Syrian Refugee Crisis in Egypt,EGY002,Egypt,EGY,International displacement,2.4,3,Medium,Decreasing,High,2.3,2.4,2.3,2.4,2.8,2,2.6,3.2,2,Africa,2021-06-28
Complex crisis in Eritrea,ERI001,Eritrea,ERI,Complex crisis,3.7,4,High,Stable,Medium,3.4,3.8,3.1,3.5,4,3,4.1,2.6,5,Africa,2021-01-29
Mixed migration flows in spain,ESP002,Spain,ESP,International displacement,1.7,2,Low,Increasing,High,2.5,2.2,2.6,1.4,1.8,1,1.5,2,1,Europe,2021-06-29
Complex crisis in Ethiopia,ETH001,Ethiopia,ETH,Complex crisis,4.6,5,Very High,Increasing,Very High,4.6,5,4.4,5,5,5,3.8,3.5,4,Africa,2021-06-16
Flood Crisis in Ethiopia,ETH002,Ethiopia,ETH,Flood,2.2,3,Medium,Decreasing,Very High,2.8,4.1,1.8,1.35,1.7,1,3,3.5,2.5,Africa,2021-06-16
International Displacement,ETH003,Ethiopia,ETH,International displacement,3,3,Medium,Increasing,Very High,3.5,5,2.2,2.6,3.2,2,3.3,3.5,3,Africa,2021-06-16
Crisis in Tigray,ETH004,Ethiopia,ETH,Conflict,4.3,5,Very High,Increasing,High,4,1.6,4.7,4.75,4.5,5,3.8,3.5,4,Africa,2021-06-16
Mixed migration flows in Greece,GRC002,Greece,GRC,International displacement,1.5,2,Low,Decreasing,High,2,0.3,2.7,1.2,0.4,2,1.7,1.8,1.5,Europe,2021-06-30
Complex crisis in Guatemala,GTM001,Guatemala,GTM,Complex crisis,3.4,4,High,Stable,High,3.7,4.3,3.4,3.6,4.2,3,2.9,3.3,2.5,Americas,2021-01-28
Hurricane Eta and Iota in Guatemala,GTM003,Guatemala,GTM,Tropical cyclone,3.1,4,High,Stable,High,2.9,3.6,2.4,3.4,3.8,3,2.7,3.3,2,Americas,2021-01-28
Complex crisis in Honduras,HND001,Honduras,HND,Complex crisis,3.2,4,High,Stable,Medium,3.7,4.2,3.4,3.25,3.5,3,2.8,3.1,2.5,Americas,2021-01-28
Hurricane Eta and Iota in Honduras,HND002,Honduras,HND,Tropical cyclone,3.3,4,High,Stable,High,3.2,3.9,2.7,3.55,4.1,3,3.1,3.1,3,Americas,2021-01-28
Complex crisis in Haiti,HTI001,Haiti,HTI,Complex crisis,3.8,4,High,Increasing,High,3.2,4,2.7,4.7,4.4,5,2.5,2.9,2,Americas,2021-03-28
Papua Conflict,IDN002,Indonesia,IDN,Conflict,x,x,x,-,Very Low,3.2,1.9,3.7,x,x,x,2.9,2.8,3,Asia,2021-06-16
Conflict in Jammu and Kashmir,IND002,India,IND,Conflict,x,x,x,-,Low,4,2,4.6,x,x,x,2.8,2.6,3,Asia,2021-06-16
Afghan Refugees in Iran,IRN004,Iran,IRN,International displacement,3.4,4,High,Stable,High,2.8,2.7,2.8,4.05,4.1,4,2.7,2.8,2.5,Middle east,2021-06-30
Conflict  in Iraq,IRQ002,Iraq,IRQ,Conflict,4.4,5,Very High,Increasing,Very High,4.3,3.6,4.6,4.7,4.4,5,4,3.4,4.5,Middle east,2021-06-29
Syrian and Palestinian refugees in iraq,IRQ003,Iraq,IRQ,International displacement,2.8,3,Medium,Stable,High,1.8,1.5,2,2.9,2.8,3,3.5,3.4,3.5,Middle east,2021-06-29
Mixed migration flows in Italy,ITA002,Italy,ITA,International displacement,1.9,2,Low,-,High,2.7,1.7,3.1,1.6,2.2,1,1.5,1.5,1.5,Europe,2021-06-29
Syrian refugees in Jordan,JOR002,Jordan,JOR,International displacement,2.9,3,Medium,Decreasing,High,2.7,3,2.6,3.3,3.6,3,2.5,2.5,2.5,Middle east,2021-06-29
Refugee situation in Kenya,KEN002,Kenya,KEN,International displacement,2.7,3,Medium,Stable,Medium,2.9,1.9,3.3,2.95,2.9,3,2.1,2.9,1,Africa,2021-02-26
Syrian refugees in Lebanon,LBN002,Lebanon,LBN,International displacement,3.5,4,High,Increasing,High,3.3,3.6,3.2,4.1,4.2,4,2.7,2.8,2.5,Middle east,2021-04-28
Socioeconomic crisis in Lebanon,LBN004,Lebanon,LBN,Political and economic crisis,3.7,4,High,Increasing,High,3.3,3.6,3.2,4.25,4.5,4,2.9,2.8,3,Middle east,2021-06-29
Mixed migration flows in Libya,LBY002,Libya,LBY,International displacement,2.6,3,Medium,Decreasing,High,3.8,4.6,3.3,1.2,1.4,1,3.3,3.6,3,Africa,2021-04-28
Drought in Lesotho,LSO002,Lesotho,LSO,Drought,2.5,3,Medium,Stable,Medium,2.2,3,1.8,3.45,2.9,4,1.2,1.4,1,Africa,2020-11-26
Mixed migration flows in Morocco,MAR002,Morocco,MAR,International displacement,x,x,x,-,Very Low,3.8,4.8,3,x,x,x,2.2,3.1,1,Africa,2021-06-28
Drought in Madagascar,MDG002,Madagascar,MDG,Drought,3,3,Medium,Stable,Medium,3,1.6,3.55,3.8,3.6,4,1.7,2.3,1,Africa,2021-01-29
Criminal Violence in Mexico,MEX002,Mexico,MEX,Other type of violence,x,x,x,-,Very Low,4.2,3.9,4.4,x,x,x,2.9,3.2,2.5,Americas,2021-01-28
Mixed Migration in Mexico,MEX003,Mexico,MEX,International displacement,x,x,x,-,Low,3.5,4.2,3,x,x,x,2.9,3.2,2.5,Americas,2021-01-28
Complex crisis in Mali,MLI001,Mali,MLI,Complex crisis,4.1,5,Very High,Increasing,High,4.1,4.9,3.6,4.3,4.6,4,3.9,3.1,4.5,Africa,2021-03-26
Rakhine Conflict,MMR002,Myanmar,MMR,Conflict,3.5,4,High,Stable,High,2.8,1.3,3.4,3.6,3.2,4,3.9,3.7,4,Asia,2021-06-28
Kachin and Shan Conflict,MMR003,Myanmar,MMR,Conflict,3.1,4,High,Increasing,High,2.6,2.3,2.7,3.1,3.2,3,3.6,3.7,3.5,Asia,2021-06-28
Post-coup Violence in Myanmar,MMR004,Myanmar,MMR,Conflict,2.1,3,Medium,-,High,3,2.9,3,0.5,0,1,3.4,3.7,3,Asia,2021-06-23
Complex crisis in Mozambique,MOZ001,Mozambique,MOZ,Complex crisis,3.6,4,High,Stable,High,4,4.5,3.7,3.5,4,3,3.3,3.5,3,Africa,2021-02-26
Cabo Delgado Islamist Insurgency,MOZ004,Mozambique,MOZ,Other type of violence,3.4,4,High,Stable,Medium,3.5,2.3,3.9,3.35,3.7,3,3.5,3.5,3.5,Africa,2021-02-26
Food Security Crisis in Mozambique,MOZ006,Mozambique,MOZ,Food Security,3.3,4,High,Stable,Medium,3.4,4.4,2.8,3.55,4.1,3,2.8,3.5,2,Africa,2021-02-26
Tropical Cyclone Eloise in Mozambique,MOZ007,Mozambique,MOZ,Tropical cyclone,2.2,3,Medium,Stable,High,2.2,3.1,1.6,1.7,2.4,1,3,3.5,2.5,Africa,2021-02-26
Refugees from Mali in Mauritania,MRT002,Mauritania,MRT,International displacement,2.2,3,Medium,Stable,Low,2.4,0,3.2,2.15,1.3,3,2.1,2.6,1.5,Africa,2021-02-11
Food Security in Mauritania,MRT003,Mauritania,MRT,Drought,2.8,3,Medium,Stable,Low,3.2,4.4,2.3,2.9,2.8,3,2.3,2.6,2,Africa,2021-02-11
Complex crisis in Malawi,MWI002,Malawi,MWI,Complex crisis,2.8,3,Medium,Stable,Medium,3.1,4.3,2.2,3.5,4,3,1.5,2,1,Africa,2021-01-29
International Refugees in Malaysia,MYS001,Malaysia,MYS,International displacement,1.7,2,Low,Stable,High,1.5,1,1.8,1.55,2.1,1,2,1.9,2,Asia,2021-06-27
Food Security Crisis in Namibia,NAM002,Namibia,NAM,Food Security,2.1,3,Medium,Stable,Low,1.5,1.6,1.4,2.85,2.7,3,1.3,1.5,1,Africa,2020-11-26
Boko Haram in Niger,NER002,Niger,NER,Conflict,2.9,3,Medium,Stable,Medium,2.6,1.2,3.1,2.7,2.4,3,3.4,2.6,4,Africa,2021-03-26
Mali/Burkina Faso conflict,NER003,Niger,NER,Conflict,3.2,4,High,Stable,Medium,3,2.4,3.2,3.25,3.5,3,3.4,2.6,4,Africa,2021-03-26
Nigerian Refugees,NER004,Niger,NER,International displacement,2.6,3,Medium,Stable,Medium,2,0.6,2.6,3.05,3.1,3,2.3,2.6,2,Africa,2021-03-26
Complex crisis in Nigeria,NGA001,Nigeria,NGA,Complex crisis,4.1,5,Very High,Stable,Medium,4.1,4.3,4,4,5,3,4.1,3.5,4.5,Africa,2021-06-29
Middle belt conflict,NGA003,Nigeria,NGA,Conflict,2.6,3,Medium,Stable,High,3,2.2,3.3,1.85,2.7,1,3.3,3.5,3,Africa,2021-06-29
Boko Haram crisis in Nigeria,NGA004,Nigeria,NGA,Conflict,4.1,5,Very High,Stable,Medium,3.9,2.1,4.5,4.4,4.8,4,3.8,3.5,4,Africa,2021-06-29
Northwest Banditry,NGA007,Nigeria,NGA,Other type of violence,2.7,3,Medium,Increasing,High,3.2,2.7,3.4,1.85,2.7,1,3.5,3.5,3.5,Africa,2021-06-29
Cameroonian Refugees in Nigeria,NGA008,Nigeria,NGA,International displacement,1.9,2,Low,Decreasing,High,1.6,2,1.4,1.2,1.4,1,3.3,3.5,3,Africa,2021-06-29
Socioeconomic crisis in Nicaragua,NIC001,Nicaragua,NIC,Political and economic crisis,x,x,x,-,Low,2.9,4.1,2,x,x,x,2.3,2.9,1.5,Americas,2021-01-28
Hurricane Eta and Iota in Nicaragua,NIC002,Nicaragua,NIC,Tropical cyclone,2.2,3,Medium,Stable,High,2.6,2.7,2.5,1.7,1.4,2,2.7,2.9,2.5,Americas,2021-01-28
Complex crisis in Pakistan,PAK001,Pakistan,PAK,Complex crisis,3.8,4,High,Increasing,High,4.4,5,4,3.5,5,2,3.6,3.2,4,Asia,2021-06-30
Kashmir conflict in Pakistan,PAK004,Pakistan,PAK,Conflict,x,x,x,-,Low,1.4,1,1.6,x,x,x,3.1,3.2,3,Asia,2021-06-30
Venezuela displacement in Peru,PER002,Peru,PER,International displacement,2.7,3,Medium,Stable,Medium,2.6,2.8,2.5,3.25,3.5,3,1.9,2.3,1.5,Americas,2021-01-29
Mindanao conflict,PHL003,Philippines,PHL,Conflict,2.4,3,Medium,Increasing,High,2.8,2.9,2.8,1.7,2.4,1,3.1,3.1,3,Asia,2021-06-29
Complex crisis in DPRK,PRK001,DPRK,PRK,Complex crisis,3.8,4,High,Increasing,Medium,4,4.6,3.6,4.5,5,4,2.5,2.9,2,Asia,2021-06-17
Conflict in Palestine,PSE002,Palestine,PSE,Conflict,4.1,5,Very High,Stable,High,4,3.4,4.3,4.65,4.3,5,3.4,2.6,4,Middle east,2021-06-30
Regional Boko Haram Crisis,REG001,"Nigeria,Niger,Chad,Cameroon","NGA,NER,TCD,CMR",Regional crisis,4.2,5,Very High,Increasing,High,4,2.3,4.5,4.45,4.9,4,3.8,3.5,4,"Africa,Africa,Africa,Africa",2021-03-26
Venezuela Regional Crisis,REG002,"Venezuela,Brazil,Colombia,Ecuador,Peru,Trinidad and Tobago","VEN,BRA,COL,ECU,PER,TTO",Regional crisis,3.6,4,High,Stable,Low,4.1,2.9,4.5,4,5,3,2.6,2.6,2.5,"Americas,Americas,Americas,Americas,Americas,Americas",2021-01-28
Regional Kashmir conflict,REG003,"India,Pakistan","IND,PAK",Regional crisis,x,x,x,-,Very Low,3.5,2.1,4,x,x,x,2.9,2.8,3,"Asia,Asia",2021-03-23
Syrian Regional Crisis,REG004,"Syria,Turkey,Iraq,Egypt,Jordan,Lebanon","SYR,TUR,IRQ,EGY,JOR,LBN",Regional crisis,4.5,5,Very High,Increasing,High,4,3.1,4.3,5,5,5,4.1,3.6,4.5,"Middle east,Middle east,Middle east,Africa,Middle east,Middle east",2021-06-30
Eastern Mediterranean Route ,REG006,"Turkey,Greece","TUR,GRC",Regional crisis,x,x,x,-,Very Low,x,x,2.5,x,x,x,2.5,2.5,2.5,"Middle east,Europe",2021-06-30
Central Mediterranean Route,REG007,"Algeria,Tunisia,Libya,Italy","DZA,TUN,LBY,ITA",Regional crisis,x,x,x,-,Very Low,x,x,4,x,x,x,3.1,2.6,3.5,"Africa,Africa,Africa,Europe",2021-03-31
Western Mediterranean Route,REG008,"Algeria,Morocco,Spain","DZA,MAR,ESP",Regional crisis,x,x,x,-,Very Low,x,x,3.2,x,x,x,2.4,2.7,2,"Africa,Africa,Europe",2021-03-31
Rohingya Regional Crisis,REG011,"Bangladesh,Myanmar","BGD,MMR",Regional crisis,3.6,4,High,Stable,High,3.1,1.4,3.7,3.85,3.7,4,3.5,3,4,"Asia,Asia",2021-03-23
Southern Africa Regional Food Security Crisis,REG012,"Lesotho,Madagascar,Malawi,Mozambique,Namibia,Eswatini,Zambia,Zimbabwe","LSO,MDG,MWI,MOZ,NAM,SWZ,ZMB,ZWE",Regional crisis,3.6,4,High,Increasing,High,3.2,3.8,2.9,4,5,3,3.1,2.7,3.5,"Africa,Africa,Africa,Africa,Africa,Africa,Africa,Africa",2021-03-26
Nagorno-Karabakh Conflict,REG013,"Armenia,Azerbaijan","ARM,AZE",Regional crisis,x,x,x,-,Low,2.7,2.6,2.7,x,x,x,2.8,2.6,3,"Middle east,Middle east",2021-01-27
Burundi and DRC refugees in Rwanda,RWA002,Rwanda,RWA,International displacement,1.9,2,Low,Stable,Medium,2.6,2.1,2.8,1.45,1.9,1,2.1,2.6,1.5,Africa,2021-01-29
Refugees in Sudan,SDN005,Sudan,SDN,International displacement,3.5,4,High,Decreasing,Very High,3.3,2.1,3.8,3.7,3.4,4,3.3,4,2.5,Africa,2021-06-28
Floods in Sudan ,SDN006,Sudan,SDN,Flood,2.6,3,Medium,Decreasing,Medium,3.7,4.6,3.1,1.1,1.2,1,3.5,4,3,Africa,2021-01-28
Refugees from Ethiopia,SDN007,Sudan,SDN,International displacement,2.5,3,Medium,Stable,Very High,3,2.4,3.3,1.7,1.4,2,3.3,4,2.5,Africa,2021-06-28
Violence West-Darfur,SDN008,Sudan,SDN,Other type of violence,2.9,3,Medium,-,High,3.3,1.1,4,2.5,2,3,3.2,4,2,Africa,2021-04-30
Drought in Senegal,SEN002,Senegal,SEN,Drought,2.4,3,Medium,Stable,Medium,2.7,4.5,1.2,2.4,2.8,2,2.2,1.8,2.5,Africa,2021-01-29
Complex crisis in El Salvador,SLV001,El Salvador,SLV,Complex crisis,3,3,Medium,Stable,Medium,3.6,3.8,3.5,3,3,3,2.5,2.4,2.5,Americas,2021-01-28
Complex crisis in Somalia,SOM001,Somalia,SOM,Complex crisis,4.4,5,Very High,Increasing,High,4.7,4.6,4.8,4.3,4.6,4,4.2,3.9,4.5,Africa,2021-03-24
Mixed Migration Flows in Somalia,SOM002,Somalia,SOM,International displacement,1.8,2,Low,Decreasing,Very High,1.9,0.9,2.3,0.85,0.7,1,3.3,3.9,2.5,Africa,2021-05-24
Floods in Somalia,SOM004,Somalia,SOM,Flood,3,3,Medium,Decreasing,High,2.5,2,2.7,2.85,2.7,3,3.5,3.9,3,Africa,2021-06-15
Complex crisis in South Sudan,SSD001,South Sudan,SSD,Complex crisis,4.3,5,Very High,Stable,High,4.7,4.6,4.7,4.45,4.9,4,3.6,3.7,3.5,Africa,2021-02-22
Food Security Crisis in Eswatini,SWZ001,Eswatini,SWZ,Food Security,2.7,3,Medium,Stable,Low,2.2,3.1,1.6,3.3,2.6,4,2.1,3,1,Africa,2021-02-25
Syrian conflict,SYR001,Syria,SYR,Complex crisis,4.9,5,Very High,Increasing,Very High,4.8,4.5,4.9,5,5,5,4.8,4.5,5,Middle east,2021-06-30
Boko Haram in Chad,TCD003,Chad,TCD,Conflict,3.6,4,High,Stable,Medium,3.1,0.6,3.9,3.8,2.6,5,3.7,3.4,4,Africa,2021-03-26
CAR refugees in Chad,TCD004,Chad,TCD,International displacement,3.3,4,High,Stable,Medium,2.8,1.9,3.2,3.65,3.3,4,3.2,3.4,3,Africa,2021-03-26
Darfur refugees in Chad,TCD005,Chad,TCD,International displacement,3.2,4,High,Stable,Medium,2.5,1.7,2.9,3.7,3.4,4,3,3.4,2.5,Africa,2021-03-26
Tibesti Conflict in Chad,TCD006,Chad,TCD,Conflict,2.5,3,Medium,Stable,Medium,2.4,1.3,2.8,2.2,0.4,4,3,3.4,2.5,Africa,2021-03-26
Conflict in southern Thailand ,THA002,Thailand,THA,Conflict,x,x,x,-,Very Low,2.6,1.1,3.2,x,x,x,2.1,2.7,1.5,Asia,2021-06-15
Myanmar refugees in Thailand,THA003,Thailand,THA,International displacement,2.3,3,Medium,Stable,Medium,2.5,0,3.4,2.3,1.6,3,2.1,2.7,1.5,Asia,2021-06-15
Tropical Cyclone Seroja,TLS002,Timor Leste,TLS,Tropical cyclone,1.3,2,Low,-,Very High,2.2,3.1,1.6,0.5,0,1,1.7,1.3,2,Asia,2021-05-27
Venezuelan refugees in Trinidad and Tobago,TTO002,Trinidad and Tobago,TTO,International displacement,1.8,2,Low,Stable,Medium,2.6,2.9,2.4,1.15,1.3,1,2,1.9,2,Americas,2020-11-29
Mixed migration flows in Tunisia,TUN002,Tunisia,TUN,International displacement,x,x,x,-,Low,4.2,4.3,4.1,x,x,x,1.8,2.4,1,Africa,2021-06-28
Syrian Refugees in Turkey,TUR002,Turkey,TUR,International displacement,3.3,4,High,Stable,High,3.7,2.9,4,3.45,3.9,3,2.9,3.2,2.5,Middle east,2021-06-30
Mixed Migration Flows in Turkey,TUR003,Turkey,TUR,International displacement,3.2,4,High,Stable,High,3.1,3.1,3.1,3.5,4,3,2.9,3.2,2.5,Middle east,2021-06-30
Kurdish Conflict,TUR004,Turkey,TUR,Conflict,x,x,x,-,Medium,2.7,2.4,2.8,x,x,x,3.1,3.2,3,Middle east,2021-06-30
International Displacement in Tanzania,TZA002,Tanzania,TZA,International displacement,1.7,2,Low,Stable,High,2,2.3,1.9,1.7,2.4,1,1.6,1.7,1.5,Africa,2021-01-29
International Displacement in Uganda,UGA005,Uganda,UGA,International displacement,3,3,Medium,Stable,Medium,3.3,2.1,3.7,3.3,3.6,3,2.3,3,1.5,Africa,2020-11-29
Conflict in Ukraine,UKR002,Ukraine,UKR,Conflict,3.5,4,High,Stable,High,3.2,1.7,3.7,4.1,4.2,4,2.7,2.3,3,Europe,2021-03-31
La Soufrière Volcano Eruption,VCT002,St. Vincent and the Grenadines,VCT,Volcano,1.5,2,Low,-,Very High,1.5,1.1,1.7,1.6,0.2,3,1.4,0.7,2,Americas,2021-04-28
Complex crisis in Venezuela,VEN001,Venezuela,VEN,Complex crisis,4.1,5,Very High,Stable,Medium,5,4.9,5,4,5,3,3.3,3.6,3,Americas,2021-01-28
Conflict in Yemen,YEM001,Yemen,YEM,Complex crisis,4.9,5,Very High,Increasing,High,5,4.9,5,5,5,5,4.5,3.8,5,Middle east,2021-05-19
Mixed migration flows in Yemen,YEM002,Yemen,YEM,International displacement,2.5,3,Medium,Decreasing,High,3,3.5,2.7,1.45,1.9,1,3.7,3.8,3.5,Middle east,2021-05-26
Drought in Zambia,ZMB002,Zambia,ZMB,Drought,2.7,3,Medium,Stable,Low,2.4,3.1,2,3.35,3.7,3,1.7,1.8,1.5,Africa,2020-12-17
Complex crisis in Zimbabwe,ZWE001,Zimbabwe,ZWE,Complex crisis,3.5,4,High,Stable,High,3.2,4.6,2.2,3.85,4.7,3,3.2,2.9,3.5,Africa,2021-03-26
