,,,,,,,,
Crisis ID,Reliability Index,Data Reliability,Recentness data,Information gaps,Data Reliability,Recentness data (# days),Information gaps (# indicator missing),Reliability
AFG001,0.4,1,0.2,0,1.4,17.1,0,Very High
AFG006,1.4,1.8,0.7,1.7,1.7,53.7,1,High
AGO002,2.3,1.8,5,0,1.7,427.7,0,Medium
ARM002,0.9,2.5,0.3,0,2,19.9,0,Very High
AZE002,2.4,3.8,1.6,1.7,2.5,118.6,1,Medium
BDI001,0.8,2,0.4,0,1.8,27.1,0,Very High
BFA002,0.7,0.3,1.8,0,1.1,131.9,0,Very High
BGD002,0.9,1.8,0.8,0,1.7,56.9,0,Very High
BGD009,1,2,0.9,0,1.8,64.8,0,Very High
BGD010,0.5,1.5,0.1,0,1.6,11.2,0,Very High
BGD011,0.9,2,0.6,0,1.8,44.8,0,Very High
BGR002,1.1,3,0.2,0,2.2,13.4,0,High
BLR002,0.8,2.3,0.2,0,1.9,13.4,0,Very High
BRA001,0.6,1.8,0.1,0,1.7,5.5,0,Very High
BRA002,0.8,2.3,0.1,0,1.9,5.5,0,Very High
BRA003,1.3,3.8,0.1,0,2.5,5.5,0,High
BRA004,1.2,1.8,0.1,1.7,1.7,5.5,1,High
CAF001,0.9,2,0.8,0,1.8,56.3,0,Very High
CHL002,1,2,1.1,0,1.8,79.3,0,Very High
CMR001,0.8,1,1.3,0,1.4,97.5,0,Very High
CMR002,0.7,0.8,1.3,0,1.3,97.5,0,Very High
CMR003,0.8,1,1.3,0,1.4,97.5,0,Very High
CMR004,0.8,1,1.3,0,1.4,97.5,0,Very High
COD001,0.6,0.3,1.4,0,1.1,101.3,0,Very High
COG001,1.4,1.8,2.3,0,1.7,166.7,0,High
COL001,0.5,0.5,1.1,0,1.2,80.2,0,Very High
COL002,0.9,2.3,0.4,0,1.9,32.2,0,Very High
CRI002,2.2,2.3,0.9,3.3,1.9,67.5,2,Medium
CZE002,0.8,2.3,0.2,0,1.9,13.4,0,Very High
DJI001,1,2.3,0.6,0,1.9,44.9,0,Very High
DJI002,0.9,2,0.6,0,1.8,44.9,0,Very High
DJI003,1,2.3,0.6,0,1.9,44.9,0,Very High
DOM002,2.2,2.3,1,3.3,1.9,74.8,2,Medium
DZA002,1.2,2.5,1.1,0,2,80.6,0,High
DZA003,2.6,4.3,1.9,1.7,2.7,142.2,1,Medium
DZA004,1.6,3.5,1.4,0,2.4,103.6,0,High
ECU002,1,2,1,0,1.8,71,0,Very High
EGY004,0.9,2.5,0.3,0,2,19.8,0,Very High
ERI001,1.4,3,1.2,0,2.2,88.2,0,High
ESP002,1.2,2.5,1.1,0,2,81.4,0,High
EST002,0.8,2.3,0.2,0,1.9,13.4,0,Very High
ETH001,1,2.3,0.8,0,1.9,60.8,0,Very High
ETH003,2.1,2.8,1.8,1.7,2.1,135.5,1,Medium
ETH004,1.3,2.8,1.1,0,2.1,83,0,High
ETH005,1.3,2.5,1.5,0,2,111.8,0,High
GRC002,1.7,2.5,2.5,0,2,185.6,0,High
GTM001,1.5,2.3,2.1,0,1.9,153.1,0,High
HND001,1.5,2.3,2.2,0,1.9,159.3,0,High
HTI001,1.1,0.5,2.7,0,1.2,197.3,0,High
HTI002,1.5,2.3,2.3,0,1.9,171.4,0,High
HUN002,0.8,2.3,0.1,0,1.9,11.8,0,Very High
IDN002,1.3,3.5,0.3,0,2.4,26.4,0,High
IND002,3.7,2.8,5,3.3,2.1,727,2,Low
IRN004,4,4,4.7,3.3,2.6,344.2,2,Low
IRQ001,1.3,2,1.9,0,1.8,139.1,0,High
IRQ002,1.5,2.5,2,0,2,147.4,0,High
IRQ003,1.5,2,2.5,0,1.8,185.9,0,High
ITA002,1.1,2.3,1.1,0,1.9,81.4,0,High
JOR002,1.8,3.5,1.8,0,2.4,132.6,0,High
KEN001,1.9,3.5,0.6,1.7,2.4,43.1,1,High
KEN002,1.6,2,1.1,1.7,1.8,84.5,1,High
KEN003,1.6,2.3,0.8,1.7,1.9,61.1,1,High
LAO003,0.9,1.8,0.8,0,1.7,62,0,Very High
LBN002,1.4,2,2.2,0,1.8,161.1,0,High
LBN004,1.3,2,2,0,1.8,149.2,0,High
LBY001,0.8,2.3,0.2,0,1.9,13.8,0,Very High
LBY002,0.9,2,0.8,0,1.8,56,0,Very High
LBY003,0.7,1.8,0.2,0,1.7,13.9,0,Very High
LKA001,0.8,1.5,0.8,0,1.6,57.4,0,Very High
LKA002,1.4,1.5,0.9,1.7,1.6,67.2,1,High
LKA003,0.9,1.8,0.9,0,1.7,63.7,0,Very High
LTU002,0.8,2.3,0.2,0,1.9,13.4,0,Very High
LVA002,0.8,2.3,0.2,0,1.9,13.4,0,Very High
MAR001,1.4,3.8,0.5,0,2.5,38.9,0,High
MAR002,1.7,4,1.1,0,2.6,81.1,0,High
MAR003,1.2,3,0.5,0,2.2,38.9,0,High
MDA002,0.7,2,0.1,0,1.8,11.8,0,Very High
MDG001,0.7,1.8,0.4,0,1.7,26.5,0,Very High
MDG002,0.9,2.3,0.4,0,1.9,26.5,0,Very High
MDG008,0.9,2.3,0.4,0,1.9,26.5,0,Very High
MEX001,1.9,4,1.7,0,2.6,121.4,0,High
MEX002,2.3,3.8,3.1,0,2.5,226.1,0,Medium
MEX003,1.6,3.8,1,0,2.5,76.3,0,High
MLI001,1.2,0.5,3.1,0,1.2,227.3,0,High
MMR001,0.9,2,0.7,0,1.8,50.4,0,Very High
MMR002,0.9,2,0.7,0,1.8,50.4,0,Very High
MMR003,0.9,2,0.7,0,1.8,50.4,0,Very High
MMR004,1,2.3,0.7,0,1.9,50.4,0,Very High
MMR005,1.7,2.5,0.8,1.7,2,62.8,1,High
MOZ001,1,2.8,0.3,0,2.1,26.4,0,Very High
MOZ004,1.1,3,0.3,0,2.2,26.4,0,High
MOZ010,0.9,2.3,0.3,0,1.9,26.4,0,Very High
MRT002,0.7,1.5,0.7,0,1.6,53.3,0,Very High
MRT003,1.7,0.8,2.5,1.7,1.3,183.2,1,High
MWI002,0.7,1.8,0.4,0,1.7,29.7,0,Very High
MWI005,1,2.5,0.4,0,2,29.7,0,Very High
MYS001,1.5,2.8,1.8,0,2.1,135.6,0,High
NAM002,2.1,1.5,3.2,1.7,1.6,237.5,1,Medium
NER001,0.7,0.3,1.8,0,1.1,132.3,0,Very High
NER002,0.7,0.3,1.8,0,1.1,132.3,0,Very High
NER003,0.7,0.3,1.8,0,1.1,132.3,0,Very High
NER004,0.7,0.3,1.8,0,1.1,132.3,0,Very High
NGA001,1.5,4,0.4,0,2.6,30.8,0,High
NGA003,2.5,3.8,3.8,0,2.5,279.7,0,Medium
NGA004,2.6,2.3,3.7,1.7,1.9,268.2,1,Medium
NGA007,2.2,3.3,3.4,0,2.3,251.3,0,Medium
NGA008,1.6,2.3,0.9,1.7,1.9,65.5,1,High
NIC001,1.8,2.3,1.5,1.7,1.9,108.3,1,High
PAK001,1.8,1.8,3.5,0,1.7,253.6,0,High
PAK004,3.2,1.3,5,3.3,1.5,641.4,2,Low
PAK005,1.8,2.5,2.9,0,2,214,0,High
PAN002,1.2,2.5,1.1,0,2,84.3,0,High
PER002,1,2,1.1,0,1.8,80.1,0,Very High
PHL003,1.8,3.3,0.5,1.7,2.3,37.5,1,High
PNG001,1.4,2.3,0.1,1.7,1.9,10.4,1,High
PNG003,0.7,2,0.1,0,1.8,11.8,0,Very High
PNG004,0.9,2.3,0.3,0,1.9,20,0,Very High
POL002,0.7,2,0.1,0,1.8,11.8,0,Very High
PRK001,2.6,3.5,4.2,0,2.4,305.8,0,Medium
PSE002,0.8,2.3,0,0,1.9,3.4,0,Very High
PSE003,0.2,0.5,0.1,0,1.2,10.1,0,Very High
PSE004,0.8,2.3,0,0,1.9,3.4,0,Very High
REG001,0.7,0.3,1.8,0,1.1,131.1,0,Very High
REG002,2.6,2.8,5,0,2.1,460.2,0,Medium
REG003,2.8,3.3,5,0,2.3,1019.8,0,Medium
REG004,2.3,2.5,4.4,0,2,320.7,0,Medium
REG006,2.3,2.8,2.4,1.7,2.1,175.3,1,Medium
REG007,1.1,2.3,1,0,1.9,77.2,0,High
REG008,1.1,2.3,1,0,1.9,77.2,0,High
REG011,0.8,2,0.4,0,1.8,31.4,0,Very High
REG012,0.5,1.3,0.1,0,1.5,5.2,0,Very High
REG013,0.9,2.5,0.2,0,2,19,0,Very High
REG014,1.2,2.3,1.2,0,1.9,90.3,0,High
REG015,1.6,4,0.8,0,2.6,62.3,0,High
ROU002,0.7,2,0.2,0,1.8,14.1,0,Very High
RUS002,1.3,3.8,0.1,0,2.5,11.9,0,High
RWA002,1,3,0.1,0,2.2,7,0,Very High
SDN001,0.5,0.8,0.6,0,1.3,44.1,0,Very High
SDN005,1.2,1.5,2.2,0,1.6,163,0,High
SEN002,0.8,0.3,2.2,0,1.1,159.1,0,Very High
SLV001,1.6,2.3,2.4,0,1.9,176,0,High
SOM001,1.1,1.8,1.6,0,1.7,120.6,0,High
SOM002,1.4,2.5,1.7,0,2,121.4,0,High
SSD001,1.1,2.5,0.9,0,2,67.4,0,High
SVK002,0.8,2.3,0.1,0,1.9,11.8,0,Very High
SWZ001,1.4,2.3,0.1,1.7,1.9,5.5,1,High
SYR001,1.5,1.5,2.9,0,1.6,212.2,0,High
SYR002,2.2,3.8,1.2,1.7,2.5,86.2,1,Medium
TCD001,0.6,0.3,1.4,0,1.1,106.2,0,Very High
TCD003,0.7,0.3,1.8,0,1.1,131.7,0,Very High
TCD004,0.7,0.3,1.8,0,1.1,131.7,0,Very High
TCD005,0.7,0.3,1.8,0,1.1,131.7,0,Very High
THA001,2,2.8,3.2,0,2.1,232.8,0,High
THA002,3.3,2.5,4.1,3.3,2,297.2,2,Low
THA003,2,2.8,3.2,0,2.1,232.8,0,High
TLS003,0.4,0.3,0.8,0,1.1,58.3,0,Very High
TTO002,1.1,2,1.2,0,1.8,90.6,0,High
TUN002,1.1,2.5,0.8,0,2,56.4,0,High
TUR001,1.7,2.5,2.6,0,2,190.6,0,High
TUR002,2.3,2.3,3,1.7,1.9,217.3,1,Medium
TUR003,1.8,2.5,2.8,0,2,203.1,0,High
TUR004,3.4,x,3.4,3.3,x,245.8,2,Low
TUR005,1.7,4,1,0,2.6,77,0,High
TZA001,1,2.5,0.4,0,2,29.5,0,Very High
TZA002,1,2.5,0.4,0,2,29.5,0,Very High
TZA003,1.1,1.5,1.9,0,1.6,136,0,High
UGA005,2.2,2.8,2,1.7,2.1,146.6,1,Medium
UKR002,0.7,2,0.1,0,1.8,11.9,0,Very High
VEN001,0.8,2,0.4,0,1.8,32.2,0,Very High
YEM001,0.5,0.8,0.8,0,1.3,56.4,0,Very High
YEM002,1,2.3,0.6,0,1.9,43.4,0,Very High
ZMB002,1.1,2,1.2,0,1.8,89.1,0,High
ZWE001,1.1,2.5,0.9,0,2,68.3,0,High
