,,,,,,,,,,,,,,,,,,,,,,,,,,,
,,,,,Area affected - absolute,% of total area affected,Area affected - relative,Area affected,People living in the affected area - absolute,% of total population living in the affected area,People living in the affected area - relative,People in the affected area,Geographical,People affected - absolute,% of people affected on the total population exposed,People affected - relative,People affected,People displaced - absolute,% of total population displaced on the total population affected,People displaced - relative,People displaced,Fatalities - absolute,% of fatalities on the total population affected,Fatalities (relative),Crisis related fatalities,People affected by categories,Human
,,,,MAX,6,,1,,7.5,,1,,,7.5,,1,,6.5,,0.15,,3.5,,0.0001,,,
,,,,MIN,3,,0.02,,6,,0.01,,,4.5,,0.01,,3,,0,,0,,0,,,
CRISIS,DRIVERS,CRISIS ID,COUNTRY,Iso3,,,,,,,,,,,,,,,,,,,,,,,
Complex crisis in Afghanistan,"Conflict,Violence,Displacement,Drought,Earthquake,Socio-political",AFG001,Afghanistan,AFG,4.7,1.00097664934149,5,4.85,5,1,5,5,4.9,5,1,5,5,5,0.5316705336426915,5,5,4.7,4.4941995359628774e-05,2.2,3.5,4.4,4.7
Earthquake in Herat Province,Earthquake,AFG006,Afghanistan,AFG,2.9,0.08398571056222498,0.3,1.5999999999999999,1.8,0.08120649651972157,0.4,1.1,1.4,2.8,0.45714285714285713,2.3,2.55,x,x,x,x,4.5,0.00092625,5,4.8,4.8,3.9
Drought in South-West Angola,Drought,AGO002,Angola,AGO,5,1,5,5,1.5,0.07971014492753623,0.4,0.95,3.7,3.1,0.8243636363636364,4.1,3.5999999999999996,0,0,0,0,0,0,0,0,0,2.2
Nagorno-Karabakh Conflict in Armenia,"Conflict,Displacement",ARM002,Armenia,ARM,2,0.581524411661398,2.9,2.45,1.1,0.6901860166773572,3.4,2.25,2.4,1.6,0.13429368029739777,0.6,1.1,3,0.47058823529411764,5,4,1.4,3.1141868512110726e-05,1.6,1.5,3,2.2
Nagorno-Karabakh conflict in Azerbaijan,"Conflict,Displacement",AZE002,Azerbaijan,AZE,2,0.19912885662431942,0.9,1.45,0,0.09075462268865567,0.4,0.2,0.9,1.4,0.22687224669603523,1.1,1.25,3,0.6262135922330098,5,4,3.9,0.002669902912621359,5,4.5,4.3,3.1
Complex in Burundi,"Violence,Displacement,Floods",BDI001,Burundi,BDI,2.3,1,5,3.65,3.6,1,5,4.3,4,3.9,0.5526080234355928,2.7,3.3,4,0.0862906788396407,2.9,3.5,2.9,1.619790899720218e-05,0.8,1.9,2.8,3.1
Conflict in Burkina Faso,"Conflict,Displacement,Violence",BFA002,Burkina Faso,BFA,3.7,0.6067251461988304,3,3.35,4.4,1,5,4.7,4.1,3.6,0.21442169290058968,1,2.3,4.8,0.47812906019922047,5,4.9,5,0.0008003464703334777,5,5,5,4
Rohingya refugee crisis,"Conflict,Violence,Displacement",BGD002,Bangladesh,BGD,0,0.005611584850580011,0,0,0.6,0.008840697653995,0,0.3,0.2,2.8,1,5,3.9,4.3,0.6437086092715232,5,4.7,2.2,2.3841059602649006e-05,1.2,1.7,3.6,3.8
Complex crisis in Bangladesh,"Socio-political,Displacement,Floods,Cyclone,Food Security,Epidemic,Other seasonal event",BGD010,Bangladesh,BGD,3.6,1.1336713528462778,5,4.3,5,0.9999882904666835,5,5,4.7,5,0.9005673335323977,4.5,4.75,4.4,0.007691007437457742,0.3,2.4,2.8,5.851146824777657e-07,0,1.4,1.9,3.7
Displacement from Russia-Ukraine conflict in Bulgaria,"Conflict,Displacement",BGR002,Bulgaria,BGR,3.4,1,5,4.2,2.7,1,5,3.85,4,0.4,0.008131328628413623,0,0.2,2.5,1,5,3.8,0,0,0,0,2.3,1.4
Displacement from Russia-Ukraine conflict in Belarus,"Displacement,Conflict",BLR002,Belarus,BLR,3.9,1.0228233555062822,5,4.45,3.2,1,5,4.1,4.3,0.2,0.0043159257660768235,0,0.1,2.3,1,5,3.7,0,0,0,0,2.3,1.3
Country level Brazil,"Displacement,Floods",BRA001,Brazil,BRA,5,1,5,5,5,0.5624091438974888,2.8,3.9,4.5,2.8,0.012007201017391448,0,1.4,2.4,0.0343878954607978,1.1,1.8,2.4,3.163686382393397e-05,1.6,2,1.9,1.7
Venezuela displacement in Brazil,Displacement,BRA002,Brazil,BRA,5,0.4249220520355007,2.1,3.55,5,0.45655859144594146,2.3,3.65,3.6,2,0.005076142131979695,0,1,1.8,0.03406813627254509,1.1,1.5,0,0,0,0,0.8,0.9
Floods in rainy season 2022,Floods,BRA003,Brazil,BRA,4.3,0.04515801362504098,0.1,2.1999999999999997,4.3,0.08754696650922146,0.4,2.35,2.3,1.8,0.01883289124668435,0,0.9,1.9,0.056338028169014086,1.9,1.9,2.4,0.0001295774647887324,5,3.7,2.9,2
Drought in the Amazonas,Drought,BRA004,Brazil,BRA,5,0.18655538193904386,0.8,2.9,2,0.018303585942325822,0,1,2.1,2.1,0.1522456229383405,0.7,1.4,1.5,0.02,0.7,1.1,x,x,x,x,1.1,1.3
Complex crisis in CAR,"Conflict,Displacement",CAF001,CAR,CAF,4.7,1,5,4.85,2.6,1,5,3.8,4.4,3.8,1,5,4.4,4.6,0.26704918032786884,5,4.8,3.5,4.5737704918032786e-05,2.3,2.9,4,4.2
Venezuela displacement in Chile,Displacement,CHL002,Chile,CHL,4.8,1,5,4.9,4.3,1,5,4.65,4.8,4.4,0.6698122832075086,3.3,3.85,3.9,0.03792551976239433,1.3,2.6,1.7,1.1423349326022389e-06,0.1,0.9,1.8,3
Multiple crises in Cameroon,"Conflict,Displacement",CMR001,Cameroon,CMR,4.5,1.0057752110173257,5,4.75,4.7,0.9142368898857204,4.6,4.65,4.7,3.5,0.14988317757009345,0.7,2.1,4.8,0.6040530007794233,5,4.9,3.9,0.0001426344505066251,5,4.5,4.7,3.7
Lake Chad basin crisis in Cameroon,Conflict,CMR002,Cameroon,CMR,2.6,0.07301093693808043,0.3,1.45,2.4,0.18437822635195272,0.9,1.65,1.6,2.8,0.30025101370921026,1.5,2.15,4.1,0.5144694533762058,5,4.6,3.5,0.00017299035369774919,5,4.3,4.5,3.6
Anglophone Crisis in Cameroon,Conflict,CMR003,Cameroon,CMR,3.2,0.18620084195384062,0.8,2,3.9,0.528712307308911,2.6,3.25,2.7,2.9,0.11352770857181335,0.5,1.7,4.4,0.693950177935943,5,4.7,3.2,0.0001073546856465006,5,4.1,4.4,3.3
CAR refugees in Cameroon,"Conflict,Displacement",CMR004,Cameroon,CMR,3.9,0.48934441835374753,2.4,3.15,2.5,0.20114635622485671,1,1.75,2.5,2.1,0.10743362831858407,0.5,1.3,3.6,0.5848434925864909,5,4.3,0.7,4.942339373970346e-06,0.2,0.5,2.9,2.2
Complex crisis in DRC,"Conflict,Displacement,Socio-political",COD001,DRC,COD,5,1.0343221366974702,5,5,5,1,5,5,5,4.9,0.24339681721063877,1.2,3.0500000000000003,5,0.4097393015248401,5,5,4.6,6.693404971811268e-05,3.3,4,4.6,4
Complex crisis in Congo,Conflict,COG001,Congo,COG,4.2,1,5,4.6,2.5,1,5,3.75,4.2,1.6,0.050517241379310344,0.2,0.9,3.4,0.78839590443686,5,4.2,0,0,0,0,2.7,1.9
Complex crisis in Colombia,"Socio-political,Conflict,Violence,Floods,Displacement",COL001,Colombia,COL,5,1,5,5,5,1,5,5,5,4.2,0.18992248062015504,0.9,2.5500000000000003,5,0.7063265306122449,5,5,4.3,0.00010357142857142858,5,4.7,4.9,4
Venezuela displacement in Colombia,Displacement,COL002,Colombia,COL,2.6,0.031101397025687247,0.1,1.35,4.7,0.49498062015503874,2.4,3.55,2.6,4.7,0.8738107356798872,4.4,4.550000000000001,5,0.13173223407115334,4.4,4.7,1.6,5.824894703826508e-07,0,0.8,3.3,4
Nicaraguan refugees in Costa Rica,Displacement,CRI002,Costa Rica,CRI,0,0.01964355660007834,0,0,1.3,0.4495597945707997,2.2,1.75,0.9,1.5,0.09587923296613628,0.4,0.95,3.4,1,5,4.2,2.9,0.000425531914893617,5,4,4.1,2.9
Displacement from Russia-Ukraine conflict in Czechia,"Conflict,Displacement",CZE002,Czech Republic,CZE,3.1,1.0000025911166157,5,4.05,3.5,1,5,4.25,4.2,1.8,0.03403330919623461,0.1,0.9500000000000001,3.7,1,5,4.4,0,0,0,0,2.8,2
Multiple crises in Djibouti,"Displacement,Drought",DJI001,Djibouti,DJI,2.3,1,5,3.65,0.2,1,5,2.6,3.2,2.3,0.6065989847715736,3,2.65,2.2,0.0502092050209205,1.7,2,0,0,0,0,1.1,1.9
Mixed migration in Djibouti,Displacement,DJI002,Djibouti,DJI,1.4,0.31492666091458155,1.5,1.45,0,0.571912013536379,2.8,1.4,1.4,0,0.04437869822485207,0.2,0.1,2.1,1,5,3.6,0,0,0,0,2.2,1.3
Drought in Djibouti,Drought,DJI003,Djibouti,DJI,2.3,1,5,3.65,0.2,1,5,2.6,3.2,2.2,0.5812182741116751,2.9,2.55,1.1,0.008733624454148471,0.3,0.7,0,0,0,0,0.4,1.6
Venezuela displacement in Dominican Republic,Displacement,DOM002,Dominican Republic,DOM,2.8,1.0163893038227683,5,3.9,3.5,1,5,4.25,4.1,1,0.011042835515183898,0,0.5,3,1,5,4,x,x,x,x,4,2.7
Mixed migration flows in Algeria,Displacement,DZA002,Algeria,DZA,5,1,5,5,5,1,5,5,5,1.5,0.005717639897386843,0,0.75,3.5,1,5,4.3,2,0.00010266159695817491,5,3.5,3.9,2.7
Sahrawi refugees in Algeria,Displacement,DZA003,Algeria,DZA,3.7,0.06675788845218687,0.2,1.9500000000000002,0,0.004848036871168312,0,0,1.1,1.2,0.7802690582959642,3.9,2.55,x,x,x,x,0,5.747126436781609e-06,0.3,0.2,0.2,1.5
Multiple crises in Algeria,Displacement,DZA004,Algeria,DZA,5,1,5,5,5,1.0048480368711683,5,5,5,1.9,0.009454576923909046,0,0.95,3.5,0.6018306636155606,5,4.3,2.2,7.322654462242563e-05,3.7,3,3.7,2.6
Venezuela displacement in Ecuador,Displacement,ECU002,Ecuador,ECU,4,1,5,4.5,4.2,1,5,4.6,4.6,4,0.4217543469807233,2.1,3.05,3.8,0.06256585879873551,2.1,3,0,0,0,0,1.7,2.4
Refugees in Egypt,"Displacement,Conflict",EGY004,Egypt,EGY,3.3,0.0914880405846602,0.4,1.8499999999999999,5,1,5,5,3.9,2,0.0042210418938407965,0,1,3.8,1,5,4.4,1.8,3.541666666666667e-05,1.8,1.8,3.4,2.4
Complex crisis in Eritrea,"Socio-political,Displacement",ERI001,Eritrea,ERI,3.5,1.000001652335411,5,4.25,1.9,1,5,3.45,3.9,2.6,0.2905441098784997,1.4,2,4,0.5663636363636364,5,4.5,x,x,x,x,4.5,3.5
Mixed migration flows in Spain,Displacement,ESP002,Spain,ESP,3.3,0.2001067769761945,0.9,2.1,5,1,5,5,4,0.5,0.001303835800807537,0,0.25,2.6,1,5,3.8,3.6,0.005225806451612903,5,4.3,4.1,2.7
Displacement from Russia-Ukraine conflict in Estonia,"Conflict,Displacement",EST002,Estonia,EST,2.7,1,5,3.85,0.5,1,5,2.75,3.4,0.3,0.035739814152966405,0.1,0.2,2.4,1,5,3.7,0,0,0,0,2.3,1.4
Complex crisis in Ethiopia,"Displacement,Floods,Conflict",ETH001,Ethiopia,ETH,5,0.9999997341771849,5,5,5,1,5,5,5,5,0.6709772466852185,3.3,4.15,5,0.05138303186607651,1.7,3.4,5,4.126441989335378e-05,2.1,3.6,3.5,3.8
International Displacement,Displacement,ETH003,Ethiopia,ETH,5,0.9999997341771849,5,5,5,1,5,5,5,5,0.3272221312817155,1.6,3.3,4.3,0.022940041449296077,0.8,2.6,x,x,x,x,2.6,3
Northern Ethiopia Conflict,"Conflict,Displacement",ETH004,Ethiopia,ETH,4.1,0.26493673904342596,1.2,2.65,5,0.23852395762692047,1.2,3.1,2.9,5,1,5,5,4.8,0.07349673202614379,2.4,3.6,5,0.00011607843137254902,5,5,4.4,4.7
Drought in Ethiopia,Drought,ETH005,Ethiopia,ETH,4.8,0.694956534868466,3.4,4.1,5,0.4864017959450927,2.4,3.7,3.9,4.8,0.38621794871794873,1.9,3.3499999999999996,4,0.025809128630705395,0.9,2.5,2,9.95850622406639e-07,0,1,1.8,2.7
Mixed migration flows in Greece,Displacement,GRC002,Greece,GRC,1.7,0.07584173778122576,0.3,1,0,0.052805905176492855,0.2,0.1,0.6,0.8,0.17025089605734767,0.8,0.8,2.8,1,5,3.9,1.3,8.421052631578948e-05,4.2,2.8,3.4,2.3
Complex crisis in Guatemala,"Violence,Socio-political,Other seasonal event",GTM001,Guatemala,GTM,3.4,1,5,4.2,4.2,1,5,4.6,4.4,4.1,0.5205681818181818,2.6,3.3499999999999996,2.9,0.0114603798297315,0.4,1.7,3.2,1.844575420213927e-05,0.9,2.1,1.9,2.7
Complex crisis in Honduras,"Violence,Socio-political,Other seasonal event",HND001,Honduras,HND,3.4,1,5,4.2,3.3,1,5,4.15,4.2,3.8,0.5967162647511545,3,3.4,4.1,0.129664660361135,4.3,4.2,3.2,3.233018056749785e-05,1.6,2.4,3.4,3.4
Complex crisis in Haiti,"Earthquake,Violence,Socio-political,Other seasonal event",HTI001,Haiti,HTI,2.4,1,5,3.7,3.5,1,5,4.25,4,4,0.7105263157894737,3.5,3.75,3.1,0.01950617283950617,0.7,1.9,4.1,8.851851851851852e-05,4.4,4.3,3.3,3.5
Nippes Earthquake ,Earthquake,HTI002,Haiti,HTI,1.8,0.46629172714078376,2.3,2.05,2.7,0.5639473684210526,2.8,2.75,2.4,2.2,0.10732617825478301,0.5,1.35,1.8,0.02463768115942029,0.8,1.3,4.8,0.0032579710144927535,5,4.9,3.7,2.7
Displacement from Russia-Ukraine conflict in Hungary,"Conflict,Displacement",HUN002,Hungary,HUN,3.3,1.0192088538242385,5,4.15,3.3,1,5,4.15,4.2,0.5,0.006797816458955608,0,0.25,2.6,1,5,3.8,0,0,0,0,2.3,1.4
Papua Conflict,"Socio-political,Violence",IDN002,Indonesia,IDN,4.4,0.22297417433729155,1,2.7,2.5,0.020124864458778816,0.1,1.3,2.1,3.7,1,5,4.35,2.9,0.018389113644722323,0.6,1.8,2.8,1.6734093416697317e-05,0.8,1.8,1.8,3.3
Conflict in Jammu and Kashmir,Socio-political,IND002,India,IND,3.9,0.07474665258527037,0.3,2.1,3.9,0.010486413246761056,0,1.95,2,x,x,x,x,3.6,x,x,3.6,2.8,x,x,2.8,3.2,3.2
Afghan Refugees in Iran,Displacement,IRN004,Iran,IRN,4,0.14764930662557782,0.7,2.35,4.6,0.2772187664027339,1.3,2.9499999999999997,2.7,3.6,0.18035692704346776,0.9,2.25,5,1,5,5,x,x,x,x,5,4
Multiple crises in Iraq,"Violence,Displacement,Socio-political,Conflict",IRQ001,Iraq,IRQ,4.3,0.8829469649504293,4.4,4.35,5,1,5,5,4.7,3.7,0.12542700467457749,0.6,2.15,5,1.188496685181867,5,5,4.1,0.00012650062712775488,5,4.6,4.8,3.8
Conflict  in Iraq,"Conflict,Socio-political,Violence",IRQ002,Iraq,IRQ,4.3,0.8829469649504293,4.4,4.35,5,0.9817062207838907,4.9,4.95,4.7,3.7,0.12133144086809212,0.6,2.15,5,1.129622641509434,5,5,4.1,0.00013320754716981132,5,4.6,4.8,3.8
Syrian and Palestinian refugees in iraq,Displacement,IRQ003,Iraq,IRQ,2.6,0.08292485165665425,0.3,1.45,2.7,0.14500179791441928,0.7,1.7000000000000002,1.6,2.2,0.10802851828890267,0.5,1.35,3.5,0.4031563845050215,5,4.3,0,0,0,0,2.8,2.1
Mixed migration flows in Italy,Displacement,ITA002,Italy,ITA,2.7,0.13883205902940987,0.6,1.6500000000000001,5,1,5,5,3.9,1.2,0.0026982079826228618,0,0.6,3.1,1,5,4.1,4.5,0.008767295597484277,5,4.8,4.5,3.1
Syrian refugees in Jordan,Displacement,JOR002,Jordan,JOR,2.7,0.45569520463094354,2.2,2.45,3.2,0.7898022892819979,3.9,3.55,3,3.5,0.44126043039086515,2.2,2.85,4.5,0.32819109231152027,5,4.8,1.4,2.2393630256282656e-06,0.1,0.8,3.4,3.1
Multiple crisis in Kenya ,"Drought,Displacement",KEN001,Kenya,KEN,4.6,0.9551779878413045,4.8,4.699999999999999,4.9,0.5286913615306793,2.6,3.75,4.3,4.9,0.9812334239769027,4.9,4.9,4,0.022854796770220336,0.8,2.4,4,2.2717941699739976e-05,1.1,2.6,2.5,4
Refugee situation in Kenya,Displacement,KEN002,Kenya,KEN,2.6,0.06719612046245212,0.2,1.4000000000000001,0.2,0.020979393337001474,0.1,0.15000000000000002,0.8,2.2,0.5270727580372251,2.6,2.4000000000000004,4,1,5,4.5,x,x,x,x,4.5,3.7
Drought in Kenya,Drought,KEN003,Kenya,KEN,4.6,0.9551779878413045,4.8,4.699999999999999,4.9,0.5077119681936778,2.5,3.7,4.3,4.9,1,5,4.95,2.4,0.0015731515469323545,0.1,1.3,3.2,6.082852648138437e-06,0.3,1.8,1.6,3.8
2023 Floods in Laos,Floods,LAO003,Laos,LAO,3.7,0.7311525129982669,3.6,3.6500000000000004,2.6,0.7964530431277711,4,3.3,3.5,0.9,0.018556005398110663,0,0.45,0,0,0,0,1.1,5.4545454545454546e-05,2.7,1.9,1,0.7
Syrian refugees in Lebanon,Displacement,LBN002,Lebanon,LBN,1.7,1.021505376344086,5,3.35,2.5,1,5,3.75,3.6,3.8,1,5,4.4,4.5,0.2631578947368421,5,4.8,0.7,5.263157894736842e-07,0,0.4,3.3,3.9
Socioeconomic crisis in Lebanon,"Socio-political,Violence,Tecnological Disaster",LBN004,Lebanon,LBN,1.7,1.021505376344086,5,3.35,2.5,1,5,3.75,3.6,3.8,1,5,4.4,4.7,0.3291228070175439,5,4.9,3.4,4.456140350877193e-05,2.2,2.8,4.1,4.3
Complex crisis in Libya,"Conflict,Displacement,Socio-political",LBY001,Libya,LBY,5,1,5,5,2.8,1,5,3.9,4.5,3.9,1,5,4.45,4.6,0.2348528563185228,5,4.8,5,0.0008381419503750721,5,5,4.9,4.7
Mixed migration flows in Libya,Displacement,LBY002,Libya,LBY,5,1,5,5,2.8,1,5,3.9,4.5,3.9,1,5,4.45,4.1,0.10949221004039238,3.6,3.9,4.5,0.00020109636468551643,5,4.8,4.4,4.4
Storm Daniel and floods in Libya,"Floods,Other seasonal event",LBY003,Libya,LBY,3.1,0.038548143264716915,0.1,1.6,1,0.2899596076168494,1.4,1.2,1.4,3,1,5,4,2.4,0.022388059701492536,0.7,1.6,5,0.002165174129353234,5,5,3.8,3.9
Multiple crises in Sri Lanka,"Socio-political,Food Security,Floods",LKA001,Sri Lanka,LKA,3,1.0136598771419334,5,4,4.5,1,5,4.75,4.4,4.7,1,5,4.85,0.9,0.00018151291010573128,0,0.5,1,2.268911376321641e-07,0,0.5,0.5,3.4
Socio-economic crisis in Sri Lanka,"Socio-political,Food Security",LKA002,Sri Lanka,LKA,3,1.0136598771419334,5,4,4.5,1,5,4.75,4.4,4.7,1,5,4.85,0,0,0,0,0,0,0,0,0,3.3
2023 Floods and Monsoon Rain,Floods,LKA003,Sri Lanka,LKA,1,0.06834788231490463,0.2,0.6,2.2,0.20098016971457094,1,1.6,1.1,0.6,0.01693384511176338,0,0.3,0.9,0.05333333333333334,1.8,1.4,1,6.666666666666667e-05,3.3,2.2,1.8,1.1
Displacement from Russia-Ukraine conflict in Lithuania,"Conflict,Displacement",LTU002,Lithuania,LTU,3,1,5,4,1.5,1,5,3.25,3.7,0.4,0.018030513176144243,0,0.2,2.5,1,5,3.8,0,0,0,0,2.3,1.4
Displacement from Russia-Ukraine conflict in Latvia,"Conflict,Displacement",LVA002,Latvia,LVA,3,1,5,4,0.9,1,5,2.95,3.5,0.3,0.024402907580477674,0.1,0.2,2.4,1,5,3.7,0,0,0,0,2.3,1.4
Multiple crises in Morocco,"Displacement,Earthquake",MAR001,Morocco,MAR,4.4,1,5,4.7,5,1,5,5,4.9,5,1,5,5,3.9,0.013638155301537249,0.5,2.2,5,8.674287215871765e-05,4.3,4.7,3.7,4.5
Mixed migration flows in Morocco,Displacement,MAR002,Morocco,MAR,4.4,1,5,4.7,5,1,5,5,4.9,5,1,5,5,1.8,0.0004992773617133097,0,0.9,3.6,8.513992905005913e-06,0.4,2,1.5,3.8
Al Haouz Earthquake in Morocco,Earthquake,MAR003,Morocco,MAR,2.9,0.11946224512659646,0.5,1.7,5,1,5,5,3.9,5,1,5,5,3.9,0.01313887793982394,0.4,2.2,5,7.741426882144265e-05,3.9,4.5,3.6,4.4
DIsplacement from Russia-Ukraine conflict in Moldova,"Displacement,Conflict",MDA002,Moldova,MDA,2.5,1,5,3.75,1.4,1,5,3.2,3.5,1,0.04548872180451128,0.2,0.6,3,1,5,4,0,0,0,0,2.5,1.6
Multiple crisis in Madagascar,"Drought,Cyclone",MDG001,Madagascar,MDG,3.9,0.4006428325885184,1.9,2.9,3.2,0.3055465138988347,1.5,2.35,2.6,4.1,1,5,4.55,2.5,0.005646106317247257,0.2,1.4,1.8,1.8110152338340257e-06,0.1,1,1.2,3.3
Drought in Madagascar,Drought,MDG002,Madagascar,MDG,3.6,0.2573942935716741,1.2,2.4,3,0.25167632315604455,1.2,2.1,2.3,3.6,0.6237713398861873,3.1,3.35,1.3,0.0016587186398507154,0.1,0.7,0,0,0,0,0.4,2.1
Tropical cyclone Freddy in Madagascar,Cyclone,MDG008,Madagascar,MDG,3.9,0.4006428325885184,1.9,2.9,3.2,0.3055465138988347,1.5,2.35,2.6,4.1,1,5,4.55,2.4,0.004793863854266539,0.2,1.3,1.8,1.8110152338340257e-06,0.1,1,1.2,3.3
Multiple crisis in Mexico,"Violence,Displacement",MEX001,Mexico,MEX,5,1,5,5,5,1,5,5,5,2.1,0.005126083064502508,0,1.05,4,1,5,4.5,5,0.0066112026359143325,5,5,4.8,3.5
Criminal Violence in Mexico,"Violence,Displacement",MEX002,Mexico,MEX,5,1,5,5,5,1,5,5,5,1.8,0.003200635060043576,0,0.9,3.7,1,5,4.4,5,0.007939313984168866,5,5,4.7,3.4
Mixed Migration in Mexico,Displacement,MEX003,Mexico,MEX,5,0.5966979603384861,2.9,3.95,5,0.48919046734338845,2.4,3.7,3.8,1.4,0.003935988399192087,0,0.7,3.4,1,5,4.2,4.3,0.004403508771929824,5,4.7,4.5,3.1
Complex crisis in Mali,Conflict,MLI001,Mali,MLI,5,1.0163908899433696,5,5,4.5,1,5,4.75,4.9,4.4,0.5944700460829493,3,3.7,4.5,0.11457364341085272,3.8,4.2,4.9,0.00019744186046511628,5,5,4.6,4.2
Multiple crises in Myanmar,"Socio-political,Conflict,Violence",MMR001,Myanmar,MMR,4.7,1.0366310692999525,5,4.85,5,1,5,5,4.9,5,0.9803431022158685,4.9,4.95,5,0.06793656580386438,2.3,3.7,5,0.0001525884068538097,5,5,4.5,4.7
Rakhine Conflict,Conflict,MMR002,Myanmar,MMR,2.6,0.056350069713637825,0.2,1.4000000000000001,1.8,0.06204431736954968,0.3,1.05,1.2,3.4,1,5,4.2,4.4,0.3701036866359447,5,4.7,3.4,6.826036866359447e-05,3.4,3.4,4.1,4.2
Kachin and Shan Conflict,Conflict,MMR003,Myanmar,MMR,3.6,0.2292123125009576,1.1,2.35,2.3,0.08708005718370264,0.4,1.3499999999999999,1.9,3.6,1,5,4.3,2.8,0.01928996511389288,0.6,1.7,4.5,0.0002751898214652165,5,4.8,3.7,4
Post-coup conflict in Myanmar,"Violence,Socio-political,Conflict",MMR004,Myanmar,MMR,4.7,1.0366310692999525,5,4.85,5,1,5,5,4.9,5,0.8312187276626162,4.1,4.55,4.8,0.050478340320326776,1.7,3.3,5,0.00014603891217886703,5,5,4.3,4.4
Multiple Crises in Mozambique,"Conflict,Displacement,Cyclone",MOZ001,Mozambique,MOZ,4.8,1,5,4.9,5,1,5,5,5,4.3,0.3723051891452147,1.8,3.05,4.3,0.0759325737474637,2.5,3.4,3.6,2.4738567192133605e-05,1.2,2.4,2.9,3
Cabo Delgado Islamist Insurgency,"Conflict,Displacement",MOZ004,Mozambique,MOZ,4.1,0.3568440194308095,1.7,2.9,3.5,0.3365680748445581,1.6,2.55,2.7,4.3,1,5,4.65,4.2,0.08045580110497237,2.7,3.5,3,1.156767955801105e-05,0.6,1.8,2.8,3.9
Tropical Cyclone Freddy in Mozambique,Cyclone,MOZ010,Mozambique,MOZ,4.6,0.7615351356850377,3.8,4.199999999999999,4.2,0.5237085246092161,2.6,3.4000000000000004,3.8,2.7,0.06829403606102635,0.3,1.5,2.3,0.03411860276198213,1.1,1.7,3.2,0.000148659626320065,5,4.1,3.1,2.4
Refugees from Mali in Mauritania,Displacement,MRT002,Mauritania,MRT,3.9,0.19986416998156592,0.9,2.4,2.4,1.0417257443791776,5,3.7,3.1,3.7,1,5,4.35,1.6,0.0025277075636787865,0.1,0.9,0,0,0,0,0.5,2.9
Food Security in Mauritania,"Drought,Floods",MRT003,Mauritania,MRT,5,1,5,5,1.8,0.7176422928904193,3.6,2.7,4.1,2.7,0.36550945526390066,1.8,2.25,1.6,0.010038610038610039,0.3,1,0,0,0,0,0.5,1.5
Complex crisis in Malawi,"Drought,Socio-political,Cyclone",MWI002,Malawi,MWI,3.3,0.9978786593126856,5,4.15,4.3,0.9253759398496241,4.6,4.449999999999999,4.3,4.2,0.5367154174283973,2.7,3.45,2.9,0.009745482070205317,0.3,1.6,5,0.00038073611505345825,5,5,3.8,3.6
Tropical Cyclone Freddy in Malawi,Cyclone,MWI005,Malawi,MWI,2.5,0.3370810352142554,1.6,2.05,3,0.3642387218045113,1.8,2.4,2.2,3.1,0.29673590504451036,1.4,2.25,4,0.28652173913043477,5,4.5,4.4,0.0005217391304347826,5,4.7,4.6,3.7
International Refugees in Malaysia,Displacement,MYS001,Malaysia,MYS,1.6,0.028020088266626084,0,0.8,3.3,0.3086193185293938,1.5,2.4,1.7,4.2,1,5,4.6,3.2,0.018334985133795837,0.6,1.9,0,0,0,0,1,3.3
Food Security Crisis in Namibia,Drought,NAM002,Namibia,NAM,4.9,1,5,4.95,1.4,1,5,3.2,4.3,2.9,0.6199848599545799,3.1,3,0,0,0,0,0,0,0,0,0,1.7
Multiple crises in Niger,"Conflict,Displacement",NER001,Niger,NER,4.4,0.3231420225783532,1.5,2.95,3.7,1,5,4.35,3.7,3.3,0.2504784688995215,1.2,2.25,4,0.2142629735752945,5,4.5,4.1,0.00022731614135625597,5,4.6,4.6,3.7
Lake Chad basin crisis in Niger,Conflict,NER002,Niger,NER,3.7,0.12386989816057473,0.5,2.1,0,0.06283891547049442,0.3,0.15,1.2,1.7,0.399746192893401,2,1.85,3.4,0.819047619047619,5,4.2,2.4,0.00015238095238095237,5,3.7,4,3.1
Mali/Burkina Faso conflict,Conflict,NER003,Niger,NER,3.9,0.16627615062761505,0.7,2.3,2.9,0.60207336523126,3,2.95,2.6,2.9,0.23165562913907284,1.1,2,3.6,0.19210977701543738,5,4.3,4,0.00037449971412235563,5,4.5,4.4,3.4
Nigerian Refugees,Displacement,NER004,Niger,NER,2.7,0.03299597379016342,0.1,1.4000000000000001,2.1,0.3350877192982456,1.6,1.85,1.6,2.4,0.19585911470728223,0.9,1.65,2.7,0.0959902794653706,3.2,3,1.5,1.3365735115431348e-05,0.7,1.1,2.2,1.9
Complex crisis in Nigeria,"Conflict,Displacement,Violence",NGA001,Nigeria,NGA,4.9,1,5,4.95,5,0.853260965415072,4.3,4.65,4.8,5,0.4587155015166156,2.3,3.65,5,0.06728472941918623,2.2,3.6,5,4.416933267246429e-05,2.2,3.6,3.6,3.6
Middle belt conflict,Violence,NGA003,Nigeria,NGA,3.6,0.15697047553169297,0.7,2.15,4.2,0.07936367965291617,0.4,2.3000000000000003,2.2,4,0.4691666666666667,2.3,3.15,3.9,0.06879810538780344,2.3,3.1,4,7.38898756660746e-05,3.7,3.9,3.5,3.3
Lake Chad basin crisis in Nigeria,"Conflict,Displacement",NGA004,Nigeria,NGA,3.7,0.17338954950206967,0.8,2.25,4,0.07098640235621946,0.3,2.15,2.2,4.5,1,5,4.75,5,0.28645962732919256,5,5,4.5,9.39751552795031e-05,4.7,4.6,4.8,4.8
Northwest Banditry,"Violence,Displacement",NGA007,Nigeria,NGA,4,0.26099673902302445,1.2,2.6,5,0.1884799209890478,0.9,2.95,2.8,4.8,0.5436277720595115,2.7,3.75,4.1,0.029863591376565257,1,2.6,4.5,5.933990274968803e-05,3,3.8,3.3,3.5
Cameroonian Refugees in Nigeria,Displacement,NGA008,Nigeria,NGA,3.4,0.11953511863587953,0.5,1.95,3.7,0.05588525775559514,0.2,1.9500000000000002,2,0.7,0.006863905325443787,0,0.35,2.8,1,5,3.9,x,x,x,x,3.9,2.5
Socioeconomic crisis in Nicaragua,Socio-political,NIC001,Nicaragua,NIC,3.5,1,5,4.25,2.9,1,5,3.95,4.1,1.5,0.03473186996387886,0.1,0.8,3.4,1,5,4.2,0.7,1.2e-05,0.6,0.7,2.9,2
Karnali Earthquake,Earthquake,NPL003,Nepal,NPL,3.3,0.6370073247296826,3.1,3.2,3.6,0.41049202811589236,2,2.8,3,2.9,0.1364851319746074,0.6,1.75,2.5,0.03549571603427173,1.2,1.9,3.1,9.363525091799266e-05,4.7,3.9,3.1,2.5
Complex crisis in Pakistan,"Displacement,Conflict",PAK001,Pakistan,PAK,4.8,1,5,4.9,5,1,5,5,5,5,0.3939983224347231,1.9,3.45,5,0.03810835142720966,1.3,3.2,4.4,1.3302970926229942e-05,0.7,2.6,2.9,3.2
Kashmir conflict in Pakistan,Conflict,PAK004,Pakistan,PAK,1.9,0.01724911789124118,0,0.95,2.1,0.01819866212082643,0,1.05,1,x,x,x,x,x,x,x,x,0.4,x,x,0.4,0.4,0.4
Floods in Pakistan ,Other seasonal event,PAK005,Pakistan,PAK,4.7,0.8689173412204234,4.3,4.5,5,0.13771058243230272,0.6,2.8,3.8,5,1,5,5,3.5,0.00909090909090909,0.3,1.9,4.6,5.26969696969697e-05,2.6,3.6,2.9,4.2
Venezuela displacement in Panama,Displacement,PAN002,Panama,PAN,3.1,1,5,4.05,0,0.013404206147446267,0,0,2.5,0.4,1,5,2.7,2.5,1,5,3.8,0,0,0,0,2.3,2.5
Venezuela displacement in Peru,Displacement,PER002,Peru,PER,3.8,0.14790234375,0.7,2.25,5,1,5,5,4,4.4,0.42939794419970634,2.1,3.25,4.6,0.11011558716914027,3.7,4.2,0.9,2.7357909855687027e-07,0,0.5,2.8,3
Mindanao conflict,"Conflict,Violence",PHL003,Philippines,PHL,3.3,0.3352081027601704,1.6,2.45,4.7,0.24077114268157346,1.2,2.95,2.7,1.1,0.005523388694194728,0,0.55,3.1,1,5,4.1,3.3,0.0014137931034482758,5,4.2,4.2,2.8
Multiple crises in Papua New Guinea,0,PNG001,Papua New Guinea,PNG,3.1,0.1580333878019697,0.7,1.9,3.2,0.7751655067051434,3.9,3.55,2.8,1.7,0.03405233767655754,0.1,0.9,2.4,0.15755627009646303,5,3.7,3.2,0.0005659163987138264,5,4.1,3.9,2.7
Highlands Violence,Earthquake,PNG003,Papua New Guinea,PNG,3,0.14061520116592324,0.6,1.8,2.2,0.3875403157358683,1.9,2.05,1.9,1.5,0.05803766973280771,0.2,0.85,2.1,0.1169811320754717,3.9,3,3.2,0.0006641509433962264,5,4.1,3.6,2.5
2023 Ulawun Volcano Eruption in Papua New Guinea,Volcano Eruption,PNG004,Papua New Guinea,PNG,1.5,0.01741818663604646,0,0.75,2.2,0.3875403157358683,1.9,2.05,1.4,0.3,0.01029347349978099,0,0.15,1.8,0.3617021276595745,5,3.4,0,0,0,0,2,1.2
Displacement from Russia-Ukraine conflict in Poland,"Displacement,Conflict",POL002,Poland,POL,4.1,1,5,4.55,5,1,5,5,4.8,2.5,0.02533220392821219,0.1,1.3,4.3,1,5,4.7,0,0,0,0,3.1,2.3
Complex crisis in DPRK,"Socio-political,Floods,Other seasonal event,Food Security",PRK001,DPRK,PRK,3.5,1,5,4.25,4.7,1,5,4.85,4.6,4.9,1,5,4.95,2.2,0.0012990982729634724,0,1.1,0,3.8208772734219774e-08,0,0,0.6,3.5
Conflict in Palestine,"Conflict,Socio-political,Violence",PSE002,Palestine,PSE,1.3,1,5,3.15,2.5,0.9891323712809549,4.9,3.7,3.4,3.6,0.8503242074927954,4.2,3.9000000000000004,5,1.6632069476805762,5,5,5,0.005674857021817412,5,5,5,4.5
Conflict in West Bank,"Conflict,Displacement,Socio-political,Violence",PSE003,Palestine,PSE,1.3,0.9394190871369295,4.7,3,1.7,0.5925530019597364,2.9,2.3,2.7,3.2,0.7498496692723993,3.7,3.45,5,1.1896551724137931,5,5,3.7,0.0001479550922213312,5,4.4,4.7,4.2
Conflict in Gaza,"Conflict,Displacement,Socio-political,Violence",PSE004,Palestine,PSE,0,0.06058091286307054,0.2,0.1,1.2,0.3967575271690718,2,1.6,0.9,3.1,1,5,4.05,5,1.6052986079928155,5,5,5,0.011864391558149978,5,5,5,4.6
Lake Chad basin regional crisis,0,REG001,"Nigeria,Niger,Chad,Cameroon","NGA,NER,TCD,CMR",4.3,0.09438095043203781,0.4,2.35,4.4,1,5,4.7,3.8,4.2,0.5153217568947907,2.6,3.4000000000000004,5,0.48319668438598073,5,5,4.7,0.00016632129020632488,5,4.9,5,4.4
Venezuela Regional Crisis,0,REG002,"Venezuela,Brazil,Colombia,Ecuador,Peru,Trinidad and Tobago,Chile,Dominican Republic,Panama","VEN,BRA,COL,ECU,PER,TTO,CHL,DOM,PAN",5,0.4558411656092679,2.2,3.6,5,0.25611645544821754,1.2,3.1,3.4,5,0.3012705105362823,1.5,3.25,5,0.18571671852987165,5,5,3.9,7.926555509110894e-06,0.4,2.2,4,3.7
Regional Kashmir conflict,0,REG003,"India,Pakistan","IND,PAK",4,0.06290827895845964,0.2,2.1,4.3,0.011593098992250708,0,2.15,2.1,4.6,0.8776342975206611,4.4,4.5,3.6,0.018892354776057912,0.6,2.1,2.8,5.061503148725796e-06,0.3,1.6,1.9,3.5
Syrian Regional Crisis,0,REG004,"Syria,Türkiye,Iraq,Egypt,Jordan,Lebanon","SYR,TUR,IRQ,EGY,JOR,LBN",4.6,0.22815732703913433,1.1,2.8499999999999996,5,0.3457699236756052,1.7,3.35,3.1,5,0.35713693805676405,1.8,3.4,5,0.716978943094147,5,5,4.9,7.407622251870758e-05,3.7,4.3,4.7,4.1
Eastern Mediterranean Route ,0,REG006,"Türkiye,Greece","TUR,GRC",3.6,0.16715635538045473,0.8,2.2,4,0.1705356582169845,0.8,2.4,2.3,2.3,0.045047256658892844,0.2,1.25,3.7,0.5653950953678474,5,4.4,1.4,1.226158038147139e-05,0.6,1,3.1,2.3
Central Mediterranean Route,0,REG007,"Algeria,Tunisia,Libya,Italy","DZA,TUN,LBY,ITA",5,1.0017964627322173,5,5,5,1.001792921577771,5,5,5,4,0.06107495124437204,0.3,2.15,4.4,0.1659658344283837,5,4.7,4.5,0.00018318002628120894,5,4.8,4.8,3.8
Western Mediterranean Route,0,REG008,"Algeria,Morocco,Spain","DZA,MAR,ESP",5,0.9999999398997684,5,5,5,1.0016944644960297,5,5,5,2,0.003921776860757957,0,1,3.6,0.6653771760154739,5,4.3,3.6,0.0006266924564796905,5,4.3,4.3,3.1
Rohingya Regional Crisis,0,REG011,"Bangladesh,Myanmar","BGD,MMR",2.6,0.04791272801594196,0.1,1.35,2.3,0.02197026825600522,0.1,1.2,1.3,3.7,1,5,4.35,4.4,0.2579285427539141,5,4.7,3.5,5.4797270172621434e-05,2.7,3.1,4,4.2
Southern Africa Regional Food Security Crisis,0,REG012,"Lesotho,Madagascar,Malawi,Namibia,Eswatini,Zambia,Zimbabwe,Tanzania","LSO,MDG,MWI,NAM,SWZ,ZMB,ZWE,TZA",5,0.5601924798693225,2.8,3.9,5,0.4996668887408394,2.5,3.75,3.8,5,0.8129506172839506,4.1,4.55,3.7,0.0063934152378927545,0.2,2,5,6.847484396118392e-05,3.4,4.2,3.3,4
Nagorno-Karabakh Conflict,0,REG013,"Armenia,Azerbaijan","ARM,AZE",2.5,0.2971022318214543,1.4,1.95,1.6,0.233178389087861,1.1,1.35,1.7,2,0.16143790849673204,0.8,1.4,3,0.2611336032388664,5,4,3.9,0.001131578947368421,5,4.5,4.3,3.2
Eastern Africa Regional Drought Crisis,Drought,REG014,"Ethiopia,Somalia,Kenya","ETH,SOM,KEN",5,0.8409577887593277,4.2,4.6,5,0.5389766745616325,2.7,3.85,4.3,5,0.5527741487524781,2.7,3.85,4.9,0.04121973390628873,1.4,3.2,3.2,2.875795388810842e-06,0.1,1.7,2.5,3.3
Turkiye / Syria earthquake,Earthquake,REG015,"Türkiye,Syria","TUR,SYR",3.7,0.1629954052409626,0.7,2.2,4.8,0.251999664000448,1.2,3,2.6,4.6,0.662962962962963,3.3,3.9499999999999997,5,0.17446927374301677,5,5,0,0,0,0,3.5,3.7
Displacement from Russia-Ukraine conflict in Romania,"Conflict,Displacement",ROU002,Romania,ROU,4,1.036143949930459,5,4.5,4.3,1,5,4.65,4.6,0.7,0.004494851826686876,0,0.35,2.8,1,5,3.9,0,0,0,0,2.4,1.5
Displacement from Russia-Ukraine conflict in Russia,"Conflict,Displacement",RUS002,Russia,RUS,5,1,5,5,5,1,5,5,5,2.6,0.008339635613612926,0,1.3,4.4,1,5,4.7,0,0,0,0,3.1,2.3
Burundi and DRC refugees in Rwanda,Displacement,RWA002,Rwanda,RWA,2.2,0.8319416295095258,4.1,3.15,1.3,0.17467036780013878,0.8,1.05,2.2,1.1,0.05363528009535161,0.2,0.65,3,1,5,4,0,0,0,0,2.5,1.7
Complex crisis in Sudan,"Displacement,Violence,Floods",SDN001,Sudan,SDN,5,0.9853784796573876,4.9,4.95,5,1,5,5,5,5,1,5,5,5,0.22251004016064257,5,5,5,0.00021837349397590362,5,5,5,5
Refugees in Sudan,Displacement,SDN005,Sudan,SDN,3.3,0.04778533190578158,0.1,1.7,3.9,0.2965863453815261,1.4,2.65,2.2,4.4,1,5,4.7,4.3,0.06513202437373053,2.2,3.3,2.3,2.911306702775897e-06,0.1,1.2,2.4,3.8
Drought in Senegal,Drought,SEN002,Senegal,SEN,3.8,1.0217109021970603,5,4.4,4.2,1,5,4.6,4.5,3.3,0.1675354924578527,0.8,2.05,0.9,0.0013240648791790798,0,0.5,1.7,4.965243296921549e-06,0.2,1,0.8,1.5
Complex crisis in El Salvador,"Displacement,Violence,Floods,Drought",SLV001,El Salvador,SLV,2.2,1,5,3.6,2.7,1,5,3.85,3.7,2.6,0.176984126984127,0.8,1.7000000000000002,2.7,0.06547085201793722,2.2,2.5,2,2.1524663677130043e-05,1.1,1.6,2.1,1.9
Complex crisis in Somalia,"Conflict,Displacement,Floods,Drought",SOM001,Somalia,SOM,4.7,1,5,4.85,4.1,1,5,4.55,4.7,4.5,1,5,4.75,5,0.5631952662721893,5,5,5,0.0002509467455621302,5,5,5,4.9
Mixed Migration Flows in Somalia,Displacement,SOM002,Somalia,SOM,3.3,0.157688016067842,0.7,2,1.4,0.15940828402366863,0.8,1.1,1.6,0.1,0.014105419450631032,0,0.05,2.3,1,5,3.7,1.5,0.00031578947368421053,5,3.3,3.5,2.1
Complex crisis in South Sudan,"Conflict,Floods,Displacement",SSD001,South Sudan,SSD,4.7,1.0196208440808316,5,4.85,3.7,1,5,4.35,4.6,4.3,1,5,4.65,5,0.55153791969946,5,5,3.5,2.3557955701651404e-05,1.2,2.4,4.1,4.4
Displacement from Russia-Ukraine conflict in Slovakia,"Displacement,Conflict",SVK002,Slovakia,SVK,2.8,1,5,3.9,2.5,1,5,3.75,3.8,0.9,0.020555355210962856,0.1,0.5,2.9,1,5,4,0,0,0,0,2.5,1.6
Food Security Crisis in Eswatini,Drought,SWZ001,Eswatini,SWZ,2.1,1,5,3.55,0.2,0.9777777777777777,4.9,2.5500000000000003,3.1,2.3,0.601010101010101,3,2.65,x,x,x,x,0,0,0,0,0,1.5
Syrian conflict,"Conflict,Displacement,Violence",SYR001,Syria,SYR,3.8,1.008440886565376,5,4.4,4.5,1,5,4.75,4.6,4.7,1,5,4.85,5,0.6894463276836158,5,5,4.6,8.076836158192091e-05,4,4.3,4.7,4.8
Türkiye / Syria earthquake in Syria,Earthquake,SYR002,Syria,SYR,2.9,0.311958830256494,1.5,2.2,3.8,0.6136949152542372,3,3.4,2.9,4.1,0.648107232287524,3.2,3.65,4.9,0.3068181818181818,5,5,0,0,0,0,3.5,3.6
Complex crisis in Chad,"Conflict,Displacement",TCD001,Chad,TCD,5,1.0196950444726811,5,5,4.2,1,5,4.6,4.8,3.7,0.2937028533945556,1.4,2.55,4.5,0.2646566164154104,5,4.8,2.2,6.514051740182393e-06,0.3,1.3,3.6,3.1
Lake Chad basin crisis,Conflict,TCD003,Chad,TCD,2.2,0.01772554002541296,0,1.1,0,0.04963375970263474,0.2,0.1,0.6,2.3,0.8491189427312775,4.2,3.25,3.4,0.3086900129701686,5,4.2,0,0,0,0,2.7,3
CAR refugees in Chad,Displacement,TCD004,Chad,TCD,3.6,0.11814247141041931,0.5,2.05,1.8,0.18853175904668198,0.9,1.35,1.7,2.7,0.36561322122354306,1.8,2.25,3.2,0.1316415543219667,4.4,3.8,1.5,9.51625693893735e-06,0.5,1,2.7,2.5
Darfur refugees in Chad,Displacement,TCD005,Chad,TCD,4.3,0.29709021601016516,1.4,2.8499999999999996,1.3,0.13714879195364602,0.6,0.95,2,2.8,0.5715424471901156,2.8,2.8,4.2,0.6457461645746164,5,4.6,1.1,4.184100418410042e-06,0.2,0.7,3.2,3
Multiple situations in Thailand,"Conflict,Displacement",THA001,Thailand,THA,2.5,0.059390475444812,0.2,1.35,1.9,0.0594883997620464,0.2,1.05,1.2,0.8,0.02394736842105263,0.1,0.45,2.8,1,5,3.9,1.8,0.0002087912087912088,5,3.4,3.7,2.4
Conflict in southern Thailand ,Conflict,THA002,Thailand,THA,2.1,0.035878564857405704,0.1,1.1,1.8,0.05413444378346222,0.2,1,1.1,x,x,x,x,x,x,x,x,1.8,x,x,1.8,1.8,1.8
Myanmar refugees in Thailand,Conflict,THA003,Thailand,THA,1.8,0.02351191058740629,0,0.9,0,0.005353955978584176,0,0,0.5,0.8,0.26608187134502925,1.3,1.05,2.8,1,5,3.9,0,0,0,0,2.4,1.8
Food Security Crisis in Timor-Leste,Food Security,TLS003,Timor Leste,TLS,2,1.0053799596503026,5,3.5,0.4,1,5,2.7,3.1,2.3,0.5960264900662252,3,2.65,0,0,0,0,0,0,0,0,0,1.5
Venezuelan refugees in Trinidad and Tobago,Displacement,TTO002,Trinidad and Tobago,TTO,1.2,1,5,3.1,0.6,1,5,2.8,3,1.4,0.13847158719790986,0.6,1,2,0.12264150943396226,4.1,3.1,0,0,0,0,1.8,1.4
Mixed migration flows in Tunisia,Displacement,TUN002,Tunisia,TUN,3.7,1.0531024716786819,5,4.35,3.7,1,5,4.35,4.4,0.7,0.006629392971246007,0,0.35,2.7,1,5,3.9,4.5,0.016795180722891566,5,4.8,4.4,2.9
Complex situation in Türkiye,"Displacement,Conflict",TUR001,Türkiye,TUR,4.2,0.43271182256408924,2.1,3.1500000000000004,5,0.612497058131325,3,4,3.6,4.5,0.3192507204610951,1.6,3.05,5,0.48998014081964253,5,5,2.5,3.249684058494313e-06,0.2,1.4,3.8,3.5
Syrian Refugees in Türkiye,Displacement,TUR002,Türkiye,TUR,3.8,0.26388004625599315,1.2,2.5,5,0.4976465050600141,2.5,3.75,3.2,3.9,0.1709624024592102,0.8,2.35,5,0.5009681881051176,5,5,0,0,0,0,3.5,3
Mixed Migration Flows in Türkiye,Displacement,TUR003,Türkiye,TUR,3.6,0.18245000844561673,0.8,2.2,4,0.18517298187808895,0.9,2.45,2.3,2.2,0.04060752414844942,0.2,1.2000000000000002,3.6,0.5007824726134585,5,4.3,0,1.564945226917058e-06,0.1,0.1,2.8,2.1
Kurdish Conflict,Conflict,TUR004,Türkiye,TUR,3.2,0.10584046879669451,0.4,1.8,2.6,0.06863967992468817,0.3,1.45,1.6,x,x,x,x,4.4,x,x,4.4,0.7,x,x,0.7,3,3
Türkiye / Syria earthquake in Türkiye,Earthquake,TUR005,Türkiye,TUR,3.3,0.12745345165858918,0.5,1.9,3.8,0.15794304542245236,0.7,2.25,2.1,4.1,0.6779913574728058,3.4,3.75,5,0.32967032967032966,5,5,0,0,0,0,3.5,3.6
Multiple Crises in Tanzania,"Displacement,Drought",TZA001,Tanzania,TZA,4.4,0.49834612779408444,2.4,3.4000000000000004,4.5,0.32260512910335565,1.6,3.05,3.2,4.6,0.8201067776671794,4.1,4.35,3.4,0.013295818161756593,0.4,1.9,1.5,6.620324395895399e-07,0,0.8,1.4,3.2
International Displacement in Tanzania,Displacement,TZA002,Tanzania,TZA,3.8,0.2112248814630842,1,2.4,3.9,0.21916188641240092,1.1,2.5,2.5,4.5,1,5,4.75,3.4,0.01605061605061605,0.5,2,1.5,7.992007992007992e-07,0,0.8,1.4,3.6
Food Security Crisis in North-East Tanzania,Drought,TZA003,Tanzania,TZA,4.3,0.4032050124181531,2,3.15,2.8,0.10344324269095474,0.5,1.65,2.5,3.3,0.438972767038239,2.2,2.75,x,x,x,x,0,0,0,0,0,1.6
International Displacement in Uganda,Displacement,UGA005,Uganda,UGA,2.4,0.13222122481547977,0.6,1.5,3,0.15338531947909095,0.7,1.85,1.7,2.8,0.20681265206812652,1,1.9,4.6,1,5,4.8,x,x,x,x,4.8,3.7
Russia-Ukraine conflict,"Conflict,Displacement",UKR002,Ukraine,UKR,4.6,1.0416810493614084,5,4.8,5,1,5,5,4.9,4.7,0.5567882907518816,2.8,3.75,5,0.6630805931053838,5,5,5,0.0006276252397212218,5,5,5,4.5
Complex crisis in Venezuela,"Socio-political,Violence,Floods",VEN001,Venezuela,VEN,4.9,1,5,4.95,4.8,1,5,4.9,4.9,4.9,1,5,4.95,5,0.2728782418203661,5,5,3.4,9.186629920146987e-06,0.5,2,3.9,4.5
Conflict in Yemen,Conflict,YEM001,Yemen,YEM,4.5,1,5,4.75,5,0.9763480428524794,4.9,4.95,4.9,4.9,0.8480243161094225,4.2,4.550000000000001,5,0.21888888888888888,5,5,4.5,5.139784946236559e-05,2.6,3.6,4.4,4.5
Mixed migration flows in Yemen,Displacement,YEM002,Yemen,YEM,2.8,0.08881186431047218,0.4,1.5999999999999999,2.7,0.18526871828352673,0.9,1.8,1.7,1.6,0.04501041166106039,0.2,0.9,3.5,1,5,4.3,2.8,0.0003096085409252669,5,3.9,4.1,2.9
Drought in Zambia,Drought,ZMB002,Zambia,ZMB,4.8,1.0124134034625163,5,4.9,3.2,0.4372006131442805,2.2,2.7,4.1,4.1,0.9371096745918702,4.7,4.4,x,x,x,x,3.7,4.372734712966211e-05,2.2,3,3,3.8
Complex crisis in Zimbabwe,"Socio-political,Drought",ZWE001,Zimbabwe,ZWE,4.3,1,5,4.65,4.1,1,5,4.55,4.6,4.5,1,5,4.75,2,0.0014233187047799788,0,1,2.7,4.863005574664927e-06,0.2,1.5,1.3,3.5
