,,,,,,,,,,,,,,,,,,,,,,,,,,,,,,,,,,,,,,,,,,,,,
Country,Crisis,Crisis ID,Trend,2019-01-01 00:00:00,2019-02-01 00:00:00,2019-03-01 00:00:00,2019-04-01 00:00:00,2019-05-01 00:00:00,2019-06-01 00:00:00,2019-07-01 00:00:00,2019-08-01 00:00:00,2019-09-01 00:00:00,2019-10-01 00:00:00,2019-11-01 00:00:00,2019-12-01 00:00:00,2020-01-01 00:00:00,2020-02-01 00:00:00,2020-03-01 00:00:00,2020-04-01 00:00:00,2020-05-01 00:00:00,2020-06-01 00:00:00,2020-07-01 00:00:00,2020-08-01 00:00:00,2020-09-01 00:00:00,2020-10-01 00:00:00,2020-11-01 00:00:00,2020-12-01 00:00:00,2021-01-01 00:00:00,2021-02-01 00:00:00,2021-03-01 00:00:00,2021-04-01 00:00:00,2021-05-01 00:00:00,2021-06-01 00:00:00,2021-07-01 00:00:00,2021-08-01 00:00:00,2021-09-01 00:00:00,2021-10-01 00:00:00,2021-11-01 00:00:00,2021-12-01 00:00:00,2022-01-01 00:00:00,2022-02-01 00:00:00,2022-03-01 00:00:00,2022-04-01 00:00:00,2022-05-01 00:00:00,2022-06-01 00:00:00
Afghanistan,Complex crisis in Afghanistan,AFG001,Decreasing,4.4,4.4,4.4,4.5,4.5,4.5,4.5,4.5,4.5,4.4,4.4,4.4,4.4,4.4,4.5,4.5,4.5,4.5,4.5,4.5,4.6,4.6,4.6,4.6,4.6,4.6,4.6,4.6,4.6,4.7,4.7,4.7,4.7,4.7,4.7,4.7,4.6,4.6,4.6,4.5,4.4,4.5
,,AFG002,-,4.1,-,-,-,-,-,-,-,-,-,-,-,-,-,-,-,-,-,-,-,-,-,-,-,-,-,-,-,-,-,-,-,-,-,-,-,-,-,-,-,-,-
,,AFG003,-,3.9,-,-,-,-,-,-,-,-,-,-,-,-,-,-,-,-,-,-,-,-,-,-,-,-,-,-,-,-,-,-,-,-,-,-,-,-,-,-,-,-,-
,,AFG004,-,-,-,2.1,2.2,-,-,-,-,-,-,-,-,-,-,-,-,-,-,-,-,-,-,-,-,-,-,-,-,-,-,-,-,-,-,-,-,-,-,-,-,-,-
Afghanistan,Earthquake in Khost and Paktika,AFG005,-,-,-,-,-,-,-,-,-,-,-,-,-,-,-,-,-,-,-,-,-,-,-,-,-,-,-,-,-,-,-,-,-,-,-,-,-,-,-,-,-,-,3
Angola,Drought in South-West Angola,AGO002,Stable,-,-,-,-,-,-,-,-,-,-,-,-,-,-,-,-,-,-,-,-,-,-,-,-,-,-,-,-,-,-,-,-,-,-,-,3.1,3.1,3.1,3.1,3.1,3.1,3.2
,,ARG002,-,-,0.9,-,-,-,-,-,-,-,-,-,-,-,-,-,-,-,-,-,-,-,-,-,-,-,-,-,-,-,-,-,-,-,-,-,-,-,-,-,-,-,-
Armenia,Nagorno-Karabakh Conflict in Armenia,ARM002,Decreasing,-,-,-,-,-,-,-,-,-,-,-,-,-,-,-,-,-,-,-,-,-,-,-,-,1.7,1.7,1.6,1.7,1.7,1.7,1.7,1.6,1.6,1.5,1.5,1.5,1.5,1.5,1.5,1.5,1.5,1.3
Azerbaijan,Nagorno-Karabakh conflict in Azerbaijan,AZE002,-,-,-,-,-,-,-,-,-,-,-,-,-,-,-,-,-,-,-,-,-,-,-,-,-,-,-,-,-,-,-,-,-,-,-,-,-,-,-,-,-,-,x
Burundi,Complex in Burundi,BDI001,Decreasing,-,3.5,3.5,3.8,3.8,3.8,3.8,3.8,3.8,3.8,3.8,3.8,3.7,3.7,3.3,3.3,3.2,3.3,3.3,3.3,3.3,3.4,3.3,3.3,3.3,3.3,3.8,3.8,3.8,3.8,3.8,3.8,3.8,3.8,3.8,3.8,3.8,3.8,3.5,3.5,3.5,3.5
,,BDI002,-,-,3.5,3.5,-,-,-,-,-,-,-,-,-,-,-,-,-,-,-,-,-,-,-,-,-,-,-,-,-,-,-,-,-,-,-,-,-,-,-,-,-,-,-
,,BDI003,-,-,1.7,1.7,-,-,-,-,-,-,-,-,-,-,-,-,-,-,-,-,-,-,-,-,-,-,-,-,-,-,-,-,-,-,-,-,-,-,-,-,-,-,-
Burkina Faso,Conflict in Burkina Faso,BFA002,Stable,-,3,3.1,3.2,3.2,3.1,3.2,3.2,3.2,3.2,3.2,3.2,3.2,3.4,3.4,3.4,3.4,3.9,3.9,3.9,3.9,3.8,3.9,4,3.9,3.9,3.9,4,4,4,4,4,4,4,3.9,3.9,3.9,3.9,3.9,3.9,3.9,3.9
,,BFA003,-,-,-,-,-,-,-,-,-,-,-,-,-,-,-,-,-,-,-,-,-,2.4,2.3,2.4,2.4,2.4,-,-,-,-,-,-,-,-,-,-,-,-,-,-,-,-,-
,,BFA004,-,-,-,-,-,-,-,-,-,-,-,-,-,-,-,-,-,-,-,-,-,-,-,3.9,3.9,3.8,-,-,-,-,-,-,-,-,-,-,-,-,-,-,-,-,-
Bangladesh,Mutliple crises in Bangladesh,BGD001,-,-,-,-,-,-,-,-,-,-,-,-,-,-,-,-,-,-,2.9,3.2,3.2,3.2,2.9,2.9,2.9,-,-,-,-,-,-,-,-,-,-,-,-,-,-,-,-,-,3.4
Bangladesh,Rohingya refugee crisis,BGD002,Decreasing,-,3.3,3.3,3.1,3.1,3.1,3.1,3.1,3.1,3.2,3.2,3.2,3.2,3.2,3.1,3.1,3.2,3.3,3.3,3.3,3.3,3.3,3.3,3.3,3.2,3.2,3.2,3.2,3.2,3.2,3.2,3.2,3.1,3.1,3.2,3.2,3.2,3.2,3.2,3.2,3,3
,,BGD004,-,-,-,-,-,-,-,-,3.1,3.1,3.2,3.2,3.2,3.2,3.2,3.2,3.2,3.2,3.1,3.3,3.3,3.3,3.3,-,-,-,-,-,-,-,-,-,-,-,-,-,-,-,-,-,-,-,-
,,BGD006,-,-,-,-,-,-,-,-,-,-,-,-,-,-,-,-,-,-,2.4,2.5,2.5,2.5,2.5,2.6,2.6,-,-,-,-,-,-,-,-,-,-,-,-,-,-,-,-,-,-
,,BGD007,-,-,-,-,-,-,-,-,-,-,-,-,-,-,-,-,-,-,-,-,-,2.1,2.1,2.4,-,-,-,-,-,-,-,-,-,-,-,-,-,-,-,-,-,-,-
Bangladesh,2022 Floods in Bangladesh,BGD008,-,-,-,-,-,-,-,-,-,-,-,-,-,-,-,-,-,-,-,-,-,-,-,-,-,-,-,-,-,-,-,-,-,-,-,-,-,-,-,-,-,-,3.1
,,BHS002,-,-,-,-,-,-,-,-,-,-,1.7,1.7,1.7,1.7,1.7,-,-,-,-,-,-,-,-,-,-,-,-,-,-,-,-,-,-,-,-,-,-,-,-,-,-,-,-
,,BIH002,-,-,0.8,-,-,-,-,-,-,-,-,-,-,-,-,-,-,-,-,-,-,-,-,-,-,-,-,-,-,-,-,-,-,-,-,-,-,-,-,-,-,-,-
Brazil,Country level Brazil,BRA001,Increasing,-,-,-,-,-,-,-,-,-,-,-,-,-,-,-,-,-,-,-,-,-,-,-,-,-,-,-,-,-,-,-,-,-,-,-,-,2.2,2.2,2.1,2.1,2.1,2.8
Brazil,Venezuela displacement in Brazil,BRA002,Decreasing,-,1.7,1.7,2.2,2.4,2.4,2.4,2.4,2.4,2.4,2.2,2.2,2.2,2.2,2.2,2.2,2.2,2.2,2.2,2.2,2.3,2.3,2.4,2.4,2.5,2.5,2.5,2.5,2.5,2.5,2.5,2.5,2.5,2.5,2.4,2.4,2.5,2.5,2.4,2.4,2.4,2.4
Brazil,Floods in rainy season 2022,BRA003,Increasing,-,-,-,-,-,-,-,-,-,-,-,-,-,-,-,-,-,-,-,-,-,-,-,-,-,-,-,-,-,-,-,-,-,-,-,-,1.9,2,2,2,2,2.2
CAR,Complex crisis in CAR,CAF001,Decreasing,-,4,4,4,4,4,4,4,4,4,3.9,3.9,3.9,3.9,4,4,4,4,4,4,4,4,4,4,4,4,4.1,4.1,4.1,4.2,4.2,4.2,4.2,4.2,4.2,4.2,4.2,4.2,4.2,4.1,4.2,4.1
,,CAF002,-,-,-,-,-,-,-,-,-,-,-,-,2.3,2.3,2.3,2.3,2.3,-,-,-,-,-,-,-,-,-,-,-,-,-,-,-,-,-,-,-,-,-,-,-,-,-,-
Chile,Venezuela displacement in Chile,CHL002,Increasing,-,-,-,-,-,-,-,-,-,-,-,-,-,-,-,-,-,-,-,-,-,-,-,-,-,-,-,-,-,-,-,-,-,-,-,-,-,2.1,2.1,2.2,2.2,2.6
,,CHN002,-,-,-,-,-,-,-,-,-,-,-,-,-,-,-,-,-,-,-,2.9,2.9,2.9,3,-,-,-,-,-,-,-,-,-,-,-,-,-,-,-,-,-,-,-,-
,,CHN003,-,-,-,-,-,-,-,-,-,-,-,-,-,-,-,-,-,-,-,-,-,-,-,-,-,-,-,-,-,-,-,-,2.4,-,-,-,-,-,-,-,-,-,-
Cameroon,Multiple crises in Cameroon,CMR001,Decreasing,-,4,4,4.1,4.1,4,4.1,3.9,4,4,4,4,4,4,3.6,3.6,3.5,3.6,3.6,3.6,3.6,3.6,3.7,3.7,3.7,3.7,3.7,3.7,4.1,4.1,4.1,4.1,4.1,4.2,4.2,4.2,4.2,4.2,4.2,4.2,4.1,4.1
Cameroon,Boko Haram in Cameroon,CMR002,Increasing,-,3.6,3.6,3.8,3.8,3.8,3.8,3.8,3.8,3.7,3.7,3.7,3.7,3.7,3.6,3.6,3.6,3.6,3.6,3.1,3.1,3.1,3.2,3.2,3.2,3.2,3.2,3.2,3.2,3.3,3.3,3.3,3.3,3.6,3.6,3.6,3.6,3.6,3.6,3.6,3.7,3.7
Cameroon,Anglophone Crisis in Cameroon,CMR003,Increasing,-,3.2,3.2,3.5,3.5,3.5,3.5,3.6,3.6,3.6,3.6,3.6,3.6,3.6,3.1,3.1,3.1,3.1,3.1,3.3,3.3,3.3,3.4,3.4,3.3,3.4,3.4,3.4,3.4,3.4,3.4,3.4,3.4,3.4,3.4,3.4,3.4,3.4,3.8,3.8,3.6,3.6
Cameroon,CAR refugees in Cameroon,CMR004,Increasing,-,3.3,3.3,3.1,3.1,3.1,3.1,2.7,2.8,2.6,2.6,2.6,2.6,2.6,2.6,2.6,2.5,2.6,2.6,2.6,2.5,2.5,2.6,2.6,2.8,2.8,2.8,2.8,2.8,2.8,2.8,2.8,2.8,2.8,2.8,2.8,2.8,2.8,3.1,3.1,3.1,3.1
DRC,Complex crisis in DRC,COD001,Decreasing,-,4.4,4.4,4.4,4.2,4.2,4.2,4.2,4.2,4.2,4.2,4.2,4.2,4,4.2,4.2,4.2,4.2,4.2,4.2,4.2,4.5,4.5,4.5,4.5,4.5,4.5,4.5,4.5,4.5,4.5,4.5,4.5,4.5,4.5,4.5,4.5,4.5,4.5,4.5,4.5,4.2
,,COD002,-,-,-,-,-,-,-,-,-,-,-,-,2.7,2.7,2.5,2.7,2.7,-,-,-,-,-,-,-,-,-,-,-,-,-,-,-,-,-,-,-,-,-,-,-,-,-,-
,,COD003,-,-,-,-,-,-,-,-,-,-,-,-,-,-,-,-,-,-,2.4,2.6,2.6,2.6,2.6,2.6,2.6,2.6,-,-,-,-,-,-,-,-,-,-,-,-,-,-,-,-,-
Congo,Complex crisis in Congo,COG001,Decreasing,-,-,-,-,-,-,-,-,-,-,-,-,-,-,-,-,-,-,-,-,-,-,-,-,3.2,3.2,3.2,3.2,3.2,3.3,3.3,3.3,3.3,3.3,3.3,3.3,3.3,3.3,3.3,3.3,3.2,2.4
,,COG002,-,-,2.5,2.5,2.4,2.4,2.4,2.4,2.4,2.4,2.4,1.7,1.8,1.8,1.8,1.8,1.8,1.8,1.7,1.7,1.7,1.6,2.2,-,-,-,-,-,-,-,-,-,-,-,-,-,-,-,-,-,-,-,-
,,COG004,-,-,-,-,-,-,-,-,-,-,-,-,-,-,-,-,-,-,-,-,-,-,-,2.2,2.2,2.2,2.2,-,-,-,-,-,-,-,-,-,-,-,-,-,-,-,-
Colombia,Complex crisis in Colombia,COL001,Decreasing,-,3.9,3.9,4,4,4,4,4,4,4.1,4.1,4.1,4.1,3.8,3.8,4.2,4.2,4.2,4.2,4.2,4.2,4.2,4.1,3.9,3.9,3.9,3.9,3.9,3.7,3.7,3.7,3.7,4,4.1,4.1,4.1,4.1,4.1,3.9,3.9,3.9,3.9
Colombia,Venezuela displacement in Colombia,COL002,Stable,-,2.8,2.8,3.3,3.3,3.3,3.3,3.3,3.3,3.3,3.3,3.3,3.3,3.4,3.4,3.4,3.4,3.4,3.4,3.4,3.4,3.4,3.4,3.4,3.4,3.4,3.4,3.4,3.4,3.4,3.4,3.4,3.5,3.5,3.5,3.5,3.5,3.5,3.5,3.5,3.5,3.5
,,COL003,-,-,-,-,-,-,-,-,-,-,-,-,-,-,-,-,-,-,-,-,-,-,-,2.2,2,2.1,2.1,2.1,2.1,-,-,-,-,-,-,-,-,-,-,-,-,-,-
,,COM002,-,-,-,-,2,2,-,-,-,-,-,-,-,-,-,-,-,-,-,-,-,-,-,-,-,-,-,-,-,-,-,-,-,-,-,-,-,-,-,-,-,-,-
Costa Rica,Nicaraguan refugees in Costa Rica,CRI002,Increasing,-,-,-,0.8,0.8,0.8,0.8,0.8,0.8,0.8,0.8,0.8,1.3,1.2,1,1,1,1.1,1.1,1.1,1.1,1.1,1.1,1.1,1.2,1.2,1.2,1.2,1.2,1.2,1.2,1.2,1.2,1.1,1.1,1.1,1.1,1.1,1.1,1.1,1.1,1.3
Djibouti,Multiple crises in Djibouti,DJI001,Decreasing,-,2.6,2.9,2.9,-,-,-,-,-,-,-,2.9,2.9,2.9,2.9,2.9,2.9,2.9,2.9,2.9,2.9,2.9,3,3,3,2.7,2.7,2.7,2.7,2.7,2.6,2.6,2.8,2.8,2.8,2.8,2.7,2.7,2.7,2.7,2.5,2.5
Djibouti,Mixed migration in Djibouti,DJI002,Decreasing,-,1.4,1.4,1.7,1.7,1.7,1.7,1.4,1.4,1.4,1.4,1.4,1.4,1.4,1.4,1.4,1.4,1.4,1.4,1.4,1.5,1.5,1.8,1.8,1.8,1.8,1.8,1.8,1.8,1.8,1.7,1.7,1.7,1.7,1.7,1.7,1.7,1.7,1.7,1.7,1.5,1.5
Djibouti,Drought in Djibouti,DJI003,Decreasing,-,2.6,2.8,2.8,2.9,2.8,2.8,2.7,2.7,2.7,2.8,2.8,2.8,2.8,2.8,2.8,2.8,2.8,2.8,2.8,2.9,2.9,3.1,3.1,3.1,2.8,2.8,2.8,2.8,2.8,2.4,2.4,2.6,2.6,2.6,2.6,2.6,2.6,2.6,2.6,2.4,2.4
,,DJI004,-,-,-,-,-,-,-,-,-,-,-,-,2.3,2.3,2.3,2.3,2.3,2.3,2.3,-,-,-,-,-,-,-,-,-,-,-,-,-,-,-,-,-,-,-,-,-,-,-,-
Dominican Republic,Venezuela displacement in Dominican Republic,DOM002,Stable,-,-,-,-,-,-,-,-,-,-,-,-,-,-,-,-,-,-,-,-,-,-,-,-,-,-,-,-,-,-,-,-,-,-,-,-,-,1.9,1.8,1.8,1.8,2.1
Algeria,Mixed migration flows in Algeria,DZA002,-,-,-,-,-,-,-,-,-,-,-,-,-,-,-,-,-,-,-,-,-,-,-,-,-,-,-,-,-,-,-,-,-,-,-,-,-,-,-,-,-,-,x
Algeria,Sahrawi refugees in Algeria,DZA003,Stable,-,2.2,2.2,1.6,1.6,1.6,1.6,1.6,1.6,1.6,2.2,2.2,2.2,2.2,2.2,2.2,2.2,2.2,2.2,2.2,2.2,2.2,2.3,2.3,2.3,2.3,2.3,2.3,2.3,2.2,2.2,2.2,2.2,2.3,2.3,2.3,2.3,2.3,2.3,2.3,2.3,2.3
Algeria,Multiple crises in Algeria,DZA004,-,-,-,-,-,-,-,-,-,-,-,-,-,-,-,-,-,-,-,-,-,-,-,-,-,-,-,-,-,-,-,-,-,-,-,-,-,-,-,-,-,-,x
Ecuador,Venezuela displacement in Ecuador,ECU002,Increasing,-,1.7,1.7,2.3,2.3,2.4,2.3,2.3,2.3,2.3,2.3,2.3,2.3,2.4,2.5,2.4,2.4,2.4,2.4,2.4,2.4,2.4,2.4,2.4,2.3,2.3,2.3,2.3,2.3,2.3,2.3,2.3,2.3,2.3,2.3,2.3,2.3,2.5,2.5,2.5,2.5,2.5
Egypt,Syrian Refugee Crisis in Egypt,EGY002,Increasing,-,1,1,1.7,1.7,1.7,1.7,1.7,1.7,1.7,1.7,1.7,1.7,1.7,1.7,2.1,2.1,2.2,2.2,2.2,2.2,2.2,2.4,2.4,3.1,3.1,2.9,2.4,2.4,2.3,2.3,2.3,2.3,2.3,2.3,2.3,2.3,2.3,2.3,2.3,2.9,2.9
Eritrea,Complex crisis in Eritrea,ERI001,Stable,-,3.4,3.4,3.8,3.8,3.8,3.8,3.8,3.8,3.8,3.8,3.8,3.8,3.8,3.8,3.8,3.8,3.8,3.8,3.8,3.8,3.8,3.7,3.7,3.7,3.7,3.7,3.7,3.7,3.7,3.7,3.7,3.7,3.7,3.7,3.7,3.7,3.7,3.7,3.7,3.7,3.7
Spain,Mixed migration flows in spain,ESP002,Decreasing,-,1.2,-,-,-,-,-,-,-,-,-,-,-,-,-,-,-,-,-,-,-,-,-,-,1.5,1.5,1.5,1.5,1.6,1.8,1.8,1.8,1.8,1.8,1.8,1.8,1.8,1.8,1.7,1.7,1.6,1.6
Ethiopia,Complex crisis in Ethiopia,ETH001,Decreasing,-,-,3.8,3.8,3.8,3.8,3.8,3.8,3.8,3.8,3.8,3.8,3.8,3.8,3.8,4,4,4,4,4,4,4,4.1,4.1,4.1,4.1,4.5,4.6,4.6,4.7,4.7,4.7,4.7,4.7,4.7,4.7,4.7,4.7,4.7,4.7,4.6,4.6
,,ETH002,-,-,-,-,-,-,-,-,-,-,-,-,-,-,-,-,-,-,2.4,2.4,2.4,2.4,2.4,2.6,2.6,2.6,2.6,2.6,2.7,2.7,2.4,2.4,2.4,2.7,2.6,2.6,2.5,-,-,-,-,-,-
Ethiopia,International Displacement,ETH003,Decreasing,-,-,-,-,-,-,-,-,-,-,-,-,-,-,-,-,-,-,2.8,2.8,2.8,2.8,2.9,2.9,2.9,2.9,3,3,3,3.1,3.1,3.1,3.1,3.1,3.1,3.1,3.1,3.1,3.1,3.1,3,2.6
Ethiopia,Northern Ethiopia Conflict,ETH004,Decreasing,-,-,-,-,-,-,-,-,-,-,-,-,-,-,-,-,-,-,-,-,-,-,-,4.2,3.7,3.7,3.7,3.7,3.7,4.4,4.4,4.4,4.4,4.4,4.3,4.4,4.4,4.4,4.4,4.4,4.3,4.2
Ethiopia,Drought in Ethiopia,ETH005,Increasing,-,-,-,-,-,-,-,-,-,-,-,-,-,-,-,-,-,-,-,-,-,-,-,-,-,-,-,-,-,-,-,-,-,-,-,-,-,2.7,2.6,2.8,2.8,3.5
,,FJI002,-,-,-,-,-,-,-,-,-,-,-,-,-,-,-,-,-,-,-,-,-,-,-,-,-,1.4,1.4,1.4,1.4,-,-,-,-,-,-,-,-,-,-,-,-,-,-
Greece,Mixed migration flows in Greece,GRC002,Stable,-,1,1,1.7,1.5,1.5,1.8,1.8,1.8,1.9,1.9,1.9,1.9,1.9,2,1.9,2,2.1,2.2,1.9,1.9,1.9,1.8,1.8,1.8,1.6,1.6,1.5,1.5,1.6,1.6,1.6,1.7,1.7,1.7,1.6,1.6,1.6,1.6,1.6,1.6,1.6
Guatemala,Complex crisis in Guatemala,GTM001,Stable,-,3.4,3.4,4,3.7,3.5,3.5,3.5,3.5,3.5,3.5,3.5,3.5,3.3,3.3,3.4,3.4,3.4,3.4,3.4,3.4,3.4,3.4,3.4,3.4,3.4,3.4,3.4,3.4,3.4,3.4,3.4,3.4,3.4,3.5,3.5,3.5,3.5,3.5,3.5,3.5,3.6
,,GTM003,-,-,-,-,-,-,-,-,-,-,-,-,-,-,-,-,-,-,-,-,-,-,-,-,2.7,3.1,3.1,3.1,3.1,3.1,3.1,3.1,3.1,-,-,-,-,-,-,-,-,-,-
Honduras,Complex crisis in Honduras,HND001,Decreasing,-,2.3,2.3,2.8,2.8,2.8,2.8,2.8,2.8,2.8,2.8,3.2,3.2,3.2,3.2,3.3,3.3,3.3,3.3,3.3,3.3,3.2,3.3,3.3,3.3,3.3,3.3,3.3,3.3,3.3,3.3,3.3,3.3,3.3,3.7,3.7,3.7,3.7,3.7,3.7,3.6,3.3
,,HND002,-,-,-,-,-,-,-,-,-,-,-,-,-,-,-,-,-,-,-,-,-,-,-,-,3.1,3.3,3.3,3.3,3.3,3.3,3.3,3.3,3.3,3.3,-,-,-,-,-,-,-,-,-
Haiti,Complex crisis in Haiti,HTI001,Stable,3.4,2.9,2.9,3.2,3.2,3.3,3.3,3.3,3.3,3.3,3.4,3.4,3.4,3.4,3.5,3.5,3.5,3.5,3.5,3.5,3.4,3.5,3.5,3.5,3.5,3.5,3.8,3.8,3.8,3.8,3.8,4.1,4.1,4.1,4.1,4.1,4.1,4.1,4.1,4.1,4,4.2
Haiti,Nippes Earthquake ,HTI002,Stable,-,-,-,-,-,-,-,-,-,-,-,-,-,-,-,-,-,-,-,-,-,-,-,-,-,-,-,-,-,-,-,3,3,3.1,3.1,3.1,3.1,3.1,3.1,3.1,3,3.1
Hungary,Displacement from Ukraine conflict in Hungary,HUN002,Increasing,-,-,-,-,-,-,-,-,-,-,-,-,-,-,-,-,-,-,-,-,-,-,-,-,-,-,-,-,-,-,-,-,-,-,-,-,-,1.1,1.4,1.3,1.4,1.4
,,IDN001,-,-,2.3,2.3,2.8,2.8,2.8,2.1,2.1,2.1,2.1,2.1,2.1,1.9,1.9,2.2,-,-,-,-,-,-,-,-,-,-,-,-,-,-,-,-,-,-,-,-,-,-,-,-,-,-,-
Indonesia,Papua Conflict,IDN002,Increasing,-,-,-,-,-,-,2.2,2.2,2.2,2.2,2.2,2.2,-,-,-,-,-,-,-,-,-,-,-,-,-,-,-,-,-,-,-,-,-,-,2,2.1,2.1,2.2,2.3,2.3,2.6,2.6
,,IDN003,-,-,-,-,-,-,-,1.2,1.2,1.2,1.4,1.3,-,-,-,-,-,-,-,-,-,-,-,-,-,-,-,-,-,-,-,-,-,-,-,-,-,-,-,-,-,-,-
,,IDN005,-,-,-,-,-,-,-,-,-,-,-,-,-,1.4,1.4,1.7,-,-,-,-,-,-,-,-,-,-,-,-,-,-,-,-,-,-,-,-,-,-,-,-,-,-,-
,,IDN006,-,-,-,-,-,-,-,-,-,-,-,-,-,-,-,-,-,-,-,-,-,-,-,-,-,2.1,2.1,2.1,2.1,-,-,-,-,-,-,-,-,-,-,-,-,-,-
,,IDN007,-,-,-,-,-,-,-,-,-,-,-,-,-,-,-,-,-,-,-,-,-,-,-,-,-,2.1,2.1,2.1,2.1,-,-,-,-,-,-,-,-,-,-,-,-,-,-
,,IND001,-,-,-,-,-,-,-,-,-,-,-,-,-,-,-,-,-,-,2.4,3,2.9,3,2.7,2.8,2.8,-,-,-,-,-,-,-,-,-,-,-,-,-,-,-,-,-,-
India,Conflict in Jammu and Kashmir,IND002,-,-,-,-,-,-,-,-,-,-,-,-,-,-,-,-,-,-,-,-,-,-,-,-,-,-,-,-,-,-,-,-,-,-,-,-,-,-,-,-,-,-,x
,,IND003,-,-,-,-,-,-,-,-,-,-,-,-,-,-,-,-,-,-,2.4,2.5,2.5,2.5,2.5,2.5,2.5,-,-,-,-,-,-,-,-,-,-,-,-,-,-,-,-,-,-
,,IND004,-,-,-,-,-,-,-,-,-,-,-,-,-,-,-,-,-,-,-,2.9,-,-,-,-,-,-,-,-,-,-,-,-,-,-,-,-,-,-,-,-,-,-,-
,,IND005,-,-,-,-,-,-,-,-,-,-,-,-,-,-,-,-,-,-,-,-,-,2.7,2.6,2.6,-,-,-,-,-,-,-,-,-,-,-,-,-,-,-,-,-,-,-
,,IRN002,-,-,-,-,3.2,3.1,3.1,-,-,-,-,-,-,-,-,-,-,-,-,-,-,-,-,-,-,-,-,-,-,-,-,-,-,-,-,-,-,-,-,-,-,-,-
,,IRN003,-,-,-,-,-,-,-,-,-,-,-,-,-,1.6,-,-,-,-,-,-,-,-,-,-,-,-,-,-,-,-,-,-,-,-,-,-,-,-,-,-,-,-,-
Iran,Afghan Refugees in Iran,IRN004,Increasing,-,-,-,-,-,-,-,-,-,-,-,-,-,-,3.4,3.4,3.4,3.5,3.5,3.5,3.5,3.5,3.4,3.4,3.4,3.4,3.4,3.4,3.4,3.3,3.3,3.3,3.3,3.4,3.4,3.4,3.4,3.4,3.4,3.6,3.6,3.6
Iraq,Multiple crises in Iraq,IRQ001,Stable,-,4.3,4.3,4.2,4.2,4.3,4.3,4.3,4.3,4.3,4.3,4.2,4.2,4.2,4.2,3.9,3.9,4,4,4,4,4,4,4,3.9,3.9,4.2,4.2,4.2,4.2,4.2,4.2,4.2,4.2,4.2,4.2,3.9,3.9,3.9,3.9,3.9,3.9
Iraq,Conflict  in Iraq,IRQ002,Stable,-,4.4,4.3,4.2,4.2,4.3,4.3,4.3,4.3,4.3,4.3,4.1,4.1,4.1,4,4,4,4.1,4.1,4.1,4.1,4.1,4.1,4.1,4.1,4.2,4.4,4.4,4.4,4.4,4.4,4.4,4.4,4.4,4.4,4.2,3.9,3.9,3.9,3.8,3.9,3.9
Iraq,Syrian and Palestinian refugees in iraq,IRQ003,Increasing,-,2.5,2.4,3.2,3.1,3.2,3.2,3.2,3.2,3.2,2.9,2.9,2.9,2.9,2.9,2.9,2.9,2.9,2.9,2.9,2.8,2.8,2.8,2.8,2.8,2.8,2.8,2.9,2.9,2.9,2.9,2.9,2.9,2.9,2.9,2.9,2.9,2.9,2.9,3,3,3
Italy,Mixed migration flows in Italy,ITA002,Stable,-,1.1,-,-,-,-,-,-,-,-,-,-,-,-,-,-,-,-,-,-,-,-,-,-,-,-,-,-,-,1.9,1.9,1.9,1.9,1.9,1.9,1.9,1.9,1.9,1.9,1.9,1.9,1.9
,,JOR001,-,-,1.6,1.6,-,-,-,-,-,-,-,-,-,-,-,-,-,-,-,-,-,-,-,-,-,-,-,-,-,-,-,-,-,-,-,-,-,-,-,-,-,-,-
Jordan,Syrian refugees in Jordan,JOR002,Stable,-,1.6,1.6,2.5,2.6,2.6,2.6,2.6,2.6,2.6,2.5,2.5,2.5,2.5,2.5,2.5,2.6,2.7,2.7,2.7,2.7,2.7,2.8,2.7,3.1,3.1,3.1,3.1,3.1,2.9,2.9,2.9,2.9,2.8,2.8,2.7,2.7,2.7,2.7,2.7,2.7,2.7
,,JOR003,-,-,1.6,1.6,-,-,-,-,-,-,-,-,-,-,-,-,-,-,-,-,-,-,-,-,-,-,-,-,-,-,-,-,-,-,-,-,-,-,-,-,-,-,-
Kenya,Multiple crisis in Kenya ,KEN001,Increasing,-,-,-,-,-,3.1,3.1,3.1,3.4,3.4,3.3,3.3,3.3,3.3,3.3,3.3,3.4,3.5,3.1,3.1,3.1,3.1,3,3,3,-,-,-,-,-,-,-,3.1,3.1,3.1,3.2,3.2,3.2,3.3,3.3,3.3,3.6
Kenya,Refugee situation in Kenya,KEN002,Increasing,-,2,2,2.8,2.8,2.8,2.8,2.8,2.8,2.8,2.7,2.7,2.7,2.7,2.7,2.7,2.8,2.8,2.8,2.8,2.8,2.8,2.8,2.8,2.8,2.8,2.8,2.8,2.8,2.8,2.8,2.8,2.5,2.6,2.6,2.6,2.6,2.6,2.6,2.6,2.6,2.8
Kenya,Drought in Kenya,KEN003,Increasing,-,-,-,-,-,3,3.1,3.1,3.3,3.3,3.2,3.2,3.2,3.2,3.2,3.2,3.4,3.4,3,3,2.9,2.9,3,2.9,2.9,-,-,-,-,-,-,-,2.8,2.9,2.9,2.9,2.9,2.9,3.2,3.2,3.2,3.5
,,KEN004,-,-,-,-,-,-,-,-,-,-,-,-,-,-,-,-,-,-,-,-,-,-,-,-,-,-,-,-,-,-,-,-,-,-,-,-,-,-,-,-,-,-,-
,,KEN005,-,-,-,-,-,-,-,-,-,-,-,-,-,-,-,-,1.7,1.7,2.2,2.2,2.2,2.2,2.2,2.2,2.2,2.2,-,-,-,-,-,-,-,-,-,-,-,-,-,-,-,-,-
,,LAO002,-,-,-,-,-,-,-,-,-,-,1.9,-,-,-,-,-,-,-,-,-,-,-,-,-,-,-,-,-,-,-,-,-,-,-,-,-,-,-,-,-,-,-,-
,,LBN001,-,-,2.4,2.4,-,-,-,-,-,-,-,-,-,-,-,-,-,-,-,-,-,-,-,-,-,-,-,-,-,-,-,-,-,-,-,-,-,-,-,-,-,-,-
Lebanon,Syrian refugees in Lebanon,LBN002,Increasing,-,2.4,2.4,2.9,2.8,2.8,2.8,2.8,2.8,2.9,2.9,2.9,2.9,2.9,2.9,2.9,2.9,3.2,3.1,3.2,3.2,3.2,3.2,3.2,3.4,3.4,3.5,3.5,3.5,3.5,3.5,3.4,3.4,3.4,3.4,3.3,3.3,3.3,3.3,3.6,3.6,3.5
,,LBN003,-,-,1.4,1.4,-,-,-,-,-,-,-,-,-,-,-,-,-,-,-,-,-,-,-,-,-,-,-,-,-,-,-,-,-,-,-,-,-,-,-,-,-,-,-
Lebanon,Socioeconomic crisis in Lebanon,LBN004,Increasing,-,-,-,-,-,-,-,-,-,-,-,-,-,-,-,3.3,3.3,3.3,3.3,3.4,3.5,3.5,3.5,3.5,3.5,3.6,3.7,3.7,3.7,3.7,3.7,3.5,3.5,3.5,3.5,3.5,3.5,3.5,3.5,3.6,3.6,3.5
,,LBN005,-,-,-,-,-,-,-,-,-,-,-,-,-,-,-,-,-,-,-,-,3.2,3.2,3.1,3.2,3.2,3.2,-,-,-,-,-,-,-,-,-,-,-,-,-,-,-,-,-
Libya,Complex crisis in Libya,LBY001,Decreasing,-,3.9,3.7,3.9,3.9,3.9,3.9,3.9,3.9,3.9,3.9,3.9,3.9,3.9,3.9,4.2,4.2,4.2,4.2,4.2,4.1,4.1,4.2,4.2,4.2,4.2,4,4,4,3.8,3.8,3.8,3.8,3.8,3.8,3.8,3.8,3.5,3.5,3.5,3.5,3.5
Libya,Mixed migration flows in Libya,LBY002,Increasing,-,2.6,2.6,3.5,3.5,3.5,3.5,3.5,3.5,3.5,3.5,3.5,3.5,3.5,3.6,3.1,3.1,3.1,3,3,3,3,3,3,3,3,2.6,2.6,2.6,2.5,2.5,3,3,3,3,3,3,2.9,2.8,2.8,3.1,3.1
Sri Lanka,Socio-economic crisis in Sri Lanka,LKA002,-,-,-,-,-,-,-,-,-,-,-,-,-,-,-,-,-,-,-,-,-,-,-,-,-,-,-,-,-,-,-,-,-,-,-,-,-,-,-,-,-,-,3.4
Lesotho,Drought in Lesotho,LSO002,Decreasing,2.2,2.2,2.1,2.1,2.1,2.1,2.1,2.1,2.1,2.2,2.2,2.2,2.2,2.2,2.4,2.4,2.4,2.4,2.4,2.4,2.3,2.5,2.5,2.5,2.5,2.5,2.5,2.5,2.5,2.5,2.5,2.5,2,2,2.2,2.2,2.2,2.2,2.2,2.2,2.1,2.1
Morocco,Mixed migration flows in Morocco,MAR002,-,-,-,-,-,-,-,-,-,-,-,-,-,-,-,-,-,-,-,-,-,-,-,-,-,-,-,-,-,-,-,-,-,-,-,-,-,-,-,-,-,-,x
Moldova,DIsplacement from Ukraine conflict in Moldova,MDA002,Decreasing,-,-,-,-,-,-,-,-,-,-,-,-,-,-,-,-,-,-,-,-,-,-,-,-,-,-,-,-,-,-,-,-,-,-,-,-,-,-,1.4,1.2,1.2,1.2
Madagascar,Multiple crisis in Madagascar,MDG001,Increasing,-,2.8,2.8,2.9,2.9,-,-,-,-,-,-,-,-,-,-,-,-,-,-,-,-,-,-,-,-,-,-,-,-,-,-,-,-,-,-,-,2.7,3,3,3,3,3
Madagascar,Drought in Madagascar,MDG002,Decreasing,-,3,3,2.9,2.9,2.9,2.8,2.8,2.6,2.4,2.4,2.4,2.7,2.7,2.7,2.7,2.6,2.6,2.6,2.6,2.6,2.5,2.5,2.5,3,3,3,3,3.1,3.1,2.8,2.8,2.8,2.8,2.9,2.8,2.9,3,3,2.9,2.9,2.9
,,MDG003,-,-,1.7,1.8,2.3,2.4,-,-,-,-,-,-,-,-,-,-,-,-,-,-,-,-,-,-,-,-,-,-,-,-,-,-,-,-,-,-,-,-,-,-,-,-,-
,,MDG004,-,-,-,-,-,-,-,-,-,-,-,-,-,-,1.2,1.3,1.3,1.3,1.3,1.3,1.3,1.3,1.3,1.1,1.1,-,-,-,-,-,-,-,-,-,-,-,-,-,-,-,-,-,-
,,MDG005,-,-,-,-,-,-,-,-,-,-,-,-,-,-,2.5,2.5,2.5,2.5,2.6,2.6,2.6,2.6,2.6,2.5,2.5,-,-,-,-,-,-,-,-,-,-,-,-,-,-,-,-,-,-
Madagascar,Tropical Cyclones Season in 2022 in Madagascar,MDG006,Decreasing,-,-,-,-,-,-,-,-,-,-,-,-,-,-,-,-,-,-,-,-,-,-,-,-,-,-,-,-,-,-,-,-,-,-,-,-,1.7,2.1,1.9,1.8,1.8,1.8
Mexico,Multiple crisis in Mexico,MEX001,-,-,-,-,-,-,-,-,-,-,-,-,-,-,-,-,-,-,-,-,-,-,-,-,-,-,-,-,-,-,-,-,-,-,-,-,-,-,-,-,-,-,2.8
Mexico,Criminal Violence in Mexico,MEX002,-,-,-,-,-,-,-,-,-,-,-,-,-,-,-,-,-,-,-,-,-,-,-,-,-,-,-,-,-,-,-,-,-,-,-,-,-,-,-,-,-,-,2.5
Mexico,Mixed Migration in Mexico,MEX003,Stable,-,-,-,-,-,-,-,-,-,-,-,-,-,-,-,-,-,-,-,-,-,-,-,-,-,-,-,-,-,-,-,-,-,-,-,-,-,2.4,2.4,2.4,2.4,2.5
,,MEX004,-,-,-,-,-,-,-,-,-,-,-,-,-,-,-,-,-,-,-,-,-,-,-,-,1.7,1.7,1.7,-,-,-,-,-,-,-,-,-,-,-,-,-,-,-,-
Mali,Complex crisis in Mali,MLI001,Decreasing,3.6,3.8,3.8,3.6,3.6,3.6,3.6,3.7,3.7,3.8,3.8,3.8,3.8,3.8,3.8,3.8,3.8,3.8,3.8,3.8,3.8,3.8,3.8,3.8,3.8,3.8,4.1,4.1,4.1,4.3,4.3,4.3,4.3,4.3,4.3,4.3,4.3,4.3,4.3,4.2,4.2,4.2
Myanmar,Multiple crises in Myanmar,MMR001,Increasing,-,3.2,3.2,3.2,3.3,3.3,3.3,3.3,3.3,3.4,3.4,3.4,3.4,3.4,3.6,3.6,3.6,3.6,3.6,3.5,3.5,3.5,3.5,3.5,3.5,3.7,3.7,3.7,3.7,3.7,3.9,3.9,3.9,3.8,3.9,3.9,4.3,4.3,4.3,4.3,4.4,4.4
Myanmar,Rakhine Conflict,MMR002,Increasing,-,3.3,3.3,3.1,3.2,3.2,3.2,3.2,3.2,3.5,3.5,3.4,3.5,3.5,3.5,3.5,3.5,3.5,3.5,3.5,3.5,3.5,3.5,3.5,3.5,3.5,3.5,3.5,3.5,3.6,3.6,3.6,3.6,3.5,3.5,3.5,3.6,3.6,3.7,3.7,3.7,3.7
Myanmar,Kachin and Shan Conflict,MMR003,Increasing,-,2.1,2.1,2.3,2.4,2.3,2.3,2.3,2.3,2.7,2.7,2.7,2.7,2.7,2.6,2.6,2.6,2.6,2.6,2.6,2.6,2.6,2.6,2.6,2.6,3.1,3.1,3.1,3.1,3.2,3.2,3.2,3.2,3.1,3.1,3.2,3.8,3.8,3.8,3.8,3.9,3.9
Myanmar,Post-coup conflict in Myanmar,MMR004,Increasing,-,-,-,-,-,-,-,-,-,-,-,-,-,-,-,-,-,-,-,-,-,-,-,-,-,-,-,-,-,2.1,3.4,3.4,3.4,3.4,3.4,3.5,4.1,4.1,4.1,4.1,4.5,4.5
Mozambique,Multiple Crises in Mozambique,MOZ001,Increasing,-,-,-,3.8,3.7,3.7,3.2,3.2,3.2,3.2,3.4,3.4,3.5,3.5,3.2,3.2,3.2,3.2,3,3,3,3.2,3.3,3.3,3.6,3.6,3.6,3.6,3.6,3.7,-,-,-,-,-,-,3.5,3.5,3.6,3.6,3.6,3.6
,,MOZ002,-,-,3.3,3.3,3.3,3.3,-,-,-,-,-,-,-,-,-,-,-,-,-,-,-,-,-,-,-,-,-,-,-,-,-,-,-,-,-,-,-,-,-,-,-,-,-
,,MOZ003,-,-,-,3.1,3.4,3.4,-,-,-,-,-,-,-,-,-,-,-,-,-,-,-,-,-,-,-,-,-,-,-,-,-,-,-,-,-,-,-,-,-,-,-,-,-
Mozambique,Cabo Delgado Islamist Insurgency,MOZ004,Stable,-,-,-,-,-,-,-,-,-,-,-,-,-,-,2,2,2.6,2.6,2.8,2.9,2.9,2.9,2.1,2.1,3.5,3.5,3.5,3.6,3.6,3.6,3.4,3.4,3.4,3.3,3.3,3.3,3.4,3.4,3.4,3.4,3.4,3.4
,,MOZ005,-,-,-,-,2.7,2.8,-,-,-,-,-,-,-,-,-,-,-,-,-,-,-,-,-,-,-,-,-,-,-,-,-,-,-,-,-,-,-,-,-,-,-,-,-
,,MOZ006,-,-,-,-,-,-,-,-,-,-,-,-,-,-,3.2,3.2,3.2,3.2,3.2,3.2,3.2,3.2,2.8,3,3,3.4,3.4,3.4,3.5,3.5,3.5,-,-,-,-,-,-,-,-,-,-,-,-
,,MOZ007,-,-,-,-,-,-,-,-,-,-,-,-,-,-,-,-,-,-,-,-,-,-,-,-,-,-,2.2,2.2,2.3,2.3,2.3,-,-,-,-,-,-,-,-,-,-,-,-
Mozambique,2022 Tropical Cyclone Seasons in Mozambique,MOZ008,Increasing,-,-,-,-,-,-,-,-,-,-,-,-,-,-,-,-,-,-,-,-,-,-,-,-,-,-,-,-,-,-,-,-,-,-,-,-,2.3,2.4,2.6,3.1,3.1,3.1
,,MRT001,-,-,2.9,2.9,-,-,-,-,-,-,-,-,-,-,-,-,-,-,-,-,-,-,-,-,-,-,-,-,-,-,-,-,-,-,-,-,-,-,-,-,-,-,-
Mauritania,Refugees from Mali in Mauritania,MRT002,Stable,-,2.3,2.3,2.3,2.2,2.2,2.2,2.2,2.2,2.2,2.2,2.2,2.2,2.2,2.2,2.3,2.3,2.3,2.3,2.3,2.3,2.3,2.2,2.2,2.2,2.2,2.2,2.2,2.2,2.2,2.2,2.1,2.1,2.1,2.1,2.1,2.1,2.1,2.1,2.1,2.1,2.1
Mauritania,Food Security in Mauritania,MRT003,Stable,-,3,3,3,2.7,2.8,2.9,2.9,2.9,2.9,2.8,2.8,2.6,2.6,2.6,2.6,2.6,2.7,2.7,3,2.9,2.9,2.8,2.8,2.8,2.8,2.8,2.8,2.8,2.8,2.8,2.8,2.8,2.8,2.8,2.8,2.8,2.8,2.8,2.8,2.8,2.8
Malawi,Complex crisis in Malawi,MWI002,Decreasing,-,-,2.9,3,3.1,3.1,3.1,2.7,2.7,2.5,2.5,2.5,2.6,2.6,2.7,2.7,2.6,2.7,2.7,2.6,2.6,2.7,2.8,2.8,2.8,2.8,2.8,2.8,2.9,2.9,3,3,2.8,2.8,3,3,3,3,2.5,2.5,2.4,3
,,MWI003,-,-,-,-,-,2.7,2.6,-,-,-,-,-,-,-,-,-,-,-,-,-,-,-,-,-,-,-,-,-,-,-,-,-,-,-,-,-,-,-,-,-,-,-,-
Malawi,Tropical Cyclone Ana in Malawi,MWI004,Increasing,-,-,-,-,-,-,-,-,-,-,-,-,-,-,-,-,-,-,-,-,-,-,-,-,-,-,-,-,-,-,-,-,-,-,-,-,2.1,2.1,2.1,2.1,2,2.5
Malaysia,International Refugees in Malaysia,MYS001,Increasing,-,-,-,-,-,-,-,-,-,-,-,-,-,-,-,-,-,-,-,-,-,-,-,-,-,-,1.6,1.6,1.6,1.7,1.7,1.7,1.7,1.7,1.7,1.6,1.6,1.7,1.6,2.2,2.3,2.3
Namibia,Food Security Crisis in Namibia,NAM002,Increasing,-,-,-,-,-,-,-,-,-,-,-,-,-,2.2,2.1,2.1,2.1,2.1,2.1,2.1,2.1,2,2.1,2.1,2.1,2.1,2.1,2.1,2.1,2.1,2.3,2.3,2.3,2.2,2.2,2.4,2.4,2.4,2.4,2.4,2.5,2.5
Niger,Multiple crises in Niger,NER001,Decreasing,-,3.1,3.2,3.5,3.5,3.5,3.5,3.5,3.5,3.6,3.6,3.6,3.6,3.6,3.6,3.6,3.6,3.6,3.7,3.7,3.7,3.8,3.7,3.7,3.7,3.7,3.7,3.7,3.7,3.8,3.8,3.8,3.8,3.8,3.8,3.8,3.8,3.8,3.8,3.7,3.7,3.5
Niger,Boko Haram in Niger,NER002,Decreasing,-,3.1,3.2,3.2,3.2,3.3,3.3,3.3,3.3,3.4,3.4,3.4,3.4,3.4,3.4,3.4,3.4,3.4,3.5,3.5,3.4,3.4,3.4,3.4,2.9,2.9,2.9,2.9,2.9,3,3,3,3,3,3,3,3,3,3,2.9,2.9,2.9
Niger,Mali/Burkina Faso conflict,NER003,Stable,-,2.4,2.6,3,3,3,3,3,3,3.1,3.1,3.1,3.1,3.1,3.2,3.2,3.2,3.2,3.3,3.2,3.2,3.2,3.2,3.2,3.2,3.2,3.2,3.3,3.3,3.4,3.4,3.4,3.4,3.3,3.3,3.3,3.3,3.3,3.3,3.3,3.3,3.3
Niger,Nigerian Refugees,NER004,Stable,-,-,-,-,-,-,-,-,-,-,-,2.5,2.5,2.6,2.5,2.5,2.5,2.6,2.5,2.5,2.5,2.5,2.4,2.5,2.7,2.7,2.7,2.7,2.7,2.7,2.7,2.7,2.7,2.7,2.7,2.7,2.7,2.7,2.7,2.7,2.7,2.7
,,NER005,-,-,-,-,-,-,-,-,-,-,-,-,-,-,-,-,-,-,-,-,-,-,2.9,2.9,2.9,2.9,-,-,-,-,-,-,-,-,-,-,-,-,-,-,-,-,-
Nigeria,Complex crisis in Nigeria,NGA001,Decreasing,3.5,3.5,4,4.1,3.8,3.8,4.1,4.1,4.1,4.1,4.1,4.1,4,4,3.7,4.2,4.1,4.2,4.2,4.2,4.2,4.2,4,4,4,4.1,4.1,4.1,4.1,4.1,4.1,4.2,4.2,4.2,4.2,4.2,4.2,4.2,4.2,4.2,4.1,3.5
,,NGA002,-,3.6,3.6,3.5,3.6,-,-,-,-,-,-,-,-,-,-,-,-,-,-,-,-,-,-,-,-,-,-,-,-,-,-,-,-,-,-,-,-,-,-,-,-,-,-
Nigeria,Middle belt conflict,NGA003,Stable,2.1,2,2.7,2.8,2.8,2.8,2.8,2.8,2.8,2.8,-,-,-,-,-,-,-,-,-,-,-,-,2.5,2.5,2.5,2.5,2.5,2.5,2.5,2.6,2.6,3.4,3.4,3.4,3.2,3.2,3.2,3.2,3.2,3.2,3.2,3.2
Nigeria,Boko Haram crisis in Nigeria,NGA004,Stable,4,4,4,4.1,4.1,4.1,4.2,4.1,4.1,4.1,4.1,4.1,4,4,4,4,4,4.1,4.1,4.1,4.1,4,4.1,4.1,4.1,4,4.1,4.1,4.1,4.1,4.1,4.2,4.2,4.2,4.1,4.1,4.1,4.2,4.2,4.2,4.2,4.2
,,NGA005,-,1.5,1.5,-,-,-,-,-,-,-,-,-,-,-,-,-,-,-,-,-,-,-,-,-,-,-,-,-,-,-,-,-,-,-,-,-,-,-,-,-,-,-,-
Nigeria,Northwest Banditry,NGA007,Stable,-,-,-,-,-,-,-,-,-,-,-,-,-,-,2.5,2.5,2.6,2.6,2.6,2.6,2.6,2.6,2.6,2.6,2.6,2.6,2.7,2.7,2.7,2.9,2.8,3.7,3.7,3.6,3.6,3.6,3.6,3.6,3.6,3.6,3.6,3.6
Nigeria,Cameroonian Refugees in Nigeria,NGA008,Decreasing,-,-,-,-,-,-,-,-,-,-,-,-,2,2.4,2.4,2.5,2.5,2.1,2.1,2.1,2.1,2,2.1,2.1,2.1,2.1,2.1,2.1,2.1,2,2,2,2,2,2,2,2,2,2,2,2,1.7
Nicaragua,Socioeconomic crisis in Nicaragua,NIC001,-,2,2,2,2.4,2.4,2.4,2.4,2.4,2.4,-,-,-,-,-,-,-,-,-,-,-,-,-,-,-,-,-,-,-,-,-,-,-,-,-,-,-,-,-,-,1.9,1.9,x
,,NIC002,-,-,-,-,-,-,-,-,-,-,-,-,-,-,-,-,-,-,-,-,-,-,-,-,2.2,2.2,2.2,2.2,2.2,2.2,2.3,2.3,2.3,2.3,-,-,-,-,-,-,-,-,-
,,NPL002,-,-,-,-,-,-,-,1.9,1.9,-,-,-,-,-,-,-,-,-,-,-,-,-,-,-,-,-,-,-,-,-,-,-,-,-,-,-,-,-,-,-,-,-,-
Pakistan,Complex crisis in Pakistan,PAK001,Increasing,-,3.2,3.2,3.3,3.3,3.3,3.3,3.3,3.3,3.4,3.4,3.4,3.4,3.4,3.4,3.4,3.4,3.4,3.4,3.4,3.4,3.4,3.4,3.4,3.4,3.4,3.4,3.4,3.8,3.8,3.8,3.8,3.8,3.7,3.7,3.6,3.6,3.6,3.6,3.6,3.7,3.7
,,PAK002,-,-,2.6,-,-,-,-,-,-,-,-,-,-,-,-,-,-,-,-,-,-,-,-,-,-,-,-,-,-,-,-,-,-,-,-,-,-,-,-,-,-,-,-
,,PAK003,-,-,3.2,3.2,-,-,-,-,-,-,-,-,-,-,-,-,-,-,-,-,-,-,-,-,-,-,-,-,-,-,-,-,-,-,-,-,-,-,-,-,-,-,-
Pakistan,Kashmir conflict in Pakistan,PAK004,-,-,-,-,-,-,-,-,-,-,-,-,-,-,-,-,-,-,-,-,-,-,-,-,-,-,-,-,-,-,-,-,-,-,-,-,-,-,-,-,-,-,x
Panama,Venezuela displacement in Panama,PAN002,Stable,-,1.1,-,-,-,-,-,-,-,-,-,-,-,-,-,-,-,-,-,-,-,-,-,-,-,-,-,-,-,-,-,-,-,-,-,-,-,2.1,2.1,2.1,2.1,2.2
Peru,Venezuela displacement in Peru,PER002,Stable,-,1.5,1.5,2.6,2.6,2.6,2.6,2.6,2.6,2.6,2.3,2.3,2.3,2.6,2.6,2.6,2.6,2.6,2.6,2.6,2.6,2.6,2.7,2.7,2.8,2.8,2.8,2.8,2.8,2.8,2.8,2.8,2.8,2.7,2.8,2.8,2.8,3,3,3,2.9,2.9
Philippines,Multiple crises in the Philippines,PHL001,Decreasing,-,-,-,-,-,-,-,-,-,-,-,2.7,2.7,3.4,2.7,2.4,2.4,2.5,2.5,2.5,2.5,2.4,3,3,3,3,3,3,-,-,-,-,-,-,-,3.3,3.2,3.3,3.3,3.3,3.1,3.2
Philippines,Mindanao conflict,PHL003,Decreasing,-,-,1.1,1.8,2,1.8,2.2,2.2,2.2,2.1,2.2,2.2,2.2,2.4,2.4,2.2,2.2,2.3,2.3,2.3,2.3,2.3,2.3,2.3,2.3,2.3,2.4,2.4,2.4,2.4,2.4,2.4,2.3,2.2,2.2,2.1,2.1,2.4,2.3,2.3,2.2,2.1
,,PHL004,-,-,-,-,-,-,-,-,-,-,-,-,2.1,2.1,2.1,2.1,2.1,2.1,2.1,2.1,2,2,1.8,1.8,1.8,1.8,1.8,1.8,1.8,-,-,-,-,-,-,-,-,-,-,-,-,-,-
,,PHL005,-,-,-,-,-,-,-,-,-,-,-,-,1.8,1.8,-,-,-,-,-,-,-,-,-,-,-,-,-,-,-,-,-,-,-,-,-,-,-,-,-,-,-,-,-
,,PHL006,-,-,-,-,-,-,-,-,-,-,-,-,-,3,3.1,-,-,-,-,-,-,-,-,-,-,-,-,-,-,-,-,-,-,-,-,-,-,-,-,-,-,-,-
,,PHL007,-,-,-,-,-,-,-,-,-,-,-,-,-,-,2,-,-,-,-,-,-,-,-,-,-,-,-,-,-,-,-,-,-,-,-,-,-,-,-,-,-,-,-
,,PHL008,-,-,-,-,-,-,-,-,-,-,-,-,-,-,-,-,-,-,-,-,-,-,-,-,-,-,-,-,-,-,-,-,-,-,-,-,-,-,-,-,-,-,-
,,PHL009,-,-,-,-,-,-,-,-,-,-,-,-,-,-,-,-,-,-,-,-,-,-,-,-,2.5,2.5,2.5,2.5,2.5,-,-,-,-,-,-,-,-,-,-,-,-,-,-
Philippines,Typhoon RAI,PHL010,Stable,-,-,-,-,-,-,-,-,-,-,-,-,-,-,-,-,-,-,-,-,-,-,-,-,-,-,-,-,-,-,-,-,-,-,-,3.1,3.1,3.1,3.1,3.1,3.1,3.1
,,PNG002,-,-,-,-,-,-,-,-,-,-,-,-,-,-,-,-,-,-,-,-,-,-,-,-,-,-,-,-,-,-,-,-,-,-,-,-,-,-,-,-,-,-,-
Poland,Displacement from Ukraine conflict in Poland,POL002,Increasing,-,-,-,-,-,-,-,-,-,-,-,-,-,-,-,-,-,-,-,-,-,-,-,-,-,-,-,-,-,-,-,-,-,-,-,-,-,1.2,1.6,1.6,1.7,1.7
DPRK,Complex crisis in DPRK,PRK001,Stable,3.6,3.6,3.6,3.9,3.9,3.9,3.9,3.9,3.9,3.9,4.1,4.1,4.1,4.1,4.1,4.1,4,4,4,4,4,4,3.7,3.7,3.7,3.7,3.8,3.7,3.7,3.8,3.8,3.8,3.8,3.8,3.8,3.8,3.8,3.8,3.8,3.8,3.8,3.8
Palestine,Conflict in Palestine,PSE002,Decreasing,-,3.6,3.6,3.8,3.8,3.8,3.8,3.8,3.8,3.8,3.8,3.8,3.8,3.8,3.8,3.8,3.9,3.9,3.9,3.9,3.9,3.9,3.9,3.9,3.9,4,4,4,4,4.2,4.2,4.2,4.2,4.2,3.9,3.8,3.8,3.8,3.8,3.8,3.7,3.7
"Nigeria,Niger,Chad,Cameroon",Regional Boko Haram Crisis,REG001,Increasing,-,-,4.2,4.2,4.2,4.2,4.2,4.2,4.2,4.3,4.3,4.3,4.3,4.3,4.3,4.3,4.1,4,4,4,4,4,4.1,4.1,4.1,4.1,4.2,4.2,4.2,4.3,4.3,4.3,4.3,4.2,4.2,4.2,4.2,4.2,4.2,4.3,4.3,4.3
"Venezuela,Brazil,Colombia,Ecuador,Peru,Trinidad and Tobago,Chile,Dominican Republic,Panama",Venezuela Regional Crisis,REG002,Decreasing,-,-,-,3.6,3.6,3.6,3.6,3.6,3.6,3.6,3.5,3.6,3.6,3.5,3.6,3.6,3.6,3.6,3.6,3.6,3.6,3.6,3.8,3.8,3.8,3.8,3.8,3.8,3.8,3.7,3.7,3.7,3.7,3.9,3.9,3.9,3.9,3.9,3.9,3.9,3.8,3.8
"India,Pakistan",Regional Kashmir conflict,REG003,-,-,-,-,-,-,-,-,-,-,-,-,-,-,-,-,-,-,-,-,-,-,-,-,-,-,-,-,-,-,-,-,-,-,-,-,-,-,-,-,-,-,x
"Syria,Turkey,Iraq,Egypt,Jordan,Lebanon",Syrian Regional Crisis,REG004,Decreasing,-,-,-,-,4.1,4.2,4.2,4.2,4.2,4.2,4.2,4.2,4.2,4.2,4.2,4.2,4.2,4,4,4,4,4,4.3,4.3,4.3,4.5,4.5,4.5,4.5,4.6,4.6,4.6,4.6,4.6,4.6,4.3,4.3,4.3,4.3,4.3,4.2,4.2
"Turkey,Greece",Eastern Mediterranean Route ,REG006,Decreasing,-,-,-,-,-,-,-,-,-,-,-,-,-,-,-,-,-,-,-,-,-,-,-,-,-,-,-,-,-,-,-,-,3.1,3.2,3.2,3.3,3.3,3.3,3.2,3.2,3.2,3.2
"Algeria,Tunisia,Libya,Italy",Central Mediterranean Route,REG007,-,-,-,-,-,-,-,-,-,-,-,-,-,-,-,-,-,-,-,-,-,-,-,-,-,-,-,-,-,-,-,-,-,-,-,-,-,-,-,-,-,-,x
"Algeria,Morocco,Spain",Western Mediterranean Route,REG008,-,-,-,-,-,-,-,-,-,-,-,-,-,-,-,-,-,-,-,-,-,-,-,-,-,-,-,-,-,-,-,-,-,-,-,-,-,-,-,-,-,-,x
"Bangladesh,Myanmar",Rohingya Regional Crisis,REG011,Increasing,-,-,-,3.5,3.5,3.5,3.5,3.5,3.5,3.7,3.7,3.7,3.7,3.7,3.7,3.7,3.7,3.4,3.4,3.4,3.4,3.3,3.6,3.6,3.6,3.6,3.6,3.6,3.6,3.7,3.7,3.7,3.7,3.7,3.4,3.5,3.8,3.8,3.9,3.9,3.9,3.8
"Lesotho,Madagascar,Malawi,Namibia,Eswatini,Zambia,Zimbabwe,Tanzania",Southern Africa Regional Food Security Crisis,REG012,Decreasing,-,-,-,-,-,-,-,-,-,-,-,-,-,3.5,3.5,3.5,3.5,3.5,3.5,3.5,3.5,3.5,3.5,3.5,3.5,3.5,3.5,3.6,3.6,3.9,3.6,3.6,3.6,3.5,3.6,3.6,3.6,3.6,3.5,3.5,3.4,3.4
"Armenia,Azerbaijan",Nagorno-Karabakh Conflict,REG013,-,-,-,-,-,-,-,-,-,-,-,-,-,-,-,-,-,-,-,-,-,-,-,-,-,-,-,-,-,-,-,-,-,-,-,-,-,-,-,-,-,-,1.9
"Ethiopia,Somalia,Kenya",Eastern Africa Regional Drought Crisis,REG014,Decreasing,-,-,-,-,-,-,-,-,-,-,-,-,-,-,-,-,-,-,-,-,-,-,-,-,-,-,-,-,-,-,-,-,-,-,-,-,-,-,3.9,3.9,3.8,3.8
Romania,Displacement from Ukraine conflict in Romania,ROU002,Stable,-,-,-,-,-,-,-,-,-,-,-,-,-,-,-,-,-,-,-,-,-,-,-,-,-,-,-,-,-,-,-,-,-,-,-,-,-,-,1,1,1,1
Rwanda,Burundi and DRC refugees in Rwanda,RWA002,Increasing,-,1.4,1.4,1.6,1.6,1.6,1.6,1.6,1.6,2.3,2.3,2.3,2.3,2.3,2,2,1.8,1.9,1.9,1.9,1.8,1.9,2,2,1.9,1.9,1.9,2,2,2,2,2,2,2,2,2,2,2,2.4,2.4,2.4,2.4
Sudan,Complex crisis in Sudan,SDN001,Increasing,-,3.9,3.9,4,3.9,4,4,4,4,4.1,4.1,4.1,4.1,4.6,4.6,4.6,4.6,4.5,4.5,4.5,4.5,4.5,4.5,4.5,4.5,4.3,4.3,4.2,4.2,4.4,4.4,4.4,4.4,4.4,4.3,4.4,4.3,4.3,4.4,4.4,4.4,4.4
,,SDN002,-,-,3.9,3.9,-,-,-,-,-,-,-,-,-,-,-,-,-,-,-,-,-,-,-,-,-,-,-,-,-,-,-,-,-,-,-,-,-,-,-,-,-,-,-
,,SDN003,-,-,2.1,2.1,2.7,2.7,2.7,2.8,2.7,2.7,2.7,2.7,-,-,-,-,-,-,-,-,-,-,-,-,-,-,-,-,-,-,-,-,-,-,-,-,-,-,-,-,-,-,-
,,SDN004,-,-,2.6,2.6,3.5,3.5,3.5,3.5,3.4,3.4,3.4,3.4,-,-,-,-,-,-,-,-,-,-,-,-,-,-,-,-,-,-,-,-,-,-,-,-,-,-,-,-,-,-,-
Sudan,Refugees in Sudan,SDN005,Increasing,-,-,-,-,-,-,-,-,-,-,-,-,-,3.7,3.8,3.8,3.8,3.8,3.8,3.8,3.8,3.8,4.1,4.1,4,3.9,3.9,3.8,3.8,3.5,3.2,3.2,3.2,3.2,3.2,3.2,3.2,3.2,3.3,3.3,3.3,3.3
,,SDN006,-,-,-,-,-,-,-,-,-,-,-,-,-,-,-,-,-,-,-,-,2.5,2.5,2.6,2.6,2.6,2.6,2.6,2.6,2.5,2.5,2.5,2.5,2.5,2.3,2.4,2.6,2.6,-,-,-,-,-,-
,,SDN007,-,-,-,-,-,-,-,-,-,-,-,-,-,-,-,-,-,-,-,-,-,-,-,-,-,2.9,2.1,2.1,2.4,2.4,2.5,2.5,2.5,2.5,2.5,2.5,2.5,2.5,2.5,2.5,2.5,2.5,-
Sudan,Violence in Darfur and Kordofan regions,SDN008,Increasing,-,-,-,-,-,-,-,-,-,-,-,-,-,-,-,-,-,-,-,-,-,-,-,-,-,-,-,2.8,2.8,2.9,3.2,3.2,3.2,3.2,3.1,3.4,3.5,3.5,3.6,3.6,3.6,4.2
Senegal,Drought in Senegal,SEN002,Stable,2.5,2.5,2.5,2.5,2.5,2.5,2.5,2.5,2.5,2.6,2.6,2.6,2.6,2.6,2.6,2.6,2.5,2.7,2.5,2.5,2.4,2.4,2.4,2.4,2.4,2.4,2.4,2.4,2.4,2.4,2.4,2.4,2.4,2.4,2.4,2.4,2.4,2.4,2.4,2.4,2.4,2.4
El Salvador,Complex crisis in El Salvador,SLV001,Increasing,-,2.8,2.8,3,3,3,3,3,2.6,2.6,2.7,2.7,2.7,2.7,2.7,2.7,2.7,2.7,2.7,2.7,2.7,3,3,3,3,3,3,3,3,3,3,3,3,3,3.1,3.1,3.1,3.1,3.1,3.1,3.2,3.2
Somalia,Complex crisis in Somalia,SOM001,Increasing,3.6,3.6,3.6,4.1,4.3,4.3,4.3,4.3,4.3,4.2,4.2,4.2,4.2,4.7,4.7,4.7,4.7,4.7,4.7,4.7,4.6,4.6,4,4,4,4,4.4,4.4,4.4,4.5,4.5,4.5,4.5,4.4,4.2,4.2,4.2,4.2,4.2,4.2,4.4,4.4
Somalia,Mixed Migration Flows in Somalia,SOM002,Stable,-,-,-,2.1,2.1,2.1,2.1,2.1,2.1,2,2,2,2,2,2,2,2,2,2,2,1.9,1.9,1.9,1.9,1.9,1.9,1.9,1.9,1.8,1.9,1.9,1.9,1.9,1.8,1.8,1.8,1.7,1.7,1.7,1.7,1.7,1.7
,,SOM004,-,-,-,-,-,-,-,-,-,-,-,-,-,-,-,-,2.4,2.4,2.4,3.3,3.3,3.2,3.2,3.2,3.2,3.2,3.2,3.2,3.2,2.8,3,2.9,2.9,-,-,-,-,-,-,-,-,-,-
South Sudan,Complex crisis in South Sudan,SSD001,Increasing,-,4.3,4.3,4.3,4.3,4.3,4.3,4.3,4.3,4.3,4.3,4.3,4.3,4.3,4.3,4.3,4.3,4.3,4.4,4.4,4.4,4.4,4.2,4.3,4.3,4.3,4.3,4.4,4.4,4.4,4.4,4.4,4.4,4.4,4.4,4.4,4.4,4.4,4.6,4.6,4.6,4.6
,,SSD002,-,-,-,-,-,-,-,-,-,-,-,3.1,3.1,3.1,3.1,-,-,-,-,-,-,-,-,-,-,-,-,-,-,-,-,-,-,-,-,-,-,-,-,-,-,-,-
Slovakia,Displacement from Ukraine conflict in Slovakia,SVK002,Stable,-,-,-,-,-,-,-,-,-,-,-,-,-,-,-,-,-,-,-,-,-,-,-,-,-,-,-,-,-,-,-,-,-,-,-,-,-,-,1.2,1.2,1.2,1.2
Eswatini,Food Security Crisis in Eswatini,SWZ001,Decreasing,-,-,-,-,-,-,-,-,-,-,-,-,-,-,-,-,-,-,-,-,-,-,2.7,2.7,2.7,2.7,2.7,2.7,2.7,2.7,2.3,2.3,2.3,2.3,2.5,2.5,2.4,2.4,2.4,2.4,2.3,2.3
Syria,Syrian conflict,SYR001,Decreasing,4.9,4.9,4.8,4.8,4.8,4.9,4.9,4.9,4.9,4.8,4.9,4.9,4.9,4.9,4.9,4.9,4.9,4.9,4.9,4.9,4.9,4.9,4.9,4.9,4.7,4.9,4.9,4.9,4.9,4.9,4.9,4.9,4.9,4.9,4.9,4.9,4.9,4.6,4.6,4.6,4.6,4.6
Chad,Complex crisis in Chad,TCD001,Increasing,-,-,-,4,4,4,4,4,4,4.1,4.1,4.1,4.1,4.1,4.1,4.1,4.1,4.1,4.1,4.1,4.1,4.2,4.1,4.1,4.1,4.1,4.1,4.1,4.1,4.1,4.1,4.1,4.1,4.1,4.1,4.1,4.1,4.1,4.1,4.1,4.2,4.2
,,TCD002,-,-,-,-,3,-,-,-,-,-,-,-,-,-,-,-,-,-,-,-,-,-,-,-,-,-,-,-,-,-,-,-,-,-,-,-,-,-,-,-,-,-,-
Chad,Boko Haram in Chad,TCD003,Stable,-,-,-,3.4,3.4,3.4,3.4,3.4,3.4,3.5,3.5,3.5,3.5,3.5,3.7,3.7,3.7,3.7,3.7,3.7,3.7,3.7,3.6,3.6,3.6,3.6,3.6,3.7,3.7,3.7,3.7,3.7,3.7,3.7,3.7,3.7,3.7,3.7,3.7,3.7,3.7,3.7
Chad,CAR refugees in Chad,TCD004,Increasing,-,-,-,3.1,3.1,3.1,3.1,3.1,3.1,3.1,3.1,3.1,3.1,3.1,3.3,3.3,3.4,3.4,3.4,3.4,3.4,3.4,3.3,3.3,3.3,3.3,3.3,3.4,3.4,3.4,3.4,3.4,3.4,3.3,3.3,3.3,3.3,3.3,3.3,3.3,3.4,3.4
Chad,Darfur refugees in Chad,TCD005,Stable,-,-,-,3.3,3.3,3.3,3.3,3.3,3.3,3.3,3.3,3.3,3.3,3.3,3.3,3.4,3.4,3.4,3.3,3.3,3.2,3.2,3.2,3.2,3.2,3.2,3.2,3.3,3.3,3.3,3.3,3.3,3.3,3.2,3.2,3.2,3.2,3.2,3.2,3.2,3.2,3.2
Chad,Tibesti Conflict in Chad,TCD006,Stable,-,-,-,-,-,-,-,-,-,-,-,-,-,-,-,-,-,-,2.6,2.6,2.6,2.5,2.5,2.5,2.5,2.5,2.5,2.5,2.5,2.6,2.6,2.6,2.6,2.5,2.5,2.5,2.5,2.5,2.5,2.5,2.5,2.5
,,TCD008,-,-,-,-,-,-,-,-,-,-,-,-,-,-,-,-,-,-,-,-,-,2.1,2.6,2.6,2.6,2.6,-,-,-,-,-,-,-,-,-,-,-,-,-,-,-,-,-
Thailand,Multiple situations in Thailand,THA001,Stable,-,-,-,-,-,-,-,-,-,-,-,-,1.7,1.7,2.1,2.1,2.2,2.2,2.1,2.1,2.1,2.1,2.1,2.1,1.9,2,2,2,2.1,2.1,2.1,2,2,1.9,1.9,1.9,1.8,1.9,1.8,1.8,1.8,1.8
Thailand,Conflict in southern Thailand ,THA002,-,-,-,-,-,-,-,-,-,-,-,-,-,-,-,-,-,-,-,-,-,-,-,-,-,-,-,-,-,-,-,-,-,-,-,-,-,-,-,-,-,-,x
Thailand,Myanmar refugees in Thailand,THA003,Decreasing,-,1.2,1.2,1.4,1.4,1.4,1.4,1.4,1.4,1.4,2.1,2.1,2.1,2.1,2.1,2.1,2.1,2.1,2.1,2.1,2.1,2.2,2.3,2.3,2.3,2.3,2.3,2.3,2.3,2.3,2.3,2.3,2.3,2.3,2.3,2.3,2.3,2.3,2.3,2.3,2.2,2.2
,,TLS002,-,-,-,-,-,-,-,-,-,-,-,-,-,-,-,-,-,-,-,-,-,-,-,-,-,-,-,-,1.4,1.3,1.3,1.3,1.3,-,-,-,-,-,-,-,-,-,-
Tonga,Tonga Volcano Eruption,TON002,Stable,-,-,-,-,-,-,-,-,-,-,-,-,-,-,-,-,-,-,-,-,-,-,-,-,-,-,-,-,-,-,-,-,-,-,-,-,1.3,1.3,1.3,1.3,1.3,1.3
Trinidad and Tobago,Venezuelan refugees in Trinidad and Tobago,TTO002,Decreasing,-,0.9,0.9,1.4,1.4,1.4,1.4,1.4,1.4,1.4,1.7,1.5,1.5,1.5,1.5,1.5,1.6,1.5,1.5,1.5,1.5,1.5,1.8,1.7,1.7,1.7,1.7,1.7,1.7,1.7,1.7,1.7,1.7,1.8,1.8,1.8,1.8,1.6,1.6,1.6,1.6,1.6
Tunisia,Mixed migration flows in Tunisia,TUN002,-,-,-,-,-,-,-,-,-,-,-,-,-,-,-,-,-,-,-,-,-,-,-,-,-,-,-,-,-,-,-,-,-,-,-,-,-,-,-,-,-,-,x
Turkey,Complex situation in Turkey,TUR001,Stable,-,-,-,3.6,3.6,3.6,3.5,3.5,3.5,3.5,3.5,3.5,3.2,3.2,3.2,3.2,3.3,3.2,3.2,3.2,3.2,3.3,3.3,3.3,3.2,3.2,3.2,3.2,3.2,3.2,3.2,3.2,3.2,3.2,3.2,3.2,3.2,3.2,3.2,3.2,3.2,3.2
Turkey,Syrian Refugees in Turkey,TUR002,Increasing,-,-,-,3.3,3.3,3.3,3.3,3.3,3.3,3.3,3.3,3.3,3.3,3.3,3.3,3.3,3.3,3.3,3.3,3.3,3.3,3.3,3.3,3.3,3.3,3.3,3.3,3.3,3.3,3.3,3.3,3.3,3.3,3.3,3.3,3.2,3.2,3.2,3.2,3.3,3.3,3.3
Turkey,Mixed Migration Flows in Turkey,TUR003,Decreasing,-,-,-,3.3,3.3,3.3,3.2,3.3,3.3,3.2,3.2,3.2,3.1,3.1,3.1,3.1,3.2,3.2,3.2,3.2,3.2,3.2,3.2,3.2,3.2,3.2,3.2,3.2,3.2,3.2,3.2,3.2,3.2,3.2,3.2,3.3,3.3,3.3,3.2,3.2,3.2,3.2
Turkey,Kurdish Conflict,TUR004,-,-,-,-,-,-,-,-,-,-,-,-,-,-,-,-,-,-,-,-,-,-,-,-,-,-,-,-,-,-,-,-,-,-,-,-,-,-,-,-,-,-,x
Tanzania,Multiple Crises in Tanzania,TZA001,Increasing,-,-,-,-,-,-,-,-,-,-,-,-,-,-,-,-,-,-,-,-,-,-,-,-,-,-,-,-,-,-,-,-,-,-,-,-,-,-,2.4,2.3,2.6,2.6
Tanzania,International Displacement in Tanzania,TZA002,Decreasing,1.5,1.5,1.5,2.2,2.2,2.1,1.8,1.8,1.9,1.8,1.8,1.8,1.8,1.8,1.8,1.8,1.8,1.8,1.8,2.5,2.4,1.7,1.7,1.7,1.7,1.7,1.7,1.8,1.8,1.8,2.4,2.4,2.4,2.4,2.3,2.4,2.4,2.4,2.3,2.3,2.3,2.3
Tanzania,Food Security Crisis in North-East Tanzania,TZA003,Increasing,-,-,-,-,-,-,-,-,-,-,-,-,-,-,-,-,-,-,-,-,-,-,-,-,-,-,-,-,-,-,-,-,-,-,-,-,-,-,2.2,2.2,2.3,2.3
,,UGA001,-,-,2.9,3,3.1,3.1,3,2.9,2.9,2.9,2.9,-,-,-,-,-,-,2.9,2.9,2.9,2.9,2.9,2.9,3.1,3.1,3.1,3.1,3.1,3.1,3.1,-,-,-,-,-,-,-,-,-,-,-,-,-
,,UGA002,-,-,2.8,2.8,2.6,2.6,2.5,2.5,2.5,2.5,-,-,-,-,-,-,-,-,-,-,-,-,-,-,-,-,-,-,-,-,-,-,-,-,-,-,-,-,-,-,-,-,-
,,UGA003,-,-,1.9,1.9,2.4,2.4,2.3,2.3,2.3,1.6,-,-,-,-,-,-,-,-,-,-,-,-,-,-,-,-,-,-,-,-,-,-,-,-,-,-,-,-,-,-,-,-,-
,,UGA004,-,-,2,2.2,2.4,2.4,2.3,2.3,2.3,2.3,-,-,-,-,-,-,-,-,-,-,-,-,-,-,-,-,-,-,-,-,-,-,-,-,-,-,-,-,-,-,-,-,-
Uganda,International Displacement in Uganda,UGA005,Stable,-,-,-,-,-,-,-,-,-,-,3,2.8,2.8,3,3,3,3,3.1,3.1,3.1,3.1,3.1,3.2,3.1,3.1,3.1,3.1,3.1,3.1,3.1,3.1,3.1,3.1,3.1,3.1,3.1,3.1,3.1,3.1,3.1,3.1,3.1
,,UGA006,-,-,-,-,-,-,-,-,-,-,-,-,-,-,-,-,-,-,-,-,-,-,-,-,-,-,-,-,-,-,-,-,-,-,-,-,-,-,-,-,-,-,-
Ukraine,Conflict in Ukraine,UKR002,Increasing,-,3.3,3.3,3.6,3.6,3.6,3.6,3.6,3.6,3.5,3.5,3.5,3.5,3.5,3.5,3.5,3.5,3.5,3.5,3.5,3.5,3.5,3.5,3.5,3.5,3.5,3.5,3.5,3.5,3.5,3.5,3.5,3.5,3.6,3.6,3.6,3.6,3.7,4,4.3,4.4,4.4
,,VCT002,-,-,-,-,-,-,-,-,-,-,-,-,-,-,-,-,-,-,-,-,-,-,-,-,-,-,-,-,1.5,1.5,1.6,1.6,1.6,-,-,-,-,-,-,-,-,-,-
Venezuela,Complex crisis in Venezuela,VEN001,Decreasing,4.2,4.2,4.2,3.9,3.9,4,4,4,4,4,4,4,4,4.1,4.1,4.1,4.1,4.1,4.1,4.1,4.1,4.1,4,4,4,4,4,4,4,4.1,4.1,4.1,4.1,4.2,4.2,4.2,4.2,4.2,4.2,4.1,4.1,4.2
,,VNM002,-,-,-,-,-,-,-,-,-,-,-,-,-,-,-,-,-,-,-,-,-,-,-,2.4,2.4,2.4,2.9,2.9,2.8,-,-,-,-,-,-,-,-,-,-,-,-,-,-
,,VUT002,-,-,-,-,-,-,-,-,-,-,-,-,-,-,-,-,1.9,1.9,2,2,2,2,2,2,2,2,2,2,2,-,-,-,-,-,-,-,-,-,-,-,-,-,-
,,XXX002,-,-,1.5,-,-,-,-,-,-,-,-,-,-,-,-,-,-,-,-,-,-,-,-,-,-,-,-,-,-,-,-,-,-,-,-,-,-,-,-,-,-,-,-
,,XXX003,-,-,1.3,-,-,-,-,-,-,-,-,-,-,-,-,-,-,-,-,-,-,-,-,-,-,-,-,-,-,-,-,-,-,-,-,-,-,-,-,-,-,-,-
Yemen,Conflict in Yemen,YEM001,Increasing,4.2,4.3,4.3,4.7,4.7,4.7,4.7,4.7,4.7,4.7,4.7,4.7,4.7,4.7,4.7,4.7,4.7,4.7,4.7,4.7,4.6,4.6,4.6,4.6,4.6,4.6,4.6,4.6,4.9,4.9,4.9,4.9,4.8,4.7,4.7,4.7,4.7,4.7,4.7,4.7,4.8,4.8
Yemen,Mixed migration flows in Yemen,YEM002,Stable,-,2.8,2.8,3,3,3,3,3,2.9,2.9,3,3,3,2.9,2.9,2.9,2.9,2.6,2.6,2.6,2.6,2.6,2.9,2.9,2.9,2.9,2.9,3,2.6,2.5,2.5,2.5,4.5,4.5,4.5,4.5,4.5,4.5,4.5,4.5,4.5,4.5
Zambia,Drought in Zambia,ZMB002,-,-,2.7,2.7,2.7,2.7,2.7,2.7,2.7,2.7,2.7,2.7,2.7,2.7,2.7,2.7,2.7,2.7,2.8,2.8,2.8,2.8,2.7,2.7,2.7,2.7,2.7,2.7,2.7,2.7,2.8,2.9,2.9,2.9,2.8,2.9,2.9,2.9,2.9,2.9,2.9,2.9,-
Zimbabwe,Complex crisis in Zimbabwe,ZWE001,-,-,3.6,3.8,3.9,3.9,3.9,3.9,3.9,3.9,3.7,3.7,3.7,3.8,3.8,3.8,3.7,3.7,3.7,3.7,3.7,3.7,3.5,3.5,3.5,3.5,3.5,3.5,3.5,3.5,3.5,3.4,3.4,3.4,3.4,3.4,3.7,3.8,3.8,3.8,3.8,3.8,-
,,ZWE002,-,-,-,2.3,3.2,3.2,-,-,-,-,-,-,-,-,-,-,-,-,-,-,-,-,-,-,-,-,-,-,-,-,-,-,-,-,-,-,-,-,-,-,-,-,-
,,ZWE003,-,-,-,-,-,-,-,-,-,-,-,-,-,-,-,-,-,-,2.6,2.6,2.6,2.6,2.6,2.6,-,-,-,-,-,-,-,-,-,-,-,-,-,-,-,-,-,-,-
