,,,,,,,,,,,,,,,,,,,,,,,,,,,,,,
,,,,,Area affected - absolute,% of total area affected,Area affected - relative,Area affected,People living in the affected area - absolute,% of total population living in the affected area,People living in the affected area - relative,People in the affected area,Geographical,People affected - absolute,% of people affected on the total population exposed,People affected - relative,People affected,People displaced - absolute,% of total population displaced on the  ,People displaced - relative,People displaced,Fatalities - absolute,% of fatalities on the total population affected,Fatalities (relative),Crisis related fatalities,People affected by categories,Human,,,
,,,,MAX,6,,1,,7.5,,1,,,7.5,,1,,6.5,,0.15,,3.5,,0.0001,,,,,,
,,,,MIN,3,,0.02,,6,,0.01,,,4.5,,0.01,,3,,0,,0,,0,,,,,,
CRISIS,TYPE OF CRISIS,CRISIS ID,COUNTRY,Iso3,,,,,,,,,,,,,,,,,,,,,,,,,,
Complex crisis in Afghanistan,Complex crisis,AFG001,Afghanistan,AFG,4.7,1.0000107220537329,5,4.85,5,1,5,5,4.9,5,1,5,5,5,0.2845802008306608,5,5,5,0.0007909678776089585,5,5,5,5,,,
Nagorno-Karabakh Conflict in Armenia,Conflict,ARM002,Armenia,ARM,2.4,0.9906217070600633,5,3.7,1.6,1,5,3.3,3.5,0.7,0.027777777777777776,0.1,0.39999999999999997,2.6,0.7857142857142857,5,3.8,0,1.1904761904761905e-05,0.6,0.3,2.4,1.5,,,
Nagorno-Karabakh conflict in Azerbaijan,Conflict,AZE002,Azerbaijan,AZE,2.5,0.38179112783228286,1.8,2.15,2.6,0.5874587458745875,2.9,2.75,2.5,3.8,1,5,4.4,2.8,0.015491998638066053,0.5,1.7,2.8,1.5491998638066055e-05,0.8,1.8,1.8,3.4,,,
Complex in Burundi,Complex crisis,BDI001,Burundi,BDI,2.3,1,5,3.65,3.7,1,5,4.35,4,4.3,1,5,4.65,3.7,0.03301587301587302,1.1,2.4,3.5,2.0793650793650793e-05,1,2.3,2.4,3.8,,,
Conflict in Burkina Faso,Conflict,BFA002,Burkina Faso,BFA,3.7,0.6083516081871345,3,3.35,1.8,0.16669032410693163,0.8,1.3,2.5,3.4,0.9770082316207778,4.9,4.15,4.5,0.4189424753050552,5,4.8,4.5,0.0003895990703079605,5,4.8,4.8,4.5,,,
Rohingya refugee crisis,International displacement,BGD002,Bangladesh,BGD,0,0.0049934700775908425,0,0,0.4,0.009469075368532783,0,0.2,0.1,2.7,1,5,3.85,4.2,0.6519174041297935,5,4.6,x,x,x,x,4.6,4.3,,,
Venezuela displacement in Brazil,International displacement,BRA002,Brazil,BRA,3.9,0.026833003515136143,0,1.95,0,0.003107348665457989,0,0,1.1,1.8,0.5834609494640123,2.9,2.35,3.8,1.2860892388451444,5,4.4,0,0,0,0,2.8,2.6,,,
Complex crisis in CAR,Complex crisis,CAF001,CAR,CAF,4.7,1.0000321037593503,5,4.85,2.3,1,5,3.65,4.3,3.7,1,5,4.35,4.6,0.3177551020408163,5,4.8,4.1,0.00014448979591836735,5,4.6,4.7,4.5,,,
Multiple crises in Cameroon,Multiple crises country,CMR001,Cameroon,CMR,4.4,0.9321571365107572,4.7,4.550000000000001,4.7,1,5,4.85,4.7,3.6,0.1678389240995517,0.8,2.2,4.7,0.4625834676490905,5,4.9,4,0.00015427124107759613,5,4.5,4.7,3.7,,,
Boko Haram in Cameroon,Conflict,CMR002,Cameroon,CMR,2.6,0.07248207146030336,0.3,1.45,1.6,0.12026588344411811,0.6,1.1,1.3,2.6,0.3856041131105398,1.9,2.25,3.9,0.48333333333333334,5,4.5,3.3,0.00017666666666666666,5,4.2,4.4,3.5,,,
Anglophone Crisis in Cameroon,Conflict,CMR003,Cameroon,CMR,3.1,0.16257324786867214,0.7,1.9,2.2,0.1729788220745092,0.8,1.5,1.7,3.1,0.5471403038427167,2.7,2.9000000000000004,4.4,0.4561045324622295,5,4.7,3.5,0.00011678236014699878,5,4.3,4.5,3.8,,,
CAR refugees in Cameroon,International displacement,CMR004,Cameroon,CMR,3.7,0.3653466184341351,1.8,2.75,0.6,0.060480754366980985,0.3,0.44999999999999996,1.7,1.7,0.20191693290734825,1,1.35,3.6,1.0126582278481013,5,4.3,x,x,x,x,4.3,3.2,,,
Complex crisis in DRC,Complex crisis,COD001,DRC,COD,5,0.999999117796255,5,5,5,1,5,5,5,5,0.48538586570374626,2.4,3.7,5,0.19711249248044918,5,5,4.8,4.940846200120313e-05,2.5,3.7,4.5,4.1,,,
Complex crisis in Congo,Complex crisis,COG001,Congo,COG,4.2,1,5,4.6,2.5,1,5,3.75,4.2,2.6,0.21432398642614753,1,1.8,3.5,0.24583333333333332,5,4.3,x,x,x,x,4.3,3.3,,,
Complex crisis in Colombia,Complex crisis,COL001,Colombia,COL,5,1,5,5,5,1,5,5,5,3.9,0.13141153081510934,0.6,2.25,5,0.7446293494704992,5,5,3.4,3.903177004538578e-05,2,2.7,4.1,3.3,,,
Venezuela displacement in Colombia,International displacement,COL002,Colombia,COL,3.4,0.10012888688598467,0.4,1.9,4.5,0.4375944333996024,2.2,3.35,2.7,3.8,0.26504929353505063,1.3,2.55,4.6,0.26516969489201236,5,4.8,x,x,x,x,4.8,3.9,,,
Nicaraguan refugees in Costa Rica,International displacement,CRI002,Costa Rica,CRI,1.2,0.0972581276929103,0.4,0.8,0.8,0.33288435635943814,1.6,1.2000000000000002,1,0.7,0.04971098265895954,0.2,0.44999999999999996,2.8,1,5,3.9,0,0,0,0,2.4,1.5,,,
Multiple crises in Djibouti,Multiple crises country,DJI001,Djibouti,DJI,2.3,1,5,3.65,0,1,5,2.5,3.1,2.2,0.6050830889540567,3,2.6,2.2,0.05815831987075929,1.9,2.1,1.1,9.693053311793214e-06,0.5,0.8,1.5,2.1,,,
Mixed migration in Djibouti,International displacement,DJI002,Djibouti,DJI,2.3,1,5,3.65,0,1,5,2.5,3.1,0.1,0.03519061583577713,0.1,0.1,2.2,1,5,3.6,0,0,0,0,2.2,1.3,,,
Drought in Djibouti,Drought,DJI003,Djibouti,DJI,2.3,1,5,3.65,0,1,5,2.5,3.1,2.1,0.5698924731182796,2.8,2.45,x,x,x,x,0,0,0,0,0,1.4,,,
Mixed migration flows in Algeria,International displacement,DZA002,Algeria,DZA,5,0.9996888830481568,5,5,5,1,5,5,5,x,x,x,x,x,x,x,x,4.2,x,x,4.2,4.2,4.2,,,
Sahrawi refugees in Algeria,International displacement,DZA003,Algeria,DZA,3.7,0.06675788845218687,0.2,1.9500000000000002,0,0.005174013921113689,0,0,1.1,1.2,0.7802690582959642,3.9,2.55,3.2,1,5,4.1,0,0,0,0,2.6,2.6,,,
Multiple crises in Algeria,Multiple crises country,DZA004,Algeria,DZA,5,0.9996888830481568,5,5,5,1,5,5,5,x,x,x,x,x,x,x,x,4,x,x,4,4,4,,,
Venezuela displacement in Ecuador,International displacement,ECU002,Ecuador,ECU,0.9,0.013887099371879529,0,0.45,2.5,0.366496025865553,1.8,2.15,1.4,2.2,0.11486859033265943,0.5,1.35,3.7,0.6656,5,4.4,0,1.6e-06,0.1,0.1,2.9,2.2,,,
Syrian Refugee Crisis in Egypt,International displacement,EGY002,Egypt,EGY,3.3,0.0914880405846602,0.4,1.8499999999999999,4.6,0.23209945411802207,1.1,2.8499999999999996,2.4,2.8,0.061759656652360516,0.3,1.5499999999999998,3.9,0.34954829742876997,5,4.5,0,0,0,0,2.9,2.3,,,
Complex crisis in Eritrea,Complex crisis,ERI001,Eritrea,ERI,3.3,1,5,4.15,1.7,1,5,3.35,3.8,3.2,0.8001239541369694,4,3.6,3.6,0.12161115414407436,4.1,3.9,0,0,0,0,2.4,3.1,,,
Mixed migration flows in spain,International displacement,ESP002,Spain,ESP,3.3,0.18514224025909118,0.8,2.05,3.6,0.25454043375746116,1.2,2.4,2.2,0.9,0.009596928982725527,0,0.45,2.9,1,5,4,3,0.0011391304347826087,5,4,4,2.6,,,
Complex crisis in Ethiopia,Complex crisis,ETH001,Ethiopia,ETH,5,1.063652,5,5,5,1,5,5,5,5,1,5,5,5,0.06027965284474446,2,3.5,5,9.145612343297975e-05,4.6,4.8,4.3,4.7,,,
Flood Crisis in Ethiopia,Flood,ETH002,Ethiopia,ETH,4.8,0.742878,3.7,4.25,5,0.8486017357762777,4.2,4.6,4.4,2.2,0.007011363636363637,0,1.1,3.3,0.34683954619124796,5,4.2,2.1,4.5380875202593194e-05,2.3,2.2,3.4,2.4,,,
International Displacement,International displacement,ETH003,Ethiopia,ETH,5,1.063652,5,5,5,1,5,5,5,4.6,0.1711089681774349,0.8,2.6999999999999997,4.2,0.045536519386834985,1.5,2.9,0,0,0,0,1.7,2.2,,,
Northern Ethiopia Conflict,Conflict,ETH004,Ethiopia,ETH,4.2,0.311484,1.5,2.85,4.9,0.29411764705882354,1.4,3.1500000000000004,3,5,1,5,5,4.9,0.08337704918032787,2.8,3.9,5,0.0002118032786885246,5,5,4.5,4.8,,,
Mixed migration flows in Greece,International displacement,GRC002,Greece,GRC,0.9,0.02609829325058185,0,0.45,0,0.03800605893693197,0.1,0.05,0.3,1.2,0.4082125603864734,2,1.6,3.2,1,5,4.1,2,0.00014201183431952663,5,3.5,3.8,2.9,,,
Complex crisis in Guatemala,Complex crisis,GTM001,Guatemala,GTM,3.4,1.0161347517730497,5,4.2,4.1,1,5,4.55,4.4,3.8,0.3333333333333333,1.6,2.7,3.4,0.04245614035087719,1.4,2.4,5,0.000519298245614035,5,5,4.1,3.5,,,
Complex crisis in Honduras,Complex crisis,HND001,Honduras,HND,3.4,1.0000893734918224,5,4.2,3.2,1,5,4.1,4.2,3.5,0.425531914893617,2.1,2.8,3.4,0.06125,2,2.7,4.7,0.00047725,5,4.9,4.1,3.5,,,
Complex crisis in Haiti,Complex crisis,HTI001,Haiti,HTI,2.4,0.9857039187227866,4.9,3.6500000000000004,3.5,1,5,4.25,4,4,0.6914112681225913,3.4,3.7,3.2,0.023888520238885203,0.8,2,4.8,0.00029303251493032514,5,4.9,3.9,3.8,,,
Nippes Earthquake ,Earthquake,HTI002,Haiti,HTI,1.8,0.46629172714078376,2.3,2.05,2.7,0.5899247568361167,2.9,2.8,2.4,2.3,0.1244361487011977,0.6,1.45,3.1,0.2,5,4.1,4.8,0.00273625,5,4.9,4.5,3.4,,,
Papua Conflict,Conflict,IDN002,Indonesia,IDN,4.4,0.2296681883669966,1.1,2.75,1.9,0.015122761986913804,0,0.95,1.9,3.4,1,5,4.2,2.5,0.01669449081803005,0.6,1.6,3.3,5.62047857540345e-05,2.8,3.1,2.4,3.4,,,
Conflict in Jammu and Kashmir,Conflict,IND002,India,IND,3.9,0.07474665258527037,0.3,2.1,3.7,0.009265470772504286,0,1.85,2,x,x,x,x,x,x,x,x,4.6,x,x,4.6,4.6,4.6,,,
Afghan Refugees in Iran,International displacement,IRN004,Iran,IRN,4,0.1470818291215403,0.6,2.3,4.6,0.29933916986228687,1.5,3.05,2.7,3.4,0.13696974580026589,0.6,2,5,1,5,5,0,0,0,0,3.5,2.8,,,
Multiple crises in Iraq,Multiple crises country,IRQ001,Iraq,IRQ,4.4,1.0016853748388286,5,4.7,5,0.9773015438927977,4.9,4.95,4.8,3.8,0.1559399643856525,0.7,2.25,5,1.3831973898858074,5,5,4.5,0.00023915171288743883,5,4.8,4.9,3.9,,,
Conflict  in Iraq,Conflict,IRQ002,Iraq,IRQ,4.4,1.0016853932584269,5,4.7,2.6,0.15240036794868608,0.7,1.65,3.6,3.8,0.9502446982055465,4.7,4.25,5,1.4127038626609443,5,5,4.5,0.0002516738197424893,5,4.8,4.9,4.6,,,
Syrian and Palestinian refugees in iraq,International displacement,IRQ003,Iraq,IRQ,2.7,0.09357846748940873,0.4,1.55,2.4,0.12786216841110806,0.6,1.5,1.5,2,0.09371961889947501,0.4,1.2,3.4,0.5186721991701245,5,4.2,0,0,0,0,2.7,2,,,
Mixed migration flows in Italy,International displacement,ITA002,Italy,ITA,2.7,0.1395729924525736,0.6,1.6500000000000001,2.8,0.10906319506011541,0.5,1.65,1.7,1.4,0.02966343411294923,0.1,0.75,3.3,1,5,4.2,4.1,0.0033461538461538464,5,4.6,4.4,3.1,,,
Syrian refugees in Jordan,International displacement,JOR002,Jordan,JOR,2.7,0.4557670646542014,2.2,2.45,3.1,0.8058486026281695,4,3.55,3,2.9,0.21095544327055582,1,1.95,4.5,0.7169297768100164,5,4.8,0,0,0,0,3.2,2.6,,,
Multiple crisis in Kenya ,Multiple crises country,KEN001,Kenya,KEN,4.5,0.9123238570474751,4.6,4.55,4.1,0.31112216144538374,1.5,2.8,3.8,3.3,0.17119516959687445,0.8,2.05,3.9,0.18188105117565698,5,4.5,0,0,0,0,2.9,2.5,,,
Refugee situation in Kenya,International displacement,KEN002,Kenya,KEN,2.6,0.06719612046245212,0.2,1.4000000000000001,0.1,0.019982687809639577,0.1,0.1,0.8,2,0.4847926267281106,2.4,2.2,3.9,1,5,4.5,0,0,0,0,2.9,2.6,,,
Drought in Kenya,Drought,KEN003,Kenya,KEN,4.5,0.9123238570474751,4.6,4.55,4.1,0.30959353187100574,1.5,2.8,3.8,3.1,0.14074955383700177,0.7,1.9,0,0,0,0,0,0,0,0,0,1,,,
Syrian refugees in Lebanon,International displacement,LBN002,Lebanon,LBN,1.7,1.021505376344086,5,3.35,2.8,1,5,3.9,3.6,3.4,0.5022710622710622,2.5,2.95,4.5,0.4457409568261377,5,4.8,0,0,0,0,3.2,3.1,,,
Socioeconomic crisis in Lebanon,Political and economic crisis,LBN004,Lebanon,LBN,1.7,1.021505376344086,5,3.35,2.8,1,5,3.9,3.6,3.5,0.5523809523809524,2.7,3.1,x,x,x,x,2.5,1.5119363395225465e-05,0.8,1.7,1.7,2.5,,,
Complex crisis in Libya,Multiple crises country,LBY001,Libya,LBY,5,1,5,5,2.9,1,5,3.95,4.6,2.9,0.24324324324324326,1.2,2.05,4.5,0.8455555555555555,5,4.8,4.2,0.0004994444444444444,5,4.6,4.7,3.7,,,
Mixed migration flows in Libya,International displacement,LBY002,Libya,LBY,5,1,5,5,2.9,1,5,3.95,4.6,2.2,0.08567567567567567,0.4,1.3,4,1,5,4.5,4.2,0.0013391167192429022,5,4.6,4.6,3.4,,,
Drought in Lesotho,Drought,LSO002,Lesotho,LSO,2.5,0.9998353096179183,5,3.75,0.6,0.7023809523809523,3.5,2.05,3,2.4,0.591864406779661,2.9,2.65,x,x,x,x,0,0,0,0,0,1.5,,,
Mixed migration flows in Morocco,International displacement,MAR002,Morocco,MAR,4.4,1,5,4.7,5,0.9757348102654091,4.9,4.95,4.8,x,x,x,x,x,x,x,x,3.2,x,x,3.2,3.2,3.2,,,
Drought in Madagascar,Drought,MDG002,Madagascar,MDG,3.2,0.14086283946373324,0.6,1.9000000000000001,1.4,0.10447819314641744,0.5,0.95,1.4,2.7,0.5139768915393217,2.5,2.6,0,0,0,0,2.4,3.4807831762146484e-05,1.7,2.1,1.2,2,,,
Multiple crisis in Mexico,Multiple crises country,MEX001,Mexico,MEX,5,1.0105069574834744,5,5,5,1,5,5,5,1.7,0.002583979328165375,0,0.85,2.7,0.2554517133956386,5,3.9,3.5,0.0009376947040498442,5,4.3,4.1,2.8,,,
Criminal Violence in Mexico,Other type of violence,MEX002,Mexico,MEX,5,1.0105069574834744,5,5,5,1.038196205333784,5,5,5,1.8,0.002768042675929659,0,0.9,3.6,1,5,4.3,5,0.009675070028011204,5,5,4.7,3.4,,,
Mixed Migration in Mexico,International displacement,MEX003,Mexico,MEX,5,1.0105069574834744,5,5,5,1,5,5,5,1.7,0.002583979328165375,0,0.85,2.7,0.2554517133956386,5,3.9,3.5,0.0009376947040498442,5,4.3,4.1,2.8,,,
Complex crisis in Mali,Complex crisis,MLI001,Mali,MLI,5,1,5,5,4.4,1,5,4.7,4.9,4.3,0.5740613665326929,2.8,3.55,4.4,0.09733606557377049,3.2,3.8,4.2,7.564890710382514e-05,3.8,4,3.9,3.7,,,
Multiple crises in Myanmar,Multiple crises country,MMR001,Myanmar,MMR,4.7,0.9838702762295584,4.9,4.800000000000001,5,0.8389356814701379,4.2,4.6,4.7,3.7,0.12125222470679506,0.6,2.15,4.6,0.31708694015807304,5,4.8,5,0.0011204365826119685,5,5,4.9,3.9,,,
Rakhine Conflict,Conflict,MMR002,Myanmar,MMR,2.8,0.06868530654743676,0.2,1.5,2,0.07431087289433384,0.3,1.15,1.3,2.8,0.4026275115919629,2,2.4,4.5,0.8611644273832374,5,4.8,2.9,7.165706973768394e-05,3.6,3.3,4.2,3.4,,,
Kachin and Shan Conflict,Conflict,MMR003,Myanmar,MMR,4,0.37490506522937467,1.8,2.9,2.7,0.12467457886676876,0.6,1.6500000000000001,2.3,3.4,0.546599109473361,2.7,3.05,2.9,0.030056179775280897,1,2,2.7,2.3595505617977527e-05,1.2,2,2,2.6,,,
Post-coup Violence in Myanmar,Conflict,MMR004,Myanmar,MMR,4.2,0.540279904452747,2.7,3.45,5,0.6399502297090353,3.2,4.1,3.8,3,0.05982471358918369,0.3,1.65,3.2,0.0895,3,3.1,4.2,0.00043,5,4.6,4,3,,,
Cabo Delgado Islamist Insurgency,Other type of violence,MOZ004,Mozambique,MOZ,4.1,0.3568440194308095,1.7,2.9,3.4,0.35696465696465696,1.8,2.6,2.8,3.1,0.22646088138225587,1.1,2.1,4.1,0.3193313330475782,5,4.6,4,0.0002614659237033862,5,4.5,4.6,3.6,,,
Refugees from Mali in Mauritania,International displacement,MRT002,Mauritania,MRT,0,7.276608130396817e-05,0,0,0,0.02281460134486071,0.1,0.05,0,0.7,0.8947368421052632,4.5,2.6,2.8,1,5,3.9,0,0,0,0,2.4,2.5,,,
Food Security in Mauritania,Drought,MRT003,Mauritania,MRT,5,1,5,5,2.1,1,5,3.55,4.4,3.6,1.0883765609990395,5,4.3,x,x,x,x,0,0,0,0,0,2.8,,,
Complex crisis in Malawi,Complex crisis,MWI002,Malawi,MWI,3.3,1,5,4.15,4.3,1,5,4.65,4.4,4.6,0.9012494118877098,4.5,4.55,0,0,0,0,2.3,2.552204176334107e-06,0.1,1.2,0.6,3.2,,,
International Refugees in Malaysia,International displacement,MYS001,Malaysia,MYS,1.6,0.028595343174554862,0,0.8,1.9,0.1251435132032147,0.6,1.25,1,1.3,0.047182175622542594,0.2,0.75,3.2,1,5,4.1,0,0,0,0,2.6,1.8,,,
Food Security Crisis in Namibia,Food Security,NAM002,Namibia,NAM,4.9,1.001217068104799,5,4.95,1.2,0.8878394332939787,4.4,2.8000000000000003,4.1,2.6,0.48359929078014185,2.4,2.5,0,0,0,0,0,0,0,0,0,1.4,,,
Multiple crises in Niger,Multiple crises country,NER001,Niger,NER,5,1.0002368358727403,5,5,4.6,1,5,4.8,4.9,3.5,0.16310924369747898,0.8,2.15,3.9,0.14554353426069036,4.9,4.4,4,0.00015558990211231324,5,4.5,4.5,3.6,,,
Boko Haram in Niger,Conflict,NER002,Niger,NER,3.7,0.12386989816057473,0.5,2.1,0,0.03987394957983193,0.2,0.1,1.2,1.6,0.3087460484720759,1.5,1.55,3.4,0.8293515358361775,5,4.2,3.1,0.0005051194539249146,5,4.1,4.2,3.1,,,
Mali/Burkina Faso conflict,Conflict,NER003,Niger,NER,3.9,0.1662587826636141,0.7,2.3,3.1,0.35294117647058826,1.7,2.4,2.4,2.7,0.16142857142857142,0.8,1.75,3.3,0.14896755162241887,5,4.2,3.7,0.00030604719764011797,5,4.4,4.3,3.3,,,
Nigerian Refugees,International displacement,NER004,Niger,NER,1.6,0.006801926265098287,0,0.8,0.4,0.05579831932773109,0.2,0.30000000000000004,0.6,2.2,0.5301204819277109,2.6,2.4000000000000004,3.2,0.265625,5,4.1,1.7,2.2727272727272726e-05,1.1,1.4,3,2.7,,,
Complex crisis in Nigeria,Complex crisis,NGA001,Nigeria,NGA,4.9,0.999033784599844,5,4.95,5,0.3826605760235664,1.9,3.45,4.3,4.6,0.2318695465598627,1.1,2.8499999999999996,5,0.297347316471314,5,5,5,0.000212551174920083,5,5,5,4.2,,,
Middle belt conflict,Conflict,NGA003,Nigeria,NGA,3.8,0.19946199369764045,0.9,2.35,4,0.07728747437351964,0.3,2.15,2.3,2.5,0.06322431109966521,0.3,1.4,3.7,0.3869653767820774,5,4.4,3.9,0.0005081466395112016,5,4.5,4.5,3.3,,,
Boko Haram crisis in Nigeria,Conflict,NGA004,Nigeria,NGA,3.7,0.17338954950206967,0.8,2.25,3.7,0.06518580442268267,0.3,2,2.1,4.4,1,5,4.7,5,0.3335114503816794,5,5,4.2,6.389312977099237e-05,3.2,3.7,4.5,4.6,,,
Northwest Banditry,Other type of violence,NGA007,Nigeria,NGA,4,0.26099673902302445,1.2,2.6,5,0.17711132342111024,0.8,2.9,2.8,3.4,0.1033630208187003,0.5,1.95,3.8,0.13182930144060886,4.4,4.1,4.8,0.0006670290839902147,5,4.9,4.5,3.5,,,
Cameroonian Refugees in Nigeria,International displacement,NGA008,Nigeria,NGA,3.4,0.11933638569562019,0.5,1.95,3.7,0.06307099779064908,0.3,2,2,0.6,0.00544378698224852,0,0.3,2.6,1,5,3.8,0,0,0,0,2.3,1.4,,,
Socioeconomic crisis in Nicaragua,Political and economic crisis,NIC001,Nicaragua,NIC,3.5,0.9999961774970915,5,4.25,2.7,1,5,3.85,4.1,1.9,0.06471135940409684,0.3,1.0999999999999999,2.9,0.2446043165467626,5,4,0.7,7.1942446043165465e-06,0.4,0.6,2.7,2,,,
Complex crisis in Pakistan,Complex crisis,PAK001,Pakistan,PAK,4.8,1.0327158572021586,5,4.9,5,1,5,5,5,5,0.6553836263875559,3.3,4.15,5,0.14961766676567498,5,5,4.1,5.546767609087581e-06,0.3,2.2,4,4.1,,,
Kashmir conflict in Pakistan,Conflict,PAK004,Pakistan,PAK,1.9,0.01724911789124118,0,0.95,2.2,0.020145591510783552,0.1,1.1500000000000001,1.1,x,x,x,x,x,x,x,x,0.4,x,x,0.4,0.4,0.4,,,
Venezuela displacement in Peru,International displacement,PER002,Peru,PER,3.9,0.1602296875,0.7,2.3,0.1,0.031818181818181815,0.1,0.1,1.3,2.3,0.679047619047619,3.4,2.8499999999999996,4.3,1.4726507713884993,5,4.7,x,x,x,x,4.7,4,,,
Mindanao conflict,Conflict,PHL003,Philippines,PHL,3.6,0.46401046382935907,2.3,2.95,4.7,0.24077114268157346,1.2,2.95,3,1,0.0044948956269998475,0,0.5,3,1,5,4,2.7,0.0007033898305084746,5,3.9,4,2.7,,,
Complex crisis in DPRK,Complex crisis,PRK001,DPRK,PRK,3.5,1,5,4.25,4.7,1,5,4.85,4.6,4.8,1,5,4.9,2.2,0.0013247097327203305,0,1.1,0.7,1.1688615288708797e-07,0,0.4,0.8,3.5,,,
Conflict in Palestine,Conflict,PSE002,Palestine,PSE,1.3,1.0008305647840532,5,3.15,2.4,1,5,3.7,3.4,3.6,0.8820993439550141,4.4,4,5,1.3601784955376115,5,5,3.6,7.033574160645983e-05,3.5,3.6,4.4,4.2,,,
Regional Boko Haram Crisis,Regional crisis,REG001,"Nigeria,Niger,Chad,Cameroon","NGA,NER,TCD,CMR",4.3,0.09438888007817096,0.4,2.35,4.3,0.07185617547310208,0.3,2.3,2.3,4.4,0.6860071811416975,3.4,3.9000000000000004,5,0.3912614731093074,5,5,4.7,0.00013904270651596753,5,4.9,5,4.5,,,
Venezuela Regional Crisis,Regional crisis,REG002,"Venezuela,Brazil,Colombia,Ecuador,Peru,Trinidad and Tobago","VEN,BRA,COL,ECU,PER,TTO",5,0.12274879283154846,0.5,2.75,5,0.21593642687849826,1,3,2.9,5,0.48263969672501333,2.4,3.7,5,0.15434129189587706,5,5,x,x,x,x,5,4.5,,,
Regional Kashmir conflict,Regional crisis,REG003,"India,Pakistan","IND,PAK",4,0.06290827895845964,0.2,2.1,4.1,0.010877929793786052,0,2.05,2.1,4.6,1,5,4.8,x,x,x,x,3.2,1.0064151609675711e-05,0.5,1.9,1.9,3.7,,,
Syrian Regional Crisis,Regional crisis,REG004,"Syria,Turkey,Iraq,Egypt,Jordan,Lebanon","SYR,TUR,IRQ,EGY,JOR,LBN",4.5,0.20128080127636944,0.9,2.7,5,0.37539843356492786,1.8,3.4,3.1,5,0.3094925947927976,1.5,3.25,5,0.7558328093457325,5,5,5,0.0001007049012145481,5,5,5,4.3,,,
Eastern Mediterranean Route ,Regional crisis,REG006,"Turkey,Greece","TUR,GRC",3.8,0.2012932233759585,0.9,2.35,5,0.39944556451612906,2,3.5,3,3.8,0.15851735015772872,0.8,2.3,5,0.7014925373134329,5,5,2.7,1.2106135986733002e-05,0.6,1.7,3.9,3.2,,,
Central Mediterranean Route,Regional crisis,REG007,"Algeria,Tunisia,Libya,Italy","DZA,TUN,LBY,ITA",x,x,x,x,x,x,x,x,x,x,x,x,x,x,x,x,x,4,x,x,4,4,4,,,
Western Mediterranean Route,Regional crisis,REG008,"Algeria,Morocco,Spain","DZA,MAR,ESP",x,x,x,x,x,x,x,x,x,x,x,x,x,x,x,x,x,3.2,x,x,3.2,3.2,3.2,,,
Rohingya Regional Crisis,Regional crisis,REG011,"Bangladesh,Myanmar","BGD,MMR",2.8,0.05810022342802426,0.2,1.5,2.4,0.026764836806639276,0.1,1.25,1.4,3.3,0.5580194991397438,2.8,3.05,4.5,0.46111682082905103,5,4.8,0,0,0,0,3.2,3.1,,,
Southern Africa Regional Food Security Crisis,Regional crisis,REG012,"Lesotho,Madagascar,Malawi,Namibia,Eswatini,Zambia,Zimbabwe","LSO,MDG,MWI,NAM,SWZ,ZMB,ZWE",5,0.8186331088425465,4.1,4.55,5,0.823710045834783,4.1,4.55,4.6,5,0.6928176592657889,3.4,4.2,3.5,0.00800508932831469,0.3,1.9,2.9,2.809733340401845e-06,0.1,1.5,1.7,3.2,,,
Nagorno-Karabakh Conflict,Regional crisis,REG013,"Armenia,Azerbaijan","ARM,AZE",3,0.537761061070969,2.6,2.8,2.6,0.45120921305182343,2.2,2.4000000000000004,2.6,3.3,0.4997447677386422,2.5,2.9,2.8,0.031664964249233915,1.1,2,3.1,4.6986721144024515e-05,2.3,2.7,2.4,2.7,,,
Burundi and DRC refugees in Rwanda,International displacement,RWA002,Rwanda,RWA,1.7,0.43153627888123225,2.1,1.9,2.2,0.47365697132801987,2.3,2.25,2.1,1.1,0.030594405594405596,0.1,0.6000000000000001,3.1,1,5,4.1,x,x,x,x,4.1,2.8,,,
Complex crisis in Sudan,Multiple crises country,SDN001,Sudan,SDN,5,0.7746999158249158,3.9,4.45,5,1.0086206896551724,5,5,4.8,5,0.6581196581196581,3.3,4.15,5,0.15701298701298702,5,5,4.4,3.753246753246753e-05,1.9,3.2,4.3,4.2,,,
Refugees in Sudan,International displacement,SDN005,Sudan,SDN,3.3,0.037568602693602696,0.1,1.7,3.7,0.28032327586206895,1.4,2.55,2.1,4.4,1,5,4.7,4.3,0.08057199969247328,2.7,3.5,2.6,4.7666641039440304e-06,0.2,1.4,2.6,3.9,,,
Floods in Sudan ,Flood,SDN006,Sudan,SDN,5,0.7746999158249158,3.9,4.45,5,1,5,5,4.8,1.7,0.006767241379310345,0,0.85,2.8,0.2770700636942675,5,3.9,2.7,0.00026751592356687897,5,3.9,3.9,2.7,,,
Refugees from Ethiopia,International displacement,SDN007,Sudan,SDN,3.8,0.07575757575757576,0.3,2.05,3.8,0.2980603448275862,1.5,2.65,2.4,4.4,1,5,4.7,2.6,0.005133767172812726,0.2,1.4,0,0,0,0,0.7,3.3,,,
Violence West-Darfur,Other type of violence,SDN008,Sudan,SDN,3.2,0.03344276094276094,0.1,1.6500000000000001,0.9,0.03961206896551724,0.1,0.5,1.1,2.5,0.5533188248095756,2.7,2.6,3.6,0.33136676499508355,5,4.3,3.1,0.00015339233038348082,5,4.1,4.2,3.5,,,
Drought in Senegal,Drought,SEN002,Senegal,SEN,3.8,1,5,4.4,4.1,1,5,4.55,4.5,3.3,0.1907953797354719,0.9,2.1,x,x,x,x,0,0,0,0,0,1.2,,,
Complex crisis in El Salvador,Complex crisis,SLV001,El Salvador,SLV,2.2,0.999034749034749,5,3.6,2.8,1,5,3.9,3.8,3.3,0.47761194029850745,2.4,2.8499999999999996,1.6,0.0040625,0.1,0.9,4.2,0.0002925,5,4.6,3.3,3.1,,,
Complex crisis in Somalia,Complex crisis,SOM001,Somalia,SOM,4.7,1,5,4.85,4,1,5,4.5,4.7,4.5,0.9987940336401142,5,4.75,5,0.2371631926792069,5,5,4.7,0.00011661159125571936,5,4.9,5,4.9,,,
Mixed Migration Flows in Somalia,International displacement,SOM002,Somalia,SOM,2.4,0.04596550514872318,0.1,1.25,0.4,0.08390986988257695,0.4,0.4,0.8,0,0.018910741301059002,0,0,2,1,5,3.5,2.8,0.00364,5,3.9,3.7,2.3,,,
Drought in Somalia,Drought,SOM005,Somalia,SOM,4.5,0.8,4,4.25,3.9,0.9364646144081245,4.7,4.3,4.3,3.2,0.1762233970448692,0.8,2,2.9,0.04346153846153846,1.4,2.2,0,0,0,0,1.2,1.6,,,
Complex crisis in South Sudan,Complex crisis,SSD001,South Sudan,SSD,4.7,0.9994893912892326,5,4.85,3.6,1,5,4.3,4.6,4.3,1,5,4.65,5,0.3797175866495507,5,5,4.4,9.644843816859221e-05,4.8,4.6,4.8,4.7,,,
Food Security Crisis in Eswatini,Food Security,SWZ001,Eswatini,SWZ,2.1,1.0095348837209301,5,3.55,0.2,1.0654545454545454,5,2.6,3.1,2.2,0.5776450511945392,2.9,2.55,0,0,0,0,0,0,0,0,0,1.4,,,
Syrian conflict,Complex crisis,SYR001,Syria,SYR,3.8,1.008440886565376,5,4.4,4.1,1,5,4.55,4.5,4.6,1,5,4.8,5,0.8862285714285715,5,5,4.9,0.00016017142857142858,5,5,5,4.9,,,
Complex crisis in Chad,Multiple crises country,TCD001,Chad,TCD,5,1,5,5,4.1,1,5,4.55,4.8,4,0.4528784902065845,2.2,3.1,4.3,0.1371105560667806,4.6,4.5,3.1,1.9061390824240832e-05,1,2.1,3.6,3.4,,,
Boko Haram in Chad,Conflict,TCD003,Chad,TCD,2.2,0.015815597204574334,0,1.1,0,0.04084062630231589,0.2,0.1,0.6,2.2,1,5,3.6,3.7,0.6020408163265306,5,4.4,2.6,0.00010349854227405248,5,3.8,4.1,3.9,,,
CAR refugees in Chad,International displacement,TCD004,Chad,TCD,3.6,0.12279463151207115,0.5,2.05,2.2,0.2652854676430315,1.3,1.75,1.9,2.5,0.2253141831238779,1.1,1.8,3.2,0.17231075697211157,5,4.1,x,x,x,x,4.1,3.2,,,
Darfur refugees in Chad,International displacement,TCD005,Chad,TCD,3.9,0.16333465692503177,0.7,2.3,1.4,0.15342025361671727,0.7,1.0499999999999998,1.7,2.6,0.4357780364765231,2.2,2.4000000000000004,3.7,0.3303650934995548,5,4.4,2,2.226179875333927e-05,1.1,1.6,3.3,2.9,,,
Tibesti Conflict in Chad,Conflict,TCD006,Chad,TCD,3.9,0.17471410419313851,0.8,2.35,0,0.002262308745609335,0,0,1.3,0.1,1,5,2.55,x,x,x,x,0.9,0.00010526315789473685,5,3,3,2.8,,,
Multiple situations in Thailand,Multiple crises country,THA001,Thailand,THA,2.5,0.059390475444812,0.2,1.35,1.8,0.05365809407175579,0.2,1,1.2,0.8,0.02564102564102564,0.1,0.45,2.8,1,5,3.9,2.6,0.0006923076923076923,5,3.8,3.9,2.6,,,
Conflict in southern Thailand ,Conflict,THA002,Thailand,THA,2.1,0.035878564857405704,0.1,1.1,1.8,0.05228224550581334,0.2,1,1.1,x,x,x,x,x,x,x,x,2.6,x,x,2.6,2.6,2.6,,,
Myanmar refugees in Thailand,International displacement,THA003,Thailand,THA,0,1.7616316623930788e-05,0,0,0,0.0013758485659424564,0,0,0,0.8,1,5,2.9,2.8,1,5,3.9,x,x,x,x,3.9,3.4,,,
Venezuelan refugees in Trinidad and Tobago,International displacement,TTO002,Trinidad and Tobago,TTO,1.2,1,5,3.1,0.5,0.9965635738831615,5,2.75,2.9,0.5,0.041379310344827586,0.2,0.35,2.5,1,5,3.8,2.5,0.001,5,3.8,3.8,2.4,,,
Mixed migration flows in Tunisia,International displacement,TUN002,Tunisia,TUN,3.7,1,5,4.35,3.6,1,5,4.3,4.3,x,x,x,x,x,x,x,x,4.2,x,x,4.2,4.2,4.2,,,
Complex situation in Turkey,Multiple crises country,TUR001,Turkey,TUR,4.3,0.49234437327027275,2.4,3.3499999999999996,5,0.6356608449234636,3.2,4.1,3.8,3.8,0.10932457891104437,0.5,2.15,5,0.6928851731786384,5,5,3.4,4.1801740317351986e-05,2.1,2.8,4.2,3.4,,,
Syrian Refugees in Turkey,International displacement,TUR002,Turkey,TUR,3.5,0.1715473669165703,0.8,2.15,5,0.4287221807230344,2.1,3.55,2.9,3.7,0.1529675313900105,0.7,2.2,5,0.6745615621045019,5,5,x,x,x,x,5,4,,,
Mixed Migration Flows in Turkey,International displacement,TUR003,Turkey,TUR,3.7,0.23063550017540896,1.1,2.4000000000000004,5,0.4461281257781098,2.2,3.6,3.1,3.8,0.15576994631371924,0.7,2.25,5,0.6928851731786384,5,5,2.4,8.360348063470398e-06,0.4,1.4,3.8,3.1,,,
Kurdish Conflict,Conflict,TUR004,Turkey,TUR,3.8,0.25413120590413574,1.2,2.5,3.7,0.15383156072516865,0.7,2.2,2.4,x,x,x,x,x,x,x,x,3.3,x,x,3.3,3.3,3.3,,,
International Displacement in Tanzania,International displacement,TZA002,Tanzania,TZA,3.8,0.21110860239331677,1,2.4,3.5,0.19712095783518177,0.9,2.2,2.3,4.3,1,5,4.65,3.4,0.021592205740366893,0.7,2.1,0,0,0,0,1.2,3.4,,,
International Displacement in Uganda,International displacement,UGA005,Uganda,UGA,3,0.3324456413325354,1.6,2.3,2.9,0.1619430627579638,0.8,1.85,2.1,2.8,0.19657561103123775,0.9,1.8499999999999999,4.5,1,5,4.8,x,x,x,x,4.8,3.7,,,
Conflict in Ukraine,Conflict,UKR002,Ukraine,UKR,2.9,0.09184691605240898,0.4,1.65,2.7,0.14995008794029566,0.7,1.7000000000000002,1.7,3.7,0.8559201141226819,4.3,4,4.5,0.27,5,4.8,0.7,5.555555555555555e-07,0,0.4,3.3,3.7,,,
Complex crisis in Venezuela,Complex crisis,VEN001,Venezuela,VEN,4.9,1,5,4.95,4.8,1,5,4.9,4.9,4.9,1,5,4.95,5,0.1985626732817744,5,5,5,0.00030107252298263533,5,5,5,5,,,
Conflict in Yemen,Complex crisis,YEM001,Yemen,YEM,4.5,1,5,4.75,5,0.9967532467532467,5,5,4.9,4.9,0.8827361563517915,4.4,4.65,5,0.14760147601476015,4.9,5,3.6,1.2287822878228782e-05,0.6,2.1,4,4.4,,,
Mixed migration flows in Yemen,International displacement,YEM002,Yemen,YEM,4.5,1,5,4.75,5,0.9967532467532467,5,5,4.9,4.9,0.8827361563517915,4.4,4.65,5,0.14760147601476015,4.9,5,3.6,1.2287822878228782e-05,0.6,2.1,4,4.4,,,
Drought in Zambia,Drought,ZMB002,Zambia,ZMB,4.8,1.0124134034625163,5,4.9,3.6,0.6620108695652174,3.3,3.45,4.3,3.9,0.5549626467449307,2.8,3.3499999999999996,0,0,0,0,0,0,0,0,0,2,,,
Complex crisis in Zimbabwe,Complex crisis,ZWE001,Zimbabwe,ZWE,4.3,1.0100995217784672,5,4.65,4,1,5,4.5,4.6,4.1,0.6238992093591309,3.1,3.5999999999999996,3.5,0.031114774366371317,1,2.3,1.6,1.442406758705955e-06,0.1,0.9,1.7,2.8,,,
,,,,,,,,,,,,,,,,,,,,,,,,,,,,,,
,,,,,,,,,,,,,,,,,,,,,,,,,,,,,,
,,,,,,,,,,,,,,,,,,,,,,,,,,,,,,
,,,,,,,,,,,,,,,,,,,,,,,,,,,,,,
,,,,,,,,,,,,,,,,,,,,,,,,,,,,,,
,,,,,,,,,,,,,,,,,,,,,,,,,,,,,,
,,,,,,,,,,,,,,,,,,,,,,,,,,,,,,
,,,,,,,,,,,,,,,,,,,,,,,,,,,,,,
,,,,,,,,,,,,,,,,,,,,,,,,,,,,,,
,,,,,,,,,,,,,,,,,,,,,,,,,,,,,,
,,,,,,,,,,,,,,,,,,,,,,,,,,,,,,
,,,,,,,,,,,,,,,,,,,,,,,,,,,,,,
,,,,,,,,,,,,,,,,,,,,,,,,,,,,,,
