,,,,,,,,,,,,,,,,,,,,,,,,,,,,
,,,,,Area affected - absolute,% of total area affected,Area affected - relative,Area affected,People living in the affected area - absolute,% of total population living in the affected area,People living in the affected area - relative,People in the affected area,Geographical,People affected - absolute,% of people affected on the total population exposed,People affected - relative,People affected,People displaced - absolute,% of total population displaced on the  ,People displaced - relative,People displaced,Fatalities - absolute,% of fatalities on the total population affected,Fatalities (relative),Crisis related fatalities,People affected by categories,Human,
,,,,MAX,6,,1,,7.5,,1,,,7.5,,1,,6.5,,0.15,,3.5,,0.0001,,,,
,,,,MIN,3,,0.02,,6,,0.01,,,4.5,,0.01,,3,,0,,0,,0,,,,
CRISIS,TYPE OF CRISIS,CRISIS ID,COUNTRY,Iso3,,,,,,,,,,,,,,,,,,,,,,,,
Complex crisis in Afghanistan,Complex crisis,AFG001,Afghanistan,AFG,4.7,1.0000107220537329,5,4.85,5,1,5,5,4.9,5,1,5,5,5,0.22325324641186056,5,5,5,0.0009368066873455654,5,5,5,5,
Nagorno-Karabakh Conflict in Armenia,Conflict,ARM002,Armenia,ARM,2.4,0.9906217070600633,5,3.7,1.6,1,5,3.3,3.5,0.7,0.027777777777777776,0.1,0.39999999999999997,2.6,0.7857142857142857,5,3.8,0,1.1904761904761905e-05,0.6,0.3,2.4,1.5,
Nagorno-Karabakh conflict in Azerbaijan,Conflict,AZE002,Azerbaijan,AZE,2.5,0.38179112783228286,1.8,2.15,2.6,0.5874587458745875,2.9,2.75,2.5,3.8,1,5,4.4,2.8,0.015491998638066053,0.5,1.7,2.8,1.5491998638066055e-05,0.8,1.8,1.8,3.4,
Complex in Burundi,Complex crisis,BDI001,Burundi,BDI,2.3,1,5,3.65,3.7,1,5,4.35,4,4.3,1,5,4.65,3.7,0.03301587301587302,1.1,2.4,3.5,2.0793650793650793e-05,1,2.3,2.4,3.8,
Conflict in Burkina Faso,Conflict,BFA002,Burkina Faso,BFA,3.7,0.6083516081871345,3,3.35,1.8,0.16669032410693163,0.8,1.3,2.5,3.4,0.9770082316207778,4.9,4.15,4.4,0.36054619407321326,5,4.7,5,0.0009137129575828007,5,5,4.9,4.6,
Rohingya refugee crisis,International displacement,BGD002,Bangladesh,BGD,0,0.0049934700775908425,0,0,0.4,0.009469472125812691,0,0.2,0.1,2.7,1,5,3.85,4.2,0.6519174041297935,5,4.6,2.1,2.1386430678466077e-05,1.1,1.6,3.5,3.7,
Venezuela displacement in Brazil,International displacement,BRA002,Brazil,BRA,3.9,0.026833003515136143,0,1.95,0.6,0.007114067771607494,0,0.3,1.2,2.4,0.5946488294314382,3,2.7,3.8,0.5511811023622047,5,4.4,0,0,0,0,2.8,2.8,
Complex crisis in CAR,Complex crisis,CAF001,CAR,CAF,4.7,1.0000321037593503,5,4.85,2.3,1,5,3.65,4.3,3.7,1,5,4.35,4.6,0.3177551020408163,5,4.8,4.1,0.00014448979591836735,5,4.6,4.7,4.5,
Multiple crises in Cameroon,Multiple crises country,CMR001,Cameroon,CMR,4.4,0.9321571365107572,4.7,4.550000000000001,4.7,1,5,4.85,4.7,3.6,0.1678389240995517,0.8,2.2,4.7,0.4480773658761225,5,4.9,3.8,0.00010453603499884873,5,4.4,4.7,3.7,
Boko Haram in Cameroon,Conflict,CMR002,Cameroon,CMR,2.6,0.07248207146030336,0.3,1.45,2.2,0.17324934302055958,0.8,1.5,1.5,3,0.44256078518848985,2.2,2.6,3.9,0.28326612903225806,5,4.5,3.4,0.00012298387096774192,5,4.2,4.4,3.7,
Anglophone Crisis in Cameroon,Conflict,CMR003,Cameroon,CMR,3.1,0.16257324786867214,0.7,1.9,2.2,0.1729788220745092,0.8,1.5,1.7,3.1,0.5471403038427167,2.7,2.9000000000000004,4.4,0.4561045324622295,5,4.7,3.5,0.00011678236014699878,5,4.3,4.5,3.8,
CAR refugees in Cameroon,International displacement,CMR004,Cameroon,CMR,3.7,0.3653466184341351,1.8,2.75,0.6,0.060480754366980985,0.3,0.44999999999999996,1.7,1.7,0.20191693290734825,1,1.35,3.6,1.0126582278481013,5,4.3,x,x,x,x,4.3,3.2,
Complex crisis in DRC,Complex crisis,COD001,DRC,COD,5,0.999999117796255,5,5,5,1,5,5,5,5,0.48538586570374626,2.4,3.7,5,0.20731902947663927,5,5,4.7,3.91818728694606e-05,2,3.4,4.4,4.1,
Complex crisis in Congo,Complex crisis,COG001,Congo,COG,4.2,1,5,4.6,2.5,1,5,3.75,4.2,2.6,0.21432398642614753,1,1.8,3.5,0.24583333333333332,5,4.3,x,x,x,x,4.3,3.3,
Complex crisis in Colombia,Complex crisis,COL001,Colombia,COL,5,1,5,5,5,1,5,5,5,4.7,0.4337176938369781,2.1,3.4000000000000004,4.7,0.09158415841584158,3.1,3.9,3.8,2.03978731206454e-05,1,2.4,3.2,3.3,
Venezuela displacement in Colombia,International displacement,COL002,Colombia,COL,3.4,0.10012888688598467,0.4,1.9,4.5,0.4375944333996024,2.2,3.35,2.7,3.8,0.26504929353505063,1.3,2.55,4.6,0.26516969489201236,5,4.8,x,x,x,x,4.8,3.9,
Nicaraguan refugees in Costa Rica,International displacement,CRI002,Costa Rica,CRI,1.2,0.0972581276929103,0.4,0.8,0.8,0.33288435635943814,1.6,1.2000000000000002,1,0.7,0.04971098265895954,0.2,0.44999999999999996,2.8,1,5,3.9,0,0,0,0,2.4,1.5,
Multiple crises in Djibouti,Multiple crises country,DJI001,Djibouti,DJI,2.3,1,5,3.65,0,1,5,2.5,3.1,2.2,0.6041055718475073,3,2.6,2.2,0.05663430420711974,1.9,2.1,1.1,9.70873786407767e-06,0.5,0.8,1.5,2.1,
Mixed migration in Djibouti,International displacement,DJI002,Djibouti,DJI,2.3,1,5,3.65,0,1,5,2.5,3.1,0.1,0.03421309872922776,0.1,0.1,2.2,1,5,3.6,0,0,0,0,2.2,1.3,
Drought in Djibouti,Drought,DJI003,Djibouti,DJI,2.3,1,5,3.65,0,1,5,2.5,3.1,2.1,0.5698924731182796,2.8,2.45,x,x,x,x,0,0,0,0,0,1.4,
Mixed migration flows in Algeria,International displacement,DZA002,Algeria,DZA,5,0.9996888830481568,5,5,5,1,5,5,5,x,x,x,x,x,x,x,x,4.2,x,x,4.2,4.2,4.2,
Sahrawi refugees in Algeria,International displacement,DZA003,Algeria,DZA,3.7,0.06675788845218687,0.2,1.9500000000000002,0,0.005174013921113689,0,0,1.1,1.2,0.7802690582959642,3.9,2.55,3.2,1,5,4.1,0,0,0,0,2.6,2.6,
Multiple crises in Algeria,Multiple crises country,DZA004,Algeria,DZA,5,0.9996888830481568,5,5,5,1,5,5,5,x,x,x,x,x,x,x,x,4,x,x,4,4,4,
Venezuela displacement in Ecuador,International displacement,ECU002,Ecuador,ECU,0.9,0.013887099371879529,0,0.45,2.5,0.366496025865553,1.8,2.15,1.4,2.2,0.11486859033265943,0.5,1.35,3.7,0.6656,5,4.4,0,1.6e-06,0.1,0.1,2.9,2.2,
Syrian Refugee Crisis in Egypt,International displacement,EGY002,Egypt,EGY,3.3,0.0914880405846602,0.4,1.8499999999999999,4.6,0.23209945411802207,1.1,2.8499999999999996,2.4,2.8,0.061759656652360516,0.3,1.5499999999999998,3.9,0.34954829742876997,5,4.5,0,0,0,0,2.9,2.3,
Complex crisis in Eritrea,Complex crisis,ERI001,Eritrea,ERI,3.3,1,5,4.15,1.7,1,5,3.35,3.8,3.2,0.8001239541369694,4,3.6,3.6,0.12161115414407436,4.1,3.9,0,0,0,0,2.4,3.1,
Mixed migration flows in spain,International displacement,ESP002,Spain,ESP,3.3,0.18514224025909118,0.8,2.05,3.6,0.25454043375746116,1.2,2.4,2.2,0.9,0.009596928982725527,0,0.45,2.9,1,5,4,3,0.0011391304347826087,5,4,4,2.6,
Complex crisis in Ethiopia,Complex crisis,ETH001,Ethiopia,ETH,5,1.063652,5,5,5,1,5,5,5,5,1,5,5,5,0.06075216972034716,2,3.5,5,9.328833172613307e-05,4.7,4.9,4.3,4.7,
Flood Crisis in Ethiopia,Flood,ETH002,Ethiopia,ETH,4.8,0.742878,3.7,4.25,5,0.8486017357762777,4.2,4.6,4.4,2.2,0.007011363636363637,0,1.1,3.3,0.34683954619124796,5,4.2,2.1,4.5380875202593194e-05,2.3,2.2,3.4,2.4,
International Displacement,International displacement,ETH003,Ethiopia,ETH,5,1.063652,5,5,5,1,5,5,5,4.6,0.1711089681774349,0.8,2.6999999999999997,4.1,0.04480387736699729,1.5,2.8,1.8,1.0144274120829577e-06,0.1,1,2,2.4,
Crisis in Tigray,Conflict,ETH004,Ethiopia,ETH,3.2,0.084722,0.3,1.75,2.5,0.054966248794599805,0.2,1.35,1.6,3.8,1,5,4.4,4.9,0.4440350877192982,5,5,4.8,0.0003912280701754386,5,4.9,5,4.7,
Mixed migration flows in Greece,International displacement,GRC002,Greece,GRC,0.9,0.02609829325058185,0,0.45,0,0.03883227760947398,0.1,0.05,0.3,1.2,0.41843971631205673,2.1,1.65,3.2,1,5,4.1,1.8,0.00010169491525423729,5,3.4,3.8,2.9,
Complex crisis in Guatemala,Complex crisis,GTM001,Guatemala,GTM,3.4,1,5,4.2,3.9,1,5,4.45,4.3,3.7,0.3691275167785235,1.8,2.75,3.4,0.044,1.5,2.5,4.7,0.0003410909090909091,5,4.9,4,3.4,
Complex crisis in Honduras,Complex crisis,HND001,Honduras,HND,3.4,1,5,4.2,3.2,1,5,4.1,4.2,3.2,0.29482419742301813,1.4,2.3,3.4,0.09148148148148148,3,3.2,4.7,0.000697037037037037,5,4.9,4.2,3.4,
Hurricane Eta and Iota in Honduras,Tropical cyclone,HND002,Honduras,HND,3.4,1.0053624095093396,5,4.2,2.9,0.817864162480891,4.1,3.5,3.9,3.6,0.6275033377837116,3.1,3.35,2.8,0.020425531914893616,0.7,1.8,2.8,2.0851063829787234e-05,1,1.9,1.9,2.7,
Complex crisis in Haiti,Complex crisis,HTI001,Haiti,HTI,2.4,0.9857039187227866,4.9,3.6500000000000004,3.5,1,5,4.25,4,4,0.6914112681225913,3.4,3.7,3.2,0.023888520238885203,0.8,2,4.8,0.00029303251493032514,5,4.9,3.9,3.8,
Nippes Earthquake ,Earthquake,HTI002,Haiti,HTI,1.8,0.46629172714078376,2.3,2.05,2.7,0.5899247568361167,2.9,2.8,2.4,2.3,0.1244361487011977,0.6,1.45,3.1,0.2,5,4.1,4.8,0.00273625,5,4.9,4.5,3.4,
Papua Conflict,Conflict,IDN002,Indonesia,IDN,4.4,0.2296681883669966,1.1,2.75,1.9,0.015122761986913804,0,0.95,1.9,3.4,1,5,4.2,2.1,0.00862548692264886,0.3,1.2,3.3,5.62047857540345e-05,2.8,3.1,2.3,3.4,
Conflict in Jammu and Kashmir,Conflict,IND002,India,IND,3.9,0.07474665258527037,0.3,2.1,3.7,0.009265470772504286,0,1.85,2,x,x,x,x,x,x,x,x,4.6,x,x,4.6,4.6,4.6,
Afghan Refugees in Iran,International displacement,IRN004,Iran,IRN,4,0.1470818291215403,0.6,2.3,4.6,0.29933916986228687,1.5,3.05,2.7,3.4,0.13616404141320548,0.6,2,5,1,5,5,0,0,0,0,3.5,2.8,
Multiple crises in Iraq,Multiple crises country,IRQ001,Iraq,IRQ,4.4,1.0016853748388286,5,4.7,5,0.9773015438927977,4.9,4.95,4.8,3.8,0.1559399643856525,0.7,2.25,5,1.3743882544861337,5,5,4.5,0.0002476345840130506,5,4.8,4.9,3.9,
Conflict  in Iraq,Conflict,IRQ002,Iraq,IRQ,4.4,1.0016853932584269,5,4.7,2.6,0.15240036794868608,0.7,1.65,3.6,3.8,0.9502446982055465,4.7,4.25,5,1.4036051502145923,5,5,4.5,0.0002606008583690987,5,4.8,4.9,4.6,
Syrian and Palestinian refugees in iraq,International displacement,IRQ003,Iraq,IRQ,2.7,0.09357846748940873,0.4,1.55,2.4,0.12781244561569252,0.6,1.5,1.5,2,0.09356156389807431,0.4,1.2,3.4,0.5176715176715176,5,4.2,0,0,0,0,2.7,2,
Mixed migration flows in Italy,International displacement,ITA002,Italy,ITA,2.7,0.1395729924525736,0.6,1.6500000000000001,2.8,0.10906319506011541,0.5,1.65,1.7,1.4,0.02966343411294923,0.1,0.75,3.3,1,5,4.2,4.1,0.0033461538461538464,5,4.6,4.4,3.1,
Syrian refugees in Jordan,International displacement,JOR002,Jordan,JOR,2.7,0.4557670646542014,2.2,2.45,3.1,0.8058486026281695,4,3.55,3,2.9,0.21095544327055582,1,1.95,4.5,0.7169297768100164,5,4.8,0,0,0,0,3.2,2.6,
Multiple crisis in Kenya ,Multiple crises country,KEN001,Kenya,KEN,4.5,0.9123238570474751,4.6,4.55,4.1,0.31112216144538374,1.5,2.8,3.8,3.2,0.1582312200319659,0.7,1.9500000000000002,3.9,0.19678264122708566,5,4.5,0,0,0,0,2.9,2.5,
Refugee situation in Kenya,International displacement,KEN002,Kenya,KEN,2.6,0.06719612046245212,0.2,1.4000000000000001,0.1,0.019982687809639577,0.1,0.1,0.8,2,0.4847926267281106,2.4,2.2,3.9,1,5,4.5,0,0,0,0,2.9,2.6,
Drought in Kenya,Drought,KEN003,Kenya,KEN,4.5,0.9123238570474751,4.6,4.55,4.1,0.30959353187100574,1.5,2.8,3.8,3.1,0.12778108268887567,0.6,1.85,0,0,0,0,0,0,0,0,0,1,
Syrian refugees in Lebanon,International displacement,LBN002,Lebanon,LBN,1.7,1.021505376344086,5,3.35,2.8,1,5,3.9,3.6,3.4,0.5022710622710622,2.5,2.95,4.5,0.4457409568261377,5,4.8,0,0,0,0,3.2,3.1,
Socioeconomic crisis in Lebanon,Political and economic crisis,LBN004,Lebanon,LBN,1.7,1.021505376344086,5,3.35,2.8,1,5,3.9,3.6,3.5,0.5523809523809524,2.7,3.1,x,x,x,x,2.4,1.220159151193634e-05,0.6,1.5,1.5,2.4,
Complex crisis in Libya,Multiple crises country,LBY001,Libya,LBY,5,1,5,5,2.9,1,5,3.95,4.6,2.9,0.24324324324324326,1.2,2.05,4.5,0.8455555555555555,5,4.8,4.2,0.0004994444444444444,5,4.6,4.7,3.7,
Mixed migration flows in Libya,International displacement,LBY002,Libya,LBY,5,1,5,5,2.9,1,5,3.95,4.6,2.2,0.08567567567567567,0.4,1.3,4,1,5,4.5,4.2,0.0013391167192429022,5,4.6,4.6,3.4,
Drought in Lesotho,Drought,LSO002,Lesotho,LSO,2.5,0.9998353096179183,5,3.75,0.6,0.7019047619047619,3.5,2.05,3,2.3,0.5122116689280869,2.5,2.4,x,x,x,x,0,0,0,0,0,1.3,
Mixed migration flows in Morocco,International displacement,MAR002,Morocco,MAR,4.4,1,5,4.7,5,0.9757348102654091,4.9,4.95,4.8,x,x,x,x,x,x,x,x,3.2,x,x,3.2,3.2,3.2,
Drought in Madagascar,Drought,MDG002,Madagascar,MDG,3.2,0.14086283946373324,0.6,1.9000000000000001,1.4,0.10447819314641744,0.5,0.95,1.4,3,0.7950055907566157,4,3.5,0,0,0,0,0,0,0,0,0,2.1,
Multiple crisis in Mexico,Multiple crises country,MEX001,Mexico,MEX,5,1.0105069574834744,5,5,5,1,5,5,5,1.7,0.002583979328165375,0,0.85,2.7,0.2554517133956386,5,3.9,3.5,0.0009376947040498442,5,4.3,4.1,2.8,
Criminal Violence in Mexico,Other type of violence,MEX002,Mexico,MEX,5,1.0105069574834744,5,5,5,1.038196205333784,5,5,5,1.8,0.002768042675929659,0,0.9,3.6,1,5,4.3,5,0.009675070028011204,5,5,4.7,3.4,
Mixed Migration in Mexico,International displacement,MEX003,Mexico,MEX,5,1.0105069574834744,5,5,5,1,5,5,5,1.7,0.002583979328165375,0,0.85,2.7,0.2554517133956386,5,3.9,3.5,0.0009376947040498442,5,4.3,4.1,2.8,
Complex crisis in Mali,Complex crisis,MLI001,Mali,MLI,5,1,5,5,4.4,1,5,4.7,4.9,4.3,0.5740613665326929,2.8,3.55,4.4,0.10058060109289617,3.4,3.9,4.1,6.309767759562842e-05,3.2,3.7,3.8,3.7,
Multiple crises in Myanmar,Multiple crises country,MMR001,Myanmar,MMR,4.6,0.8731870521222515,4.4,4.5,5,0.802947932618683,4,4.5,4.5,3.7,0.12668669241405617,0.6,2.15,4.6,0.3116296575084682,5,4.8,5,0.0008063605570191945,5,5,4.9,3.9,
Rakhine Conflict,Conflict,MMR002,Myanmar,MMR,2.8,0.06868530654743676,0.2,1.5,2,0.07431087289433384,0.3,1.15,1.3,2.8,0.4026275115919629,2,2.4,4.5,0.8624440179142674,5,4.8,2.9,7.165706973768394e-05,3.6,3.3,4.2,3.4,
Kachin and Shan Conflict,Conflict,MMR003,Myanmar,MMR,4,0.37490506522937467,1.8,2.9,2.7,0.12467457886676876,0.6,1.6500000000000001,2.3,3.4,0.546599109473361,2.7,3.05,3,0.036235955056179776,1.2,2.1,2.7,2.3595505617977527e-05,1.2,2,2.1,2.6,
Post-coup Violence in Myanmar,Conflict,MMR004,Myanmar,MMR,4.1,0.4295966803454401,2.1,3.0999999999999996,5,0.6039624808575804,3,4,3.6,3,0.06338943298152198,0.3,1.65,3.2,0.0895,3,3.1,4.2,0.00043,5,4.6,4,3,
Cabo Delgado Islamist Insurgency,Other type of violence,MOZ004,Mozambique,MOZ,4.1,0.3568440194308095,1.7,2.9,3.4,0.35696465696465696,1.8,2.6,2.8,3.1,0.22646088138225587,1.1,2.1,4.1,0.31375910844406346,5,4.6,3.9,0.00023617659665666523,5,4.5,4.6,3.6,
Refugees from Mali in Mauritania,International displacement,MRT002,Mauritania,MRT,0,7.276608130396817e-05,0,0,0,0.02281460134486071,0.1,0.05,0,0.7,0.8947368421052632,4.5,2.6,2.8,1,5,3.9,0,0,0,0,2.4,2.5,
Food Security in Mauritania,Drought,MRT003,Mauritania,MRT,5,1,5,5,2.1,1,5,3.55,4.4,3.6,1.0883765609990395,5,4.3,x,x,x,x,0,0,0,0,0,2.8,
Complex crisis in Malawi,Complex crisis,MWI002,Malawi,MWI,3.3,1,5,4.15,4.3,1,5,4.65,4.4,3.6,0.24397511631554183,1.2,2.4,0,0,0,0,2,5.14248982215556e-06,0.3,1.2,0.6,1.6,
International Refugees in Malaysia,International displacement,MYS001,Malaysia,MYS,1.6,0.028595343174554862,0,0.8,1.9,0.1251435132032147,0.6,1.25,1,1.3,0.04692005242463958,0.2,0.75,3.2,1,5,4.1,0,0,0,0,2.6,1.8,
Food Security Crisis in Namibia,Food Security,NAM002,Namibia,NAM,4.9,1.001217068104799,5,4.95,1.1,0.859504132231405,4.3,2.7,4.1,2.6,0.49633699633699635,2.5,2.55,0,0,0,0,0,0,0,0,0,1.4,
Multiple crises in Niger,Multiple crises country,NER001,Niger,NER,5,1.0002368358727403,5,5,4.6,1,5,4.8,4.9,3.5,0.16310924369747898,0.8,2.15,4,0.15018031942297785,5,4.5,4,0.00015095311695002576,5,4.5,4.5,3.6,
Boko Haram in Niger,Conflict,NER002,Niger,NER,3.7,0.12386989816057473,0.5,2.1,0,0.03987394957983193,0.2,0.1,1.2,1.6,0.3087460484720759,1.5,1.55,3.4,0.8293515358361775,5,4.2,3.1,0.0005051194539249146,5,4.1,4.2,3.1,
Mali/Burkina Faso conflict,Conflict,NER003,Niger,NER,3.9,0.1662587826636141,0.7,2.3,3.1,0.35294117647058826,1.7,2.4,2.4,2.7,0.16142857142857142,0.8,1.75,3.3,0.14896755162241887,5,4.2,3.7,0.00030604719764011797,5,4.4,4.3,3.3,
Nigerian Refugees,International displacement,NER004,Niger,NER,1.6,0.006801926265098287,0,0.8,0.4,0.05579831932773109,0.2,0.30000000000000004,0.6,2.2,0.5301204819277109,2.6,2.4000000000000004,3.2,0.265625,5,4.1,1.7,2.2727272727272726e-05,1.1,1.4,3,2.7,
Complex crisis in Nigeria,Complex crisis,NGA001,Nigeria,NGA,4.9,0.999033784599844,5,4.95,5,0.3826605760235664,1.9,3.45,4.3,4.7,0.27004850392062524,1.3,3,5,0.2471228391197573,5,5,5,0.000286897481581355,5,5,5,4.2,
Middle belt conflict,Conflict,NGA003,Nigeria,NGA,3.8,0.19946199369764045,0.9,2.35,4,0.07728747437351964,0.3,2.15,2.3,3,0.12876641771825909,0.6,1.8,3.7,0.2005,5,4.4,4.4,0.0006235,5,4.7,4.6,3.5,
Boko Haram crisis in Nigeria,Conflict,NGA004,Nigeria,NGA,3.7,0.17338954950206967,0.8,2.25,3.7,0.06518580442268267,0.3,2,2.1,4.4,1,5,4.7,5,0.32198473282442747,5,5,4.5,0.00010282442748091603,5,4.8,4.9,4.8,
Northwest Banditry,Other type of violence,NGA007,Nigeria,NGA,4,0.26099673902302445,1.2,2.6,5,0.17711132342111024,0.8,2.9,2.8,3.7,0.15733430730761666,0.7,2.2,3.8,0.07964285714285714,2.7,3.3,4.8,0.00043589285714285713,5,4.9,4.3,3.4,
Cameroonian Refugees in Nigeria,International displacement,NGA008,Nigeria,NGA,3.4,0.11933638569562019,0.5,1.95,3.7,0.06307099779064908,0.3,2,2,0.5,0.005285996055226824,0,0.25,2.6,1,5,3.8,0,0,0,0,2.3,1.4,
Socioeconomic crisis in Nicaragua,Political and economic crisis,NIC001,Nicaragua,NIC,3.5,0.9999961774970915,5,4.25,2.7,1,5,3.85,4.1,1.9,0.06471135940409684,0.3,1.0999999999999999,2.9,0.2446043165467626,5,4,0.7,7.1942446043165465e-06,0.4,0.6,2.7,2,
Hurricane Eta and Iota in Nicaragua,Tropical cyclone,NIC002,Nicaragua,NIC,3.3,0.7703423633039721,3.8,3.55,1.4,0.4129422718808194,2,1.7,2.7,2.9,0.6764374295377678,3.4,3.15,2.7,0.04055555555555555,1.4,2.1,1.9,1.2777777777777777e-05,0.6,1.3,1.7,2.5,
Complex crisis in Pakistan,Complex crisis,PAK001,Pakistan,PAK,4.8,1.0327158572021586,5,4.9,5,1,5,5,5,5,0.6553836263875559,3.3,4.15,5,0.14961766676567498,5,5,4.1,4.925087553274527e-06,0.2,2.2,4,4.1,
Kashmir conflict in Pakistan,Conflict,PAK004,Pakistan,PAK,1.9,0.01724911789124118,0,0.95,2.2,0.020145591510783552,0.1,1.1500000000000001,1.1,x,x,x,x,x,x,x,x,0.4,x,x,0.4,0.4,0.4,
Venezuela displacement in Peru,International displacement,PER002,Peru,PER,3.8,0.13940625,0.6,2.1999999999999997,4,0.5104254587514458,2.5,3.25,2.8,2.7,0.08378245957863792,0.4,1.55,4.3,0.804093567251462,5,4.7,0.7,2.1929824561403507e-06,0.1,0.4,3.2,2.5,
Mindanao conflict,Conflict,PHL003,Philippines,PHL,3.6,0.46401046382935907,2.3,2.95,4.7,0.24077114268157346,1.2,2.95,3,1,0.00453298796282188,0,0.5,3,1,5,4,4.8,0.018184873949579832,5,4.9,4.5,3.1,
Complex crisis in DPRK,Complex crisis,PRK001,DPRK,PRK,3.5,1,5,4.25,4.7,1,5,4.85,4.6,4.8,1,5,4.9,2.2,0.0013247097327203305,0,1.1,1.6,5.065066625107146e-07,0,0.8,1,3.6,
Conflict in Palestine,Conflict,PSE002,Palestine,PSE,1.3,1,5,3.15,2.4,1,5,3.7,3.4,3.7,1,5,4.35,5,1.2398076923076924,5,5,3.6,6.134615384615385e-05,3.1,3.4,4.4,4.4,
Regional Boko Haram Crisis,Regional crisis,REG001,"Nigeria,Niger,Chad,Cameroon","NGA,NER,TCD,CMR",4.3,0.09438888007817096,0.4,2.35,4.3,0.07185617547310208,0.3,2.3,2.3,4.4,0.6860071811416975,3.4,3.9000000000000004,5,0.3912614731093074,5,5,4.7,0.00013904270651596753,5,4.9,5,4.5,
Venezuela Regional Crisis,Regional crisis,REG002,"Venezuela,Brazil,Colombia,Ecuador,Peru,Trinidad and Tobago","VEN,BRA,COL,ECU,PER,TTO",5,0.12274879283154846,0.5,2.75,5,0.21593642687849826,1,3,2.9,5,0.48263969672501333,2.4,3.7,5,0.15434129189587706,5,5,x,x,x,x,5,4.5,
Regional Kashmir conflict,Regional crisis,REG003,"India,Pakistan","IND,PAK",4,0.06290827895845964,0.2,2.1,4.1,0.010877929793786052,0,2.05,2.1,4.6,1,5,4.8,x,x,x,x,3.9,3.136954858454476e-05,1.6,2.8,2.8,4,
Syrian Regional Crisis,Regional crisis,REG004,"Syria,Turkey,Iraq,Egypt,Jordan,Lebanon","SYR,TUR,IRQ,EGY,JOR,LBN",4.5,0.20128080127636944,0.9,2.7,5,0.3753907436529389,1.8,3.4,3.1,5,0.309273598820059,1.5,3.25,5,0.7556549097532704,5,5,5,0.00010077827454876635,5,5,5,4.3,
Eastern Mediterranean Route ,Regional crisis,REG006,"Turkey,Greece","TUR,GRC",3.8,0.2012932233759585,0.9,2.35,5,0.3995295698924731,2,3.5,3,3.8,0.1581686291000841,0.7,2.25,5,0.7008973080757727,5,5,2.6,1.1797939514788967e-05,0.6,1.6,3.8,3.1,
Central Mediterranean Route,Regional crisis,REG007,"Algeria,Tunisia,Libya,Italy","DZA,TUN,LBY,ITA",x,x,x,x,x,x,x,x,x,x,x,x,x,x,x,x,x,4,x,x,4,4,4,
Western Mediterranean Route,Regional crisis,REG008,"Algeria,Morocco,Spain","DZA,MAR,ESP",x,x,x,x,x,x,x,x,x,x,x,x,x,x,x,x,x,3.2,x,x,3.2,3.2,3.2,
Rohingya Regional Crisis,Regional crisis,REG011,"Bangladesh,Myanmar","BGD,MMR",2.8,0.05810022342802426,0.2,1.5,2.4,0.026885478449472158,0.1,1.25,1.4,3.3,0.5568724909195183,2.8,3.05,4.4,0.4174390662547202,5,4.7,3.3,7.209062821833161e-05,3.6,3.5,4.2,3.7,
Southern Africa Regional Food Security Crisis,Regional crisis,REG012,"Lesotho,Madagascar,Malawi,Namibia,Eswatini,Zambia,Zimbabwe","LSO,MDG,MWI,NAM,SWZ,ZMB,ZWE",5,0.8186331088425465,4.1,4.55,5,0.8160635132673508,4.1,4.55,4.6,4.8,0.4579326252348444,2.3,3.55,3.5,0.012267446583800471,0.4,2,0,0,0,0,1.1,2.5,
Nagorno-Karabakh Conflict,Regional crisis,REG013,"Armenia,Azerbaijan","ARM,AZE",3,0.537761061070969,2.6,2.8,2.6,0.45120921305182343,2.2,2.4000000000000004,2.6,3.3,0.4997447677386422,2.5,2.9,2.8,0.031664964249233915,1.1,2,3.1,4.6986721144024515e-05,2.3,2.7,2.4,2.7,
Burundi and DRC refugees in Rwanda,International displacement,RWA002,Rwanda,RWA,1.7,0.43153627888123225,2.1,1.9,2.2,0.47365697132801987,2.3,2.25,2.1,1.1,0.030594405594405596,0.1,0.6000000000000001,3.1,1,5,4.1,x,x,x,x,4.1,2.8,
Complex crisis in Sudan,Multiple crises country,SDN001,Sudan,SDN,5,0.7746999158249158,3.9,4.45,5,1.0086206896551724,5,5,4.8,5,0.6581196581196581,3.3,4.15,5,0.15642857142857142,5,5,4.5,4.850649350649351e-05,2.4,3.5,4.4,4.3,
Refugees in Sudan,International displacement,SDN005,Sudan,SDN,3.3,0.037568602693602696,0.1,1.7,3.7,0.28032327586206895,1.4,2.55,2.1,4.4,1,5,4.7,4.3,0.07911124778965173,2.6,3.5,2.5,4.074728992081187e-06,0.2,1.4,2.6,3.9,
Floods in Sudan ,Flood,SDN006,Sudan,SDN,5,0.7746999158249158,3.9,4.45,5,1,5,5,4.8,0.8,0.0021982758620689657,0,0.4,2.1,0.30392156862745096,5,3.6,2.7,0.0008235294117647059,5,3.9,3.8,2.5,
Refugees from Ethiopia,International displacement,SDN007,Sudan,SDN,3.8,0.07575757575757576,0.3,2.05,3.8,0.2980603448275862,1.5,2.65,2.4,4.4,1,5,4.7,2.6,0.004916847433116414,0.2,1.4,0,0,0,0,0.7,3.3,
Violence West-Darfur,Other type of violence,SDN008,Sudan,SDN,3.2,0.03344276094276094,0.1,1.6500000000000001,0.9,0.03961206896551724,0.1,0.5,1.1,2.8,0.8520130576713819,4.3,3.55,3.6,0.21519795657726692,5,4.3,3.8,0.0002694763729246488,5,4.4,4.4,4,
Drought in Senegal,Drought,SEN002,Senegal,SEN,3.8,1,5,4.4,4.1,1,5,4.55,4.5,3.3,0.1907953797354719,0.9,2.1,x,x,x,x,0,0,0,0,0,1.2,
Complex crisis in El Salvador,Complex crisis,SLV001,El Salvador,SLV,2.2,1,5,3.6,2.8,1,5,3.9,3.8,2.7,0.208955223880597,1,1.85,3.8,0.3242857142857143,5,4.4,4.1,0.0005257142857142857,5,4.6,4.5,3.5,
Complex crisis in Somalia,Complex crisis,SOM001,Somalia,SOM,4.7,1,5,4.85,3.6,1,5,4.3,4.6,4.3,1,5,4.65,5,0.34772357723577235,5,5,4.5,0.00012121951219512195,5,4.8,4.9,4.8,
Mixed Migration Flows in Somalia,International displacement,SOM002,Somalia,SOM,2.4,0.04596550514872318,0.1,1.25,0.4,0.10747967479674797,0.5,0.45,0.9,0,0.018910741301059002,0,0,2,1,5,3.5,2.8,0.00364,5,3.9,3.7,2.3,
Complex crisis in South Sudan,Complex crisis,SSD001,South Sudan,SSD,4.7,0.9994893912892326,5,4.85,3.6,1,5,4.3,4.6,4.3,1,5,4.65,5,0.3797175866495507,5,5,4.4,9.644843816859221e-05,4.8,4.6,4.8,4.7,
Food Security Crisis in Eswatini,Food Security,SWZ001,Eswatini,SWZ,2.1,1.0095348837209301,5,3.55,0.1,1,5,2.55,3.1,2.2,0.6,3,2.6,0,0,0,0,0,0,0,0,0,1.5,
Syrian conflict,Complex crisis,SYR001,Syria,SYR,3.8,1.008440886565376,5,4.4,4.1,1,5,4.55,4.5,4.6,1,5,4.8,5,0.8862285714285715,5,5,4.9,0.00016365714285714286,5,5,5,4.9,
Complex crisis in Chad,Multiple crises country,TCD001,Chad,TCD,5,1,5,5,4.1,1,5,4.55,4.8,4,0.4528784902065845,2.2,3.1,4.3,0.12659392664650979,4.2,4.3,3.3,2.9052188773498094e-05,1.5,2.4,3.5,3.3,
Boko Haram in Chad,Conflict,TCD003,Chad,TCD,2.2,0.015815597204574334,0,1.1,0,0.04084062630231589,0.2,0.1,0.6,2.2,1,5,3.6,3.7,0.6020408163265306,5,4.4,2.6,0.00010349854227405248,5,3.8,4.1,3.9,
CAR refugees in Chad,International displacement,TCD004,Chad,TCD,3.6,0.12279463151207115,0.5,2.05,2.2,0.2652854676430315,1.3,1.75,1.9,2.5,0.2253141831238779,1.1,1.8,3.2,0.17231075697211157,5,4.1,x,x,x,x,4.1,3.2,
Darfur refugees in Chad,International displacement,TCD005,Chad,TCD,3.9,0.16333465692503177,0.7,2.3,1.4,0.15342025361671727,0.7,1.0499999999999998,1.7,2.6,0.4357780364765231,2.2,2.4000000000000004,3.7,0.3303650934995548,5,4.4,2,2.226179875333927e-05,1.1,1.6,3.3,2.9,
Tibesti Conflict in Chad,Conflict,TCD006,Chad,TCD,3.9,0.17471410419313851,0.8,2.35,0,0.002262308745609335,0,0,1.3,0.1,1,5,2.55,x,x,x,x,0.9,0.00010526315789473685,5,3,3,2.8,
Multiple situations in Thailand,Multiple crises country,THA001,Thailand,THA,2.5,0.059390475444812,0.2,1.35,1.8,0.05365809407175579,0.2,1,1.2,3.4,1,5,4.2,2.8,0.025922795153564385,0.9,1.9,2.6,1.7751479289940828e-05,0.9,1.8,1.9,3.3,
Conflict in southern Thailand ,Conflict,THA002,Thailand,THA,2.1,0.035878564857405704,0.1,1.1,1.8,0.05228224550581334,0.2,1,1.1,3.4,1,5,4.2,x,x,x,x,2.6,1.8218623481781378e-05,0.9,1.8,1.8,3.2,
Myanmar refugees in Thailand,International displacement,THA003,Thailand,THA,0,1.7616316623930788e-05,0,0,0,0.001390967780952813,0,0,0,0.8,1,5,2.9,2.8,1,5,3.9,x,x,x,x,3.9,3.4,
Venezuelan refugees in Trinidad and Tobago,International displacement,TTO002,Trinidad and Tobago,TTO,1.2,1,5,3.1,0.5,0.9965635738831615,5,2.75,2.9,0.5,0.041379310344827586,0.2,0.35,2.5,1,5,3.8,2.5,0.001,5,3.8,3.8,2.4,
Mixed migration flows in Tunisia,International displacement,TUN002,Tunisia,TUN,3.7,1,5,4.35,3.6,1,5,4.3,4.3,x,x,x,x,x,x,x,x,4.2,x,x,4.2,4.2,4.2,
Complex situation in Turkey,Multiple crises country,TUR001,Turkey,TUR,4.3,0.49234437327027275,2.4,3.3499999999999996,5,0.6356608449234636,3.2,4.1,3.8,3.8,0.108951521143049,0.5,2.15,5,0.6918335901386748,5,5,3.4,4.143126177024482e-05,2.1,2.8,4.2,3.4,
Syrian Refugees in Turkey,International displacement,TUR002,Turkey,TUR,3.5,0.1715473669165703,0.8,2.15,5,0.4287221807230344,2.1,3.55,2.9,3.7,0.15241440345151833,0.7,2.2,5,0.673380511703865,5,5,x,x,x,x,5,4,
Mixed Migration Flows in Turkey,International displacement,TUR003,Turkey,TUR,3.7,0.23063550017540896,1.1,2.4000000000000004,5,0.4461281257781098,2.2,3.6,3.1,3.8,0.15523839897942912,0.7,2.25,5,0.6918335901386748,5,5,2.5,9.073788734805684e-06,0.5,1.5,3.8,3.1,
Kurdish Conflict,Conflict,TUR004,Turkey,TUR,3.8,0.25413120590413574,1.2,2.5,3.7,0.15383156072516865,0.7,2.2,2.4,x,x,x,x,x,x,x,x,3.3,x,x,3.3,3.3,3.3,
International Displacement in Tanzania,International displacement,TZA002,Tanzania,TZA,3.8,0.21110860239331677,1,2.4,3.5,0.19712095783518177,0.9,2.2,2.3,4.3,1,5,4.65,3.5,0.02317212323356447,0.8,2.2,0,0,0,0,1.2,3.4,
International Displacement in Uganda,International displacement,UGA005,Uganda,UGA,3,0.3324456413325354,1.6,2.3,2.9,0.1619430627579638,0.8,1.85,2.1,2.8,0.19657561103123775,0.9,1.8499999999999999,4.5,1,5,4.8,x,x,x,x,4.8,3.7,
Conflict in Ukraine,Conflict,UKR002,Ukraine,UKR,2.9,0.09184691605240898,0.4,1.65,2.7,0.14995008794029566,0.7,1.7000000000000002,1.7,3.7,0.8559201141226819,4.3,4,4.5,0.27,5,4.8,0.7,5.555555555555555e-07,0,0.4,3.3,3.7,
Complex crisis in Venezuela,Complex crisis,VEN001,Venezuela,VEN,4.9,1,5,4.95,4.8,1,5,4.9,4.9,4.9,1,5,4.95,5,0.1985626732817744,5,5,5,0.00030107252298263533,5,5,5,5,
Conflict in Yemen,Complex crisis,YEM001,Yemen,YEM,4.5,1,5,4.75,5,0.9967532467532467,5,5,4.9,4.9,0.8827361563517915,4.4,4.65,5,0.14760147601476015,4.9,5,3.6,1.2287822878228782e-05,0.6,2.1,4,4.4,
Mixed migration flows in Yemen,International displacement,YEM002,Yemen,YEM,4.5,1,5,4.75,5,0.9967532467532467,5,5,4.9,4.9,0.8827361563517915,4.4,4.65,5,0.14760147601476015,4.9,5,3.6,1.2287822878228782e-05,0.6,2.1,4,4.4,
Drought in Zambia,Drought,ZMB002,Zambia,ZMB,4.8,1.0124134034625163,5,4.9,3.6,0.6447282608695653,3.2,3.4000000000000004,4.3,3.7,0.47315181657253647,2.3,3,0,0,0,0,0,0,0,0,0,1.7,
Complex crisis in Zimbabwe,Complex crisis,ZWE001,Zimbabwe,ZWE,4.3,1.0100995217784672,5,4.65,4,1,5,4.5,4.6,4.1,0.6238992093591309,3.1,3.5999999999999996,3.5,0.031114774366371317,1,2.3,0.4,2.06058108386565e-07,0,0.2,1.4,2.7,
,,,,,,,,,,,,,,,,,,,,,,,,,,,,
,,,,,,,,,,,,,,,,,,,,,,,,,,,,
,,,,,,,,,,,,,,,,,,,,,,,,,,,,
,,,,,,,,,,,,,,,,,,,,,,,,,,,,
,,,,,,,,,,,,,,,,,,,,,,,,,,,,
,,,,,,,,,,,,,,,,,,,,,,,,,,,,
,,,,,,,,,,,,,,,,,,,,,,,,,,,,
,,,,,,,,,,,,,,,,,,,,,,,,,,,,
,,,,,,,,,,,,,,,,,,,,,,,,,,,,
,,,,,,,,,,,,,,,,,,,,,,,,,,,,
,,,,,,,,,,,,,,,,,,,,,,,,,,,,
