,,,,,,,,,,,,,,,,,,,,,,,,,,,,,,,,,,,,,,,,,,,,,,,,,,,,,,,,,,,,,,,,,,,,,,,
Country,Crisis,Crisis ID,Trend,2019-01-01 00:00:00,2019-02-01 00:00:00,2019-03-01 00:00:00,2019-04-01 00:00:00,2019-05-01 00:00:00,2019-06-01 00:00:00,2019-07-01 00:00:00,2019-08-01 00:00:00,2019-09-01 00:00:00,2019-10-01 00:00:00,2019-11-01 00:00:00,2019-12-01 00:00:00,2020-01-01 00:00:00,2020-02-01 00:00:00,2020-03-01 00:00:00,2020-04-01 00:00:00,2020-05-01 00:00:00,2020-06-01 00:00:00,2020-07-01 00:00:00,2020-08-01 00:00:00,2020-09-01 00:00:00,2020-10-01 00:00:00,2020-11-01 00:00:00,2020-12-01 00:00:00,2021-01-01 00:00:00,2021-02-01 00:00:00,2021-03-01 00:00:00,2021-04-01 00:00:00,2021-05-01 00:00:00,2021-06-01 00:00:00,2021-07-01 00:00:00,2021-08-01 00:00:00,2021-09-01 00:00:00,2021-10-01 00:00:00,2021-11-01 00:00:00,2021-12-01 00:00:00,2022-01-01 00:00:00,2022-02-01 00:00:00,2022-03-01 00:00:00,2022-04-01 00:00:00,2022-05-01 00:00:00,2022-06-01 00:00:00,2022-07-01 00:00:00,2022-08-01 00:00:00,2022-09-01 00:00:00,2022-10-01 00:00:00,2022-11-01 00:00:00,2022-12-01 00:00:00,2023-01-01 00:00:00,2023-02-01 00:00:00,2023-03-01 00:00:00,2023-04-01 00:00:00,2023-05-01 00:00:00,2023-06-01 00:00:00,2023-07-01 00:00:00,2023-08-01 00:00:00,2023-09-01 00:00:00,2023-10-01 00:00:00,2023-11-01 00:00:00,2023-12-01 00:00:00,2024-01-01 00:00:00,2024-02-01 00:00:00,2024-03-01 00:00:00,2024-04-01 00:00:00,2024-05-01 00:00:00,2024-06-01 00:00:00,2024-07-01 00:00:00,2024-08-01 00:00:00
Afghanistan,Complex crisis in Afghanistan,AFG001,Stable,4.4,4.4,4.4,4.5,4.5,4.5,4.5,4.5,4.5,4.4,4.4,4.4,4.4,4.4,4.5,4.5,4.5,4.5,4.5,4.5,4.6,4.6,4.6,4.6,4.6,4.6,4.6,4.6,4.6,4.7,4.7,4.7,4.7,4.7,4.7,4.7,4.6,4.6,4.6,4.5,4.4,4.5,4.5,4.5,4.5,4.5,4.5,4.5,4.5,4.5,4.5,4.4,4.4,4.5,4.5,4.5,4.5,4.4,4.4,4.4,4.4,4.4,4.4,4.4,4.4,4.4,4.4,4.4
,,AFG002,-,4.1,-,-,-,-,-,-,-,-,-,-,-,-,-,-,-,-,-,-,-,-,-,-,-,-,-,-,-,-,-,-,-,-,-,-,-,-,-,-,-,-,-,-,-,-,-,-,-,-,-,-,-,-,-,-,-,-,-,-,-,-,-,-,-,-,-,-,-
,,AFG003,-,3.9,-,-,-,-,-,-,-,-,-,-,-,-,-,-,-,-,-,-,-,-,-,-,-,-,-,-,-,-,-,-,-,-,-,-,-,-,-,-,-,-,-,-,-,-,-,-,-,-,-,-,-,-,-,-,-,-,-,-,-,-,-,-,-,-,-,-,-
,,AFG004,-,-,-,2.1,2.2,-,-,-,-,-,-,-,-,-,-,-,-,-,-,-,-,-,-,-,-,-,-,-,-,-,-,-,-,-,-,-,-,-,-,-,-,-,-,-,-,-,-,-,-,-,-,-,-,-,-,-,-,-,-,-,-,-,-,-,-,-,-,-,-
,,AFG005,-,-,-,-,-,-,-,-,-,-,-,-,-,-,-,-,-,-,-,-,-,-,-,-,-,-,-,-,-,-,-,-,-,-,-,-,-,-,-,-,-,-,3,3,3,3,3,3,3,3,3,3,-,-,-,-,-,-,-,-,-,-,-,-,-,-,-,-,-
Afghanistan,Earthquake in Herat Province,AFG006,Decreasing,-,-,-,-,-,-,-,-,-,-,-,-,-,-,-,-,-,-,-,-,-,-,-,-,-,-,-,-,-,-,-,-,-,-,-,-,-,-,-,-,-,-,-,-,-,-,-,-,-,-,-,-,-,-,-,-,-,2.7,3,3,3,2.8,2.8,2.8,2.8,2.6,2.6,2.6
Angola,Drought in South-West Angola,AGO002,Decreasing,-,-,-,-,-,-,-,-,-,-,-,-,-,-,-,-,-,-,-,-,-,-,-,-,-,-,-,-,-,-,-,-,-,-,-,3.1,3.1,3.1,3.1,3.1,3.1,3.2,3.2,3.3,3.3,3.3,3.1,3.1,3.1,3.1,3.1,3.1,3.1,3.1,3.1,3.1,3.1,3.1,3.2,3.2,3.2,3.1,3.1,3.1,3.1,3.1,2.8,2.8
,,ARG002,-,-,0.9,-,-,-,-,-,-,-,-,-,-,-,-,-,-,-,-,-,-,-,-,-,-,-,-,-,-,-,-,-,-,-,-,-,-,-,-,-,-,-,-,-,-,-,-,-,-,-,-,-,-,-,-,-,-,-,-,-,-,-,-,-,-,-,-,-,-
Armenia,Nagorno-Karabakh Conflict in Armenia,ARM002,Decreasing,-,-,-,-,-,-,-,-,-,-,-,-,-,-,-,-,-,-,-,-,-,-,-,-,1.7,1.7,1.6,1.7,1.7,1.7,1.7,1.6,1.6,1.5,1.5,1.5,1.5,1.5,1.5,1.5,1.5,1.3,1.3,1.3,1.3,1.3,1.3,1.3,1.3,1.3,1.1,1.2,1.3,1.9,1.9,1.9,2,2.1,2.2,2.3,2.3,2.3,2.3,2.3,2.3,2.2,2.2,2.1
Azerbaijan,Nagorno-Karabakh conflict in Azerbaijan,AZE002,Decreasing,-,-,-,-,-,-,-,-,-,-,-,-,-,-,-,-,-,-,-,-,-,-,-,-,-,-,-,-,-,-,-,-,-,-,-,-,-,-,-,-,-,-,1.8,1.8,1.8,1.8,1.8,1.8,1.8,1.8,1.8,1.8,1.9,2.2,2.2,2.2,2.4,2.4,2.5,2.2,2.2,2.1,2.1,1.8,1.8,1.6,1.6,1.6
Burundi,Complex in Burundi,BDI001,Stable,-,3.5,3.5,3.8,3.8,3.8,3.8,3.8,3.8,3.8,3.8,3.8,3.7,3.7,3.3,3.3,3.2,3.3,3.3,3.3,3.3,3.4,3.3,3.3,3.3,3.3,3.8,3.8,3.8,3.8,3.8,3.8,3.8,3.8,3.8,3.8,3.8,3.8,3.5,3.5,3.5,3.5,3.5,3.5,3.5,3.5,3.5,3.5,3.5,3.5,3.5,3.5,3.5,3.6,3.3,3.3,3.3,3.3,3.3,3.4,3.3,3.3,3.3,3.3,3.3,3.3,3.3,3.3
,,BDI002,-,-,3.5,3.5,-,-,-,-,-,-,-,-,-,-,-,-,-,-,-,-,-,-,-,-,-,-,-,-,-,-,-,-,-,-,-,-,-,-,-,-,-,-,-,-,-,-,-,-,-,-,-,-,-,-,-,-,-,-,-,-,-,-,-,-,-,-,-,-,-
,,BDI003,-,-,1.7,1.7,-,-,-,-,-,-,-,-,-,-,-,-,-,-,-,-,-,-,-,-,-,-,-,-,-,-,-,-,-,-,-,-,-,-,-,-,-,-,-,-,-,-,-,-,-,-,-,-,-,-,-,-,-,-,-,-,-,-,-,-,-,-,-,-,-
Benin,Conflict in northern region,BEN002,Increasing,-,-,-,-,-,-,-,-,-,-,-,-,-,-,-,-,-,-,-,-,-,-,-,-,-,-,-,-,-,-,-,-,-,-,-,-,-,-,-,-,-,-,-,-,-,-,-,-,-,-,-,-,-,-,-,-,-,-,-,-,-,-,-,-,1.9,2,2,2
Burkina Faso,Conflict in Burkina Faso,BFA002,Stable,-,3,3.1,3.2,3.2,3.1,3.2,3.2,3.2,3.2,3.2,3.2,3.2,3.4,3.4,3.4,3.4,3.9,3.9,3.9,3.9,3.8,3.9,4,3.9,3.9,3.9,4,4,4,4,4,4,4,3.9,3.9,3.9,3.9,3.9,3.9,3.9,3.9,3.9,3.9,3.7,3.8,3.8,3.7,3.7,4,4,4,4,3.9,3.9,4,4,4,4.1,4.1,4.2,4.1,4.1,4.2,4.2,4.2,4.2,4.2
,,BFA003,-,-,-,-,-,-,-,-,-,-,-,-,-,-,-,-,-,-,-,-,-,2.4,2.3,2.4,2.4,2.4,-,-,-,-,-,-,-,-,-,-,-,-,-,-,-,-,-,-,-,-,-,-,-,-,-,-,-,-,-,-,-,-,-,-,-,-,-,-,-,-,-,-,-
,,BFA004,-,-,-,-,-,-,-,-,-,-,-,-,-,-,-,-,-,-,-,-,-,-,-,3.9,3.9,3.8,-,-,-,-,-,-,-,-,-,-,-,-,-,-,-,-,-,-,-,-,-,-,-,-,-,-,-,-,-,-,-,-,-,-,-,-,-,-,-,-,-,-,-
Bangladesh,Mutliple crises in Bangladesh,BGD001,Increasing,-,-,-,-,-,-,-,-,-,-,-,-,-,-,-,-,-,2.9,3.2,3.2,3.2,2.9,2.9,2.9,-,-,-,-,-,-,-,-,-,-,-,-,-,-,-,-,-,3.5,3.5,3.5,3.5,3.4,3.4,3.4,-,-,-,-,-,-,-,3.6,3.4,-,-,-,-,-,-,3.8,3.8,4,4,4
Bangladesh,Rohingya refugee crisis,BGD002,Increasing,-,3.3,3.3,3.1,3.1,3.1,3.1,3.1,3.1,3.2,3.2,3.2,3.2,3.2,3.1,3.1,3.2,3.3,3.3,3.3,3.3,3.3,3.3,3.3,3.2,3.2,3.2,3.2,3.2,3.2,3.2,3.2,3.1,3.1,3.2,3.2,3.2,3.2,3.2,3.2,3,3,3.1,3,3.1,3,3,3,3,3,3,3,3,3.3,3.3,3.3,3.3,3.3,3.3,3.3,3.3,3.3,3.3,3.2,3.2,3.3,3.3,3.3
,,BGD004,-,-,-,-,-,-,-,-,3.1,3.1,3.2,3.2,3.2,3.2,3.2,3.2,3.2,3.2,3.1,3.3,3.3,3.3,3.3,-,-,-,-,-,-,-,-,-,-,-,-,-,-,-,-,-,-,-,-,-,-,-,-,-,-,-,-,-,-,-,-,-,-,-,-,-,-,-,-,-,-,-,-,-,-
,,BGD006,-,-,-,-,-,-,-,-,-,-,-,-,-,-,-,-,-,-,2.4,2.5,2.5,2.5,2.5,2.6,2.6,-,-,-,-,-,-,-,-,-,-,-,-,-,-,-,-,-,-,-,-,-,-,-,-,-,-,-,-,-,-,-,-,-,-,-,-,-,-,-,-,-,-,-,-
,,BGD007,-,-,-,-,-,-,-,-,-,-,-,-,-,-,-,-,-,-,-,-,-,2.1,2.1,2.4,-,-,-,-,-,-,-,-,-,-,-,-,-,-,-,-,-,-,-,-,-,-,-,-,-,-,-,-,-,-,-,-,-,-,-,-,-,-,-,-,-,-,-,-,-
,,BGD008,-,-,-,-,-,-,-,-,-,-,-,-,-,-,-,-,-,-,-,-,-,-,-,-,-,-,-,-,-,-,-,-,-,-,-,-,-,-,-,-,-,-,3.1,3,3,3,3,3,3,-,-,-,-,-,-,-,-,-,-,-,-,-,-,-,-,-,-,-,-
,,BGD009,-,-,-,-,-,-,-,-,-,-,-,-,-,-,-,-,-,-,-,-,-,-,-,-,-,-,-,-,-,-,-,-,-,-,-,-,-,-,-,-,-,-,-,-,-,-,-,-,-,-,-,-,-,-,-,-,2.8,2.8,2.8,2.8,2.8,-,-,-,-,-,-,-,-
,,BGD010,-,-,-,-,-,-,-,-,-,-,-,-,-,-,-,-,-,-,-,-,-,-,-,-,-,-,-,-,-,-,-,-,-,-,-,-,-,-,-,-,-,-,-,-,-,-,-,-,-,-,-,-,-,-,-,-,-,-,4.1,4.1,4.1,4.1,4.1,3.9,-,-,-,-,-
,,BGD011,-,-,-,-,-,-,-,-,-,-,-,-,-,-,-,-,-,-,-,-,-,-,-,-,-,-,-,-,-,-,-,-,-,-,-,-,-,-,-,-,-,-,-,-,-,-,-,-,-,-,-,-,-,-,-,-,-,-,-,1.6,1.6,-,-,-,-,-,-,-,-
Bangladesh,Chronic Food Security Crisis in Bangladesh,BGD012,Increasing,-,-,-,-,-,-,-,-,-,-,-,-,-,-,-,-,-,-,-,-,-,-,-,-,-,-,-,-,-,-,-,-,-,-,-,-,-,-,-,-,-,-,-,-,-,-,-,-,-,-,-,-,-,-,-,-,-,-,-,-,-,-,-,3.5,3.5,3.6,3.6,3.6
Bangladesh,Cyclone Remal,BGD013,-,-,-,-,-,-,-,-,-,-,-,-,-,-,-,-,-,-,-,-,-,-,-,-,-,-,-,-,-,-,-,-,-,-,-,-,-,-,-,-,-,-,-,-,-,-,-,-,-,-,-,-,-,-,-,-,-,-,-,-,-,-,-,-,-,-,2.6,2.7,2.7
Bangladesh,2024 Monsoon Floods in Bangladesh,BGD014,-,-,-,-,-,-,-,-,-,-,-,-,-,-,-,-,-,-,-,-,-,-,-,-,-,-,-,-,-,-,-,-,-,-,-,-,-,-,-,-,-,-,-,-,-,-,-,-,-,-,-,-,-,-,-,-,-,-,-,-,-,-,-,-,-,-,-,2.7,2.8
Bulgaria,Displacement from Russia-Ukraine conflict in Bulgaria,BGR002,Decreasing,-,-,-,-,-,-,-,-,-,-,-,-,-,-,-,-,-,-,-,-,-,-,-,-,-,-,-,-,-,-,-,-,-,-,-,-,-,-,-,-,-,-,-,-,-,-,-,-,-,-,-,-,-,-,-,-,-,-,1.5,1.5,1.5,1.7,1.8,1.8,1.5,1.5,1.5,1.5
,,BHS002,-,-,-,-,-,-,-,-,-,-,1.7,1.7,1.7,1.7,1.7,-,-,-,-,-,-,-,-,-,-,-,-,-,-,-,-,-,-,-,-,-,-,-,-,-,-,-,-,-,-,-,-,-,-,-,-,-,-,-,-,-,-,-,-,-,-,-,-,-,-,-,-,-,-
,,BIH002,-,-,0.8,-,-,-,-,-,-,-,-,-,-,-,-,-,-,-,-,-,-,-,-,-,-,-,-,-,-,-,-,-,-,-,-,-,-,-,-,-,-,-,-,-,-,-,-,-,-,-,-,-,-,-,-,-,-,-,-,-,-,-,-,-,-,-,-,-,-
Belarus,Displacement from Russia-Ukraine conflict in Belarus,BLR002,Decreasing,-,-,-,-,-,-,-,-,-,-,-,-,-,-,-,-,-,-,-,-,-,-,-,-,-,-,-,-,-,-,-,-,-,-,-,-,-,-,-,-,-,-,-,-,-,-,-,-,-,-,-,-,-,-,-,-,-,-,1.8,1.8,1.8,1.8,1.9,2.2,1.7,1.8,1.8,1.8
Brazil,Country level Brazil,BRA001,Increasing,-,-,-,-,-,-,-,-,-,-,-,-,-,-,-,-,-,-,-,-,-,-,-,-,-,-,-,-,-,-,-,-,-,-,-,-,2.2,2.2,2.1,2.1,2.1,2.8,2.8,2.5,2.8,2.8,2.8,2.8,2.7,2.7,2.7,2.7,2.8,2.8,2.8,2.8,2.6,2.6,2.5,2.4,2.4,2.3,2.3,2.3,2.5,2.5,2.5,2.5
Brazil,Venezuela displacement in Brazil,BRA002,Stable,-,1.7,1.7,2.2,2.4,2.4,2.4,2.4,2.4,2.4,2.2,2.2,2.2,2.2,2.2,2.2,2.2,2.2,2.2,2.2,2.3,2.4,2.5,2.5,2.5,2.5,2.5,2.5,2.5,2.6,2.6,2.6,2.6,2.5,2.5,2.5,2.5,2.5,2.4,2.4,2.4,2.4,2.4,2.3,2.4,2.4,2.4,2.4,2.6,2.6,2.7,2.7,2.5,2.5,2.4,2.4,2.3,2.3,2.3,2.1,2.1,2.1,2.2,2.3,2.3,2.3,2.3,2.3
,,BRA003,-,-,-,-,-,-,-,-,-,-,-,-,-,-,-,-,-,-,-,-,-,-,-,-,-,-,-,-,-,-,-,-,-,-,-,-,-,1.9,2,2,2,2,2.2,2.1,2,2.1,2,2,2,2,2,1.6,1.6,1.3,1.3,1.3,1.3,1.5,1.5,1.4,1.4,-,-,-,-,-,-,-,-
Brazil,Drought in the Amazonas,BRA004,Decreasing,-,-,-,-,-,-,-,-,-,-,-,-,-,-,-,-,-,-,-,-,-,-,-,-,-,-,-,-,-,-,-,-,-,-,-,-,-,-,-,-,-,-,-,-,-,-,-,-,-,-,-,-,-,-,-,-,-,-,2.3,2.3,2.3,2.2,2.3,2.3,2.2,2.2,2.1,2.1
CAR,Complex crisis in CAR,CAF001,Stable,-,4,4,4,4,4,4,4,4,4,3.9,3.9,3.9,3.9,4,4,4,4,4,4,4,4,4,4,4,4,4.1,4.1,4.1,4.2,4.2,4.2,4.2,4.2,4.2,4.2,4.2,4.2,4.2,4.1,4.2,4.1,4.1,4.1,4.1,4.1,4.1,4.1,4.1,4.1,4.1,4.1,4.1,4.2,4.2,4.2,4.2,4.2,4.1,4.1,4.1,4.1,4.1,4.1,4.1,4.1,4.1,4.1
,,CAF002,-,-,-,-,-,-,-,-,-,-,-,-,2.3,2.3,2.3,2.3,2.3,-,-,-,-,-,-,-,-,-,-,-,-,-,-,-,-,-,-,-,-,-,-,-,-,-,-,-,-,-,-,-,-,-,-,-,-,-,-,-,-,-,-,-,-,-,-,-,-,-,-,-,-
Chile,Venezuela displacement in Chile,CHL002,Stable,-,-,-,-,-,-,-,-,-,-,-,-,-,-,-,-,-,-,-,-,-,-,-,-,-,-,-,-,-,-,-,-,-,-,-,-,-,2.1,2.1,2.2,2.2,2.6,2.6,2.6,2.6,2.5,2.5,2.5,2.5,2.5,2.5,2.5,2.5,2.5,2.6,2.6,2.6,2.5,2.6,2.6,2.6,2.6,2.6,2.6,2.6,2.6,2.6,2.5
,,CHN002,-,-,-,-,-,-,-,-,-,-,-,-,-,-,-,-,-,-,-,2.9,2.9,2.9,3,-,-,-,-,-,-,-,-,-,-,-,-,-,-,-,-,-,-,-,-,-,-,-,-,-,-,-,-,-,-,-,-,-,-,-,-,-,-,-,-,-,-,-,-,-,-
,,CHN003,-,-,-,-,-,-,-,-,-,-,-,-,-,-,-,-,-,-,-,-,-,-,-,-,-,-,-,-,-,-,-,-,2.4,-,-,-,-,-,-,-,-,-,-,-,-,-,-,-,-,-,-,-,-,-,-,-,-,-,-,-,-,-,-,-,-,-,-,-,-
Cameroon,Multiple crises in Cameroon,CMR001,Decreasing,-,4,4,4.1,4.1,4,4.1,3.9,4,4,4,4,4,4,3.6,3.6,3.5,3.6,3.6,3.6,3.6,3.6,3.7,3.7,3.7,3.7,3.7,3.7,4.1,4.1,4.1,4.1,4.1,4.2,4.2,4.2,4.2,4.2,4.2,4.2,4.1,4.1,4.1,4.1,3.9,4,4,4,4,4,4,4,4,4,3.8,4,4.1,4.1,4.1,4.1,4.1,4.1,4.1,3.8,3.8,3.8,3.8,3.8
Cameroon,Lake Chad basin crisis in Cameroon,CMR002,Stable,-,3.6,3.6,3.8,3.8,3.8,3.8,3.8,3.8,3.7,3.7,3.7,3.7,3.7,3.6,3.6,3.6,3.6,3.6,3.1,3.1,3.1,3.2,3.2,3.2,3.2,3.2,3.2,3.2,3.3,3.3,3.3,3.3,3.6,3.6,3.6,3.6,3.6,3.6,3.6,3.7,3.7,3.7,3.5,3.5,3.5,3.5,3.5,3.5,3.4,3.4,3.4,3.4,3.4,3.5,3.6,3.6,3.6,3.6,3.6,3.7,3.6,3.6,3.5,3.5,3.5,3.5,3.5
Cameroon,Anglophone Crisis in Cameroon,CMR003,Stable,-,3.2,3.2,3.5,3.5,3.5,3.5,3.6,3.6,3.6,3.6,3.6,3.6,3.6,3.1,3.1,3.1,3.1,3.1,3.3,3.3,3.3,3.4,3.4,3.3,3.4,3.4,3.4,3.4,3.4,3.4,3.4,3.4,3.4,3.4,3.4,3.4,3.4,3.8,3.8,3.6,3.6,3.4,3.4,3.4,3.4,3.4,3.4,3.4,3.4,3.4,3.4,3.4,3.4,3.5,3.4,3.5,3.5,3.5,3.5,3.5,3.5,3.5,3.5,3.5,3.5,3.5,3.5
Cameroon,CAR refugees in Cameroon,CMR004,Stable,-,3.3,3.3,3.1,3.1,3.1,3.1,2.7,2.8,2.6,2.6,2.6,2.6,2.6,2.6,2.6,2.5,2.6,2.6,2.6,2.5,2.5,2.6,2.6,2.8,2.8,2.8,2.8,2.8,2.8,2.8,2.8,2.8,2.8,2.8,2.8,2.8,2.8,3.1,3.1,3.1,3.1,2.9,2.9,2.9,2.9,2.9,2.9,2.9,2.9,2.9,2.9,2.9,2.9,2.8,2.8,2.8,2.8,2.8,2.8,2.8,2.8,2.8,2.8,2.8,2.8,2.8,2.8
DRC,Complex crisis in DRC,COD001,Increasing,-,4.4,4.4,4.4,4.2,4.2,4.2,4.2,4.2,4.2,4.2,4.2,4.2,4,4.2,4.2,4.2,4.2,4.2,4.2,4.2,4.5,4.5,4.5,4.5,4.5,4.5,4.5,4.5,4.5,4.5,4.5,4.5,4.5,4.5,4.5,4.5,4.5,4.5,4.5,4.5,4.2,4.2,4.2,4.2,4.2,4.2,4.2,4.2,4.5,4.5,4.5,4.5,4.5,4.4,4.4,4.4,4.4,4.4,4.3,4.4,4.4,4.4,4.3,4.3,4.3,4.4,4.4
,,COD002,-,-,-,-,-,-,-,-,-,-,-,-,2.7,2.7,2.5,2.7,2.7,-,-,-,-,-,-,-,-,-,-,-,-,-,-,-,-,-,-,-,-,-,-,-,-,-,-,-,-,-,-,-,-,-,-,-,-,-,-,-,-,-,-,-,-,-,-,-,-,-,-,-,-
,,COD003,-,-,-,-,-,-,-,-,-,-,-,-,-,-,-,-,-,-,2.4,2.6,2.6,2.6,2.6,2.6,2.6,2.6,-,-,-,-,-,-,-,-,-,-,-,-,-,-,-,-,-,-,-,-,-,-,-,-,-,-,-,-,-,-,-,-,-,-,-,-,-,-,-,-,-,-,-
Congo,Complex crisis in Congo,COG001,Increasing,-,-,-,-,-,-,-,-,-,-,-,-,-,-,-,-,-,-,-,-,-,-,-,-,3.2,3.2,3.2,3.2,3.2,3.3,3.3,3.3,3.3,3.3,3.3,3.3,3.3,3.3,3.3,3.3,3.2,2.4,2.4,2.1,2.1,2.1,2.1,2.1,2.2,2.2,2.2,2.2,2.3,2.3,2.3,2.3,2.3,2.2,2.3,2.3,2.4,2.3,2.3,2.7,2.7,2.7,2.7,2.7
,,COG002,-,-,2.5,2.5,2.4,2.4,2.4,2.4,2.4,2.4,2.4,1.7,1.8,1.8,1.8,1.8,1.8,1.8,1.7,1.7,1.7,1.6,2.2,-,-,-,-,-,-,-,-,-,-,-,-,-,-,-,-,-,-,-,-,-,-,-,-,-,-,-,-,-,-,-,-,-,-,-,-,-,-,-,-,-,-,-,-,-,-
,,COG004,-,-,-,-,-,-,-,-,-,-,-,-,-,-,-,-,-,-,-,-,-,-,-,2.2,2.2,2.2,2.2,-,-,-,-,-,-,-,-,-,-,-,-,-,-,-,-,-,-,-,-,-,-,-,-,-,-,-,-,-,-,-,-,-,-,-,-,-,-,-,-,-,-
Colombia,Complex crisis in Colombia,COL001,Increasing,-,3.9,3.9,4,4,4,4,4,4,4.1,4.1,4.1,4.1,3.8,3.8,4.2,4.2,4.2,4.2,4.2,4.2,4.2,4.1,3.9,3.9,3.9,3.9,3.9,3.7,3.7,3.7,3.7,4,4.1,4.1,4.1,4.1,4.1,3.9,3.9,3.9,3.9,3.9,4,4,4,4,4,4,4,4.1,4.1,4,4,4,4,3.9,3.9,3.9,3.9,4,4,4,3.8,3.8,3.8,4.1,4.1
Colombia,Venezuela displacement in Colombia,COL002,Decreasing,-,2.8,2.8,3.3,3.3,3.3,3.3,3.3,3.3,3.3,3.3,3.3,3.3,3.4,3.4,3.4,3.4,3.4,3.4,3.4,3.4,3.4,3.4,3.4,3.4,3.4,3.4,3.4,3.4,3.4,3.4,3.4,3.5,3.5,3.5,3.5,3.5,3.5,3.5,3.5,3.5,3.5,3.5,3.4,3.4,3.4,3.7,3.7,3.5,3.5,3.5,3.7,3.7,3.7,3.6,3.6,3.5,3.7,3.7,3.7,3.7,3.7,3.7,3.3,3.3,3.3,3.2,3.2
,,COL003,-,-,-,-,-,-,-,-,-,-,-,-,-,-,-,-,-,-,-,-,-,-,-,2.2,2,2.1,2.1,2.1,2.1,-,-,-,-,-,-,-,-,-,-,-,-,-,-,-,-,-,-,-,-,-,-,-,-,-,-,-,-,-,-,-,-,-,-,-,-,-,-,-,-
,,COM002,-,-,-,-,2,2,-,-,-,-,-,-,-,-,-,-,-,-,-,-,-,-,-,-,-,-,-,-,-,-,-,-,-,-,-,-,-,-,-,-,-,-,-,-,-,-,-,-,-,-,-,-,-,-,-,-,-,-,-,-,-,-,-,-,-,-,-,-,-
Costa Rica,Nicaraguan refugees in Costa Rica,CRI002,Stable,-,-,-,0.8,0.8,0.8,0.8,0.8,0.8,0.8,0.8,0.8,1.3,1.2,1,1,1,1.1,1.1,1.1,1.1,1.1,1.1,1.1,1.2,1.2,1.2,1.2,1.2,1.2,1.2,1.2,1.2,1.1,1.1,1.1,1.1,1.1,1.1,1.1,1.1,1.3,2.1,2.1,2.1,2.1,2.1,2.1,2.1,2.1,2.1,2.1,2.1,2.1,2.1,2.1,2.1,2.1,2.1,2.1,2.2,2.2,2.2,2.2,2.2,2.2,2.2,2.2
Czech Republic,Displacement from Russia-Ukraine conflict in Czechia,CZE002,Stable,-,-,-,-,-,-,-,-,-,-,-,-,-,-,-,-,-,-,-,-,-,-,-,-,-,-,-,-,-,-,-,-,-,-,-,-,-,-,-,-,-,-,-,-,-,-,-,-,-,-,-,-,-,-,-,-,-,-,1.8,1.8,1.8,1.8,1.8,1.8,1.8,1.8,1.8,1.8
Djibouti,Multiple crises in Djibouti,DJI001,Decreasing,-,2.6,2.9,2.9,-,-,-,-,-,-,-,2.9,2.9,2.9,2.9,2.9,2.9,2.9,2.9,2.9,2.9,2.9,3,3,3,2.7,2.7,2.7,2.7,2.7,2.6,2.6,2.8,2.8,2.8,2.8,2.7,2.7,2.7,2.7,2.5,2.5,2.5,2.5,2.5,2.6,2.6,2.7,2.7,2.7,2.7,2.7,2.6,2.9,2.9,2.8,2.8,2.8,2.9,2.9,2.9,2.9,2.9,3,3,3,2.8,2.8
Djibouti,Mixed migration in Djibouti,DJI002,Increasing,-,1.4,1.4,1.7,1.7,1.7,1.7,1.4,1.4,1.4,1.4,1.4,1.4,1.4,1.4,1.4,1.4,1.4,1.4,1.4,1.5,1.5,1.8,1.8,1.8,1.8,1.8,1.8,1.8,1.8,1.7,1.7,1.7,1.7,1.7,1.7,1.7,1.7,1.7,1.7,1.5,1.5,1.8,1.8,1.8,1.9,1.9,2,2,2,2,2,1.9,1.9,1.4,1.3,1.1,1.1,1.2,1.2,1.2,1.2,1.2,1.4,1.4,1.4,1.4,1.4
Djibouti,Drought in Djibouti,DJI003,Decreasing,-,2.6,2.8,2.8,2.9,2.8,2.8,2.7,2.7,2.7,2.8,2.8,2.8,2.8,2.8,2.8,2.8,2.8,2.8,2.8,2.9,2.9,3.1,3.1,3.1,2.8,2.8,2.8,2.8,2.8,2.4,2.4,2.6,2.6,2.6,2.6,2.6,2.6,2.6,2.6,2.4,2.4,2.6,2.6,2.6,2.6,2.6,2.7,2.7,2.7,2.7,2.7,2.6,2.9,2.8,2.7,2.7,2.7,2.8,2.8,2.8,2.8,2.8,2.9,2.9,2.9,2.6,2.6
,,DJI004,-,-,-,-,-,-,-,-,-,-,-,-,2.3,2.3,2.3,2.3,2.3,2.3,2.3,-,-,-,-,-,-,-,-,-,-,-,-,-,-,-,-,-,-,-,-,-,-,-,-,-,-,-,-,-,-,-,-,-,-,-,-,-,-,-,-,-,-,-,-,-,-,-,-,-,-
Dominican Republic,Venezuela displacement in Dominican Republic,DOM002,Stable,-,-,-,-,-,-,-,-,-,-,-,-,-,-,-,-,-,-,-,-,-,-,-,-,-,-,-,-,-,-,-,-,-,-,-,-,-,1.9,1.8,1.8,1.8,2.1,2.1,2.1,2.1,2.2,2.2,2.2,2.2,2.2,2.2,2.2,2.1,2.1,1.8,1.8,1.8,1.8,1.8,1.8,1.8,1.8,1.8,1.8,1.8,1.8,1.8,1.8
Algeria,Mixed migration flows in Algeria,DZA002,Stable,-,-,-,-,-,-,-,-,-,-,-,-,-,-,-,-,-,-,-,-,-,-,-,-,-,-,-,-,-,-,-,-,-,-,-,-,-,-,-,-,-,-,2.6,2.6,2.6,2.6,2.7,2.7,2.7,2.7,2.7,2.6,2.6,2.6,2.6,2.5,2.5,2.5,2.5,2.5,2.5,2.6,2.6,2.6,2.7,2.7,2.6,2.6
Algeria,Sahrawi refugees in Algeria,DZA003,Increasing,-,2.2,2.2,1.6,1.6,1.6,1.6,1.6,1.6,1.6,2.2,2.2,2.2,2.2,2.2,2.2,2.2,2.2,2.2,2.2,2.2,2.2,2.3,2.3,2.3,2.3,2.3,2.3,2.3,2.2,2.2,2.2,2.2,2.3,2.3,2.3,2.3,2.3,2.3,2.3,2.3,2.3,2.3,2.1,2.1,2.1,2.1,2.2,2.2,2.2,2.2,2.2,2.2,2.1,2.1,2.1,2.1,2.1,2.1,2.1,2.1,2.2,2.2,2.2,2.2,2.3,2.5,2.5
Algeria,Multiple crises in Algeria,DZA004,Stable,-,-,-,-,-,-,-,-,-,-,-,-,-,-,-,-,-,-,-,-,-,-,-,-,-,-,-,-,-,-,-,-,-,-,-,-,-,-,-,-,-,-,-,2.6,2.6,2.7,2.7,2.7,2.7,2.7,2.7,2.7,2.7,2.6,2.6,2.6,2.6,2.6,2.5,2.5,2.6,2.7,2.7,2.7,2.7,2.8,2.7,2.7
Ecuador,Venezuela displacement in Ecuador,ECU002,Stable,-,1.7,1.7,2.3,2.3,2.4,2.3,2.3,2.3,2.3,2.3,2.3,2.3,2.4,2.5,2.4,2.4,2.4,2.4,2.4,2.4,2.4,2.4,2.4,2.3,2.3,2.3,2.3,2.3,2.3,2.3,2.3,2.3,2.3,2.3,2.3,2.3,2.5,2.5,2.5,2.5,2.5,2.7,2.7,2.7,2.8,2.8,2.8,2.8,2.8,2.8,2.8,2.7,2.7,2.7,2.7,2.6,2.6,2.6,2.6,2.6,2.6,2.6,2.7,2.7,2.7,2.7,2.7
,,EGY001,-,-,-,-,-,-,-,-,-,-,-,-,-,-,-,-,-,-,-,-,-,-,-,-,-,-,-,-,-,-,-,-,-,-,-,-,-,-,-,-,-,-,-,-,-,-,-,-,-,-,-,-,-,-,2,-,-,-,-,-,-,-,-,-,-,-,-,-,-
,,EGY002,-,-,1,1,1.7,1.7,1.7,1.7,1.7,1.7,1.7,1.7,1.7,1.7,1.7,1.7,2.1,2.1,2.2,2.2,2.2,2.2,2.2,2.4,2.4,3.1,3.1,2.9,2.4,2.4,2.3,2.3,2.3,2.3,2.3,2.3,2.3,2.3,2.3,2.3,2.3,2.9,2.9,1.7,1.7,1.7,1.7,1.7,1.8,1.8,1.8,1.7,1.7,1.7,1.7,-,-,-,-,-,-,-,-,-,-,-,-,-,-
,,EGY003,-,-,-,-,-,-,-,-,-,-,-,-,-,-,-,-,-,-,-,-,-,-,-,-,-,-,-,-,-,-,-,-,-,-,-,-,-,-,-,-,-,-,-,-,-,-,-,-,-,-,-,-,-,-,1.9,-,-,-,-,-,-,-,-,-,-,-,-,-,-
Egypt,Refugees in Egypt,EGY004,Increasing,-,-,-,-,-,-,-,-,-,-,-,-,-,-,-,-,-,-,-,-,-,-,-,-,-,-,-,-,-,-,-,-,-,-,-,-,-,-,-,-,-,-,-,-,-,-,-,-,-,-,-,-,-,-,1.9,2,2,2,2.2,2.3,2.3,2.3,2.3,2.3,2.1,2.1,2.4,2.4
Eritrea,Complex crisis in Eritrea,ERI001,Decreasing,-,3.4,3.4,3.8,3.8,3.8,3.8,3.8,3.8,3.8,3.8,3.8,3.8,3.8,3.8,3.8,3.8,3.8,3.8,3.8,3.8,3.8,3.7,3.7,3.7,3.7,3.7,3.7,3.7,3.7,3.7,3.7,3.7,3.7,3.7,3.7,3.7,3.7,3.7,3.7,3.7,3.7,3.7,3.7,3.5,3.5,3.5,3.5,3.5,3.5,3.5,3.5,3.5,3.5,3.5,3.5,3.7,3.5,3.5,3.6,3.6,3.6,3.6,3.3,3.3,3.2,3.2,3.2
Spain,Mixed migration flows in Spain,ESP002,Stable,-,1.2,-,-,-,-,-,-,-,-,-,-,-,-,-,-,-,-,-,-,-,-,-,-,1.5,1.5,1.5,1.5,1.6,1.8,1.8,1.8,1.8,1.8,1.8,1.8,1.8,1.8,1.7,1.7,1.6,1.6,1.8,1.8,1.8,1.8,1.8,1.8,1.8,1.8,1.8,1.8,1.8,1.8,1.8,1.8,1.8,1.9,1.8,1.8,1.8,1.8,1.8,1.9,1.9,1.9,1.9,1.9
Estonia,Displacement from Russia-Ukraine conflict in Estonia,EST002,Stable,-,-,-,-,-,-,-,-,-,-,-,-,-,-,-,-,-,-,-,-,-,-,-,-,-,-,-,-,-,-,-,-,-,-,-,-,-,-,-,-,-,-,-,-,-,-,-,-,-,-,-,-,-,-,-,-,-,-,1.3,1.3,1.3,1.2,1.2,1.2,1.2,1.2,1.2,1.2
Ethiopia,Complex crisis in Ethiopia,ETH001,Stable,-,-,3.8,3.8,3.8,3.8,3.8,3.8,3.8,3.8,3.8,3.8,3.8,3.8,3.8,4,4,4,4,4,4,4,4.1,4.1,4.1,4.1,4.5,4.6,4.6,4.7,4.7,4.7,4.7,4.7,4.7,4.7,4.7,4.7,4.7,4.7,4.6,4.6,4.6,4.6,4,4,4.1,4.1,4.3,4.4,4.3,4.3,4.3,4,4,4,4,4,4.1,4.1,4.1,4.1,4.1,4.4,4.4,4.3,4.3,4.3
,,ETH002,-,-,-,-,-,-,-,-,-,-,-,-,-,-,-,-,-,-,2.4,2.4,2.4,2.4,2.4,2.6,2.6,2.6,2.6,2.6,2.7,2.7,2.4,2.4,2.4,2.7,2.6,2.6,2.5,-,-,-,-,-,-,-,-,-,-,-,-,-,-,-,-,-,-,-,-,-,-,-,-,-,-,-,-,-,-,-,-
Ethiopia,International Displacement,ETH003,Stable,-,-,-,-,-,-,-,-,-,-,-,-,-,-,-,-,-,-,2.8,2.8,2.8,2.8,2.9,2.9,2.9,2.9,3,3,3,3.1,3.1,3.1,3.1,3.1,3.1,3.1,3.1,3.1,3.1,3.1,3,2.6,3,3,3,3,3.2,3.3,3.3,3.3,3.3,3.2,3.2,3.2,3.2,3.2,3.2,3.2,3.3,3.3,3.3,3.3,3.3,3,3.1,3.1,3.1,3.1
Ethiopia,Northern Ethiopia Conflict,ETH004,Increasing,-,-,-,-,-,-,-,-,-,-,-,-,-,-,-,-,-,-,-,-,-,-,-,4.2,3.7,3.7,3.7,3.7,3.7,4.4,4.4,4.4,4.4,4.4,4.3,4.4,4.4,4.4,4.4,4.4,4.3,4.2,4.2,4.2,4.2,4.2,4.3,4.3,4.3,4.3,4.3,4.2,4.1,3.9,3.9,3.9,3.9,3.9,3.9,3.9,3.9,3.9,3.9,4.2,4.2,4.2,4.3,4.3
Ethiopia,Drought in Ethiopia,ETH005,Increasing,-,-,-,-,-,-,-,-,-,-,-,-,-,-,-,-,-,-,-,-,-,-,-,-,-,-,-,-,-,-,-,-,-,-,-,-,-,2.7,2.6,2.8,2.8,3.5,3.5,3.5,3.7,3.7,3.8,3.8,3.7,3.7,3.7,3.7,3.7,3.6,3.6,3.7,3.6,3.7,3.6,3.6,3.6,3.6,3.6,4.1,4.1,4.2,4.2,4.2
,,FJI002,-,-,-,-,-,-,-,-,-,-,-,-,-,-,-,-,-,-,-,-,-,-,-,-,-,1.4,1.4,1.4,1.4,-,-,-,-,-,-,-,-,-,-,-,-,-,-,-,-,-,-,-,-,-,-,-,-,-,-,-,-,-,-,-,-,-,-,-,-,-,-,-,-
,,GMB002,-,-,-,-,-,-,-,-,-,-,-,-,-,-,-,-,-,-,-,-,-,-,-,-,-,-,-,-,-,-,-,-,-,-,-,-,-,-,-,-,-,-,-,-,1.7,1.7,1.7,1.6,1.6,1.6,1.4,-,-,-,-,-,-,-,-,-,-,-,-,-,-,-,-,-,-
Greece,Mixed migration flows in Greece,GRC002,Decreasing,-,1,1,1.7,1.5,1.5,1.8,1.8,1.8,1.9,1.9,1.9,1.9,1.9,2,1.9,2,2.1,2.2,1.9,1.9,1.9,1.8,1.8,1.8,1.6,1.6,1.5,1.5,1.6,1.6,1.6,1.7,1.7,1.7,1.6,1.6,1.6,1.6,1.6,1.6,1.6,1.6,1.4,1.5,1.4,1.4,1.4,1.4,1.4,1.4,1.6,1.5,1.9,1.9,1.9,2.1,2.1,2.2,2.2,2.1,2.1,2.2,2.2,2.1,2.1,2.1,2.1
Guatemala,Complex crisis in Guatemala,GTM001,Increasing,-,3.4,3.4,4,3.7,3.5,3.5,3.5,3.5,3.5,3.5,3.5,3.5,3.3,3.3,3.4,3.4,3.4,3.4,3.4,3.4,3.4,3.4,3.4,3.4,3.4,3.4,3.4,3.4,3.4,3.4,3.4,3.4,3.4,3.5,3.5,3.5,3.5,3.5,3.5,3.5,3.6,3.6,3.6,3.6,3.5,3.5,3.5,3.5,3.5,3.5,3.5,3.4,3.4,3.4,3.5,3.5,3.5,3.5,3.4,3.5,3.5,3.5,3.4,3.4,3.5,3.5,3.5
,,GTM003,-,-,-,-,-,-,-,-,-,-,-,-,-,-,-,-,-,-,-,-,-,-,-,-,2.7,3.1,3.1,3.1,3.1,3.1,3.1,3.1,3.1,-,-,-,-,-,-,-,-,-,-,-,-,-,-,-,-,-,-,-,-,-,-,-,-,-,-,-,-,-,-,-,-,-,-,-,-
Honduras,Complex crisis in Honduras,HND001,Decreasing,-,2.3,2.3,2.8,2.8,2.8,2.8,2.8,2.8,2.8,2.8,3.2,3.2,3.2,3.2,3.3,3.3,3.3,3.3,3.3,3.3,3.2,3.3,3.3,3.3,3.3,3.3,3.3,3.3,3.3,3.3,3.3,3.3,3.3,3.7,3.7,3.7,3.7,3.7,3.7,3.6,3.3,3.3,3.3,3.3,3.3,3.3,3.3,3.4,3.4,3.4,3.4,3.6,3.6,3.6,3.6,3.6,3.6,3.6,3.6,3.6,3.6,3.6,3.6,3.6,3.5,3.4,3.4
,,HND002,-,-,-,-,-,-,-,-,-,-,-,-,-,-,-,-,-,-,-,-,-,-,-,-,3.1,3.3,3.3,3.3,3.3,3.3,3.3,3.3,3.3,3.3,-,-,-,-,-,-,-,-,-,-,-,-,-,-,-,-,-,-,-,-,-,-,-,-,-,-,-,-,-,-,-,-,-,-,-
Haiti,Complex crisis in Haiti,HTI001,Decreasing,3.4,2.9,2.9,3.2,3.2,3.3,3.3,3.3,3.3,3.3,3.4,3.4,3.4,3.4,3.5,3.5,3.5,3.5,3.5,3.5,3.4,3.5,3.5,3.5,3.5,3.5,3.8,3.8,3.8,3.8,3.8,4.1,4.1,4.1,4.1,4.1,4.1,4.1,4.1,4.1,4,4.2,4.2,4.2,4.2,4.2,4.2,4.2,4.2,4.2,4.2,4.2,4.2,4.2,4.2,4.3,4.3,4.2,4.2,4.2,4.3,4.3,4.3,4,4,4,4,4
,,HTI002,-,-,-,-,-,-,-,-,-,-,-,-,-,-,-,-,-,-,-,-,-,-,-,-,-,-,-,-,-,-,-,-,3,3,3.1,3.1,3.1,3.1,3.1,3.1,3.1,3,3.1,2.9,3.1,3.1,3.1,2.9,2.9,2.9,2.9,2.9,2.9,2.9,2.9,2.9,3,3,3,3,3,-,-,-,-,-,-,-,-
Hungary,Displacement from Russia-Ukraine conflict in Hungary,HUN002,Decreasing,-,-,-,-,-,-,-,-,-,-,-,-,-,-,-,-,-,-,-,-,-,-,-,-,-,-,-,-,-,-,-,-,-,-,-,-,-,1.1,1.4,1.3,1.4,1.4,2.5,2.6,2.6,2.6,2.5,1.5,1.5,1.5,1.5,1.5,1.5,1.6,1.6,1.6,1.6,1.2,1.3,1.3,1.6,1.6,1.6,1.6,1.6,1.5,1.5,1.5
,,IDN001,-,-,2.3,2.3,2.8,2.8,2.8,2.1,2.1,2.1,2.1,2.1,2.1,1.9,1.9,2.2,-,-,-,-,-,-,-,-,-,-,-,-,-,-,-,-,-,-,-,-,-,-,-,-,-,-,-,-,-,-,-,-,-,-,-,-,-,-,-,-,-,-,-,-,-,-,-,-,-,-,-,-,-
Indonesia,Papua Conflict,IDN002,Stable,-,-,-,-,-,-,2.2,2.2,2.2,2.2,2.2,2.2,-,-,-,-,-,-,-,-,-,-,-,-,-,-,-,-,-,-,-,-,-,-,2,2.1,2.1,2.2,2.3,2.3,2.6,2.6,2.6,2.6,2.6,2.5,2.5,2.5,2.5,2.5,2.5,2.5,2.5,2.5,2.5,2.5,2.5,2.5,2.5,2.5,2.5,2.5,2.5,2.5,2.5,2.5,2.5,2.5
,,IDN003,-,-,-,-,-,-,-,1.2,1.2,1.2,1.4,1.3,-,-,-,-,-,-,-,-,-,-,-,-,-,-,-,-,-,-,-,-,-,-,-,-,-,-,-,-,-,-,-,-,-,-,-,-,-,-,-,-,-,-,-,-,-,-,-,-,-,-,-,-,-,-,-,-,-
,,IDN005,-,-,-,-,-,-,-,-,-,-,-,-,-,1.4,1.4,1.7,-,-,-,-,-,-,-,-,-,-,-,-,-,-,-,-,-,-,-,-,-,-,-,-,-,-,-,-,-,-,-,-,-,-,-,-,-,-,-,-,-,-,-,-,-,-,-,-,-,-,-,-,-
,,IDN006,-,-,-,-,-,-,-,-,-,-,-,-,-,-,-,-,-,-,-,-,-,-,-,-,-,2.1,2.1,2.1,2.1,-,-,-,-,-,-,-,-,-,-,-,-,-,-,-,-,-,-,-,-,-,-,-,-,-,-,-,-,-,-,-,-,-,-,-,-,-,-,-,-
,,IDN007,-,-,-,-,-,-,-,-,-,-,-,-,-,-,-,-,-,-,-,-,-,-,-,-,-,2.1,2.1,2.1,2.1,-,-,-,-,-,-,-,-,-,-,-,-,-,-,-,-,-,-,2.5,2.4,2.5,2.5,2.5,2.6,2.6,2.6,2.5,2.5,2.5,2.5,-,-,-,-,-,-,-,-,-,-
,,IDN008,-,-,-,-,-,-,-,-,-,-,-,-,-,-,-,-,-,-,-,-,-,-,-,-,-,-,-,-,-,-,-,-,-,-,-,-,-,-,-,-,-,-,-,-,-,-,-,2.1,2.1,2.1,2.1,2.1,2.3,2.3,2.3,2,2,2,2,-,-,-,-,-,-,-,-,-,-
,,IND001,-,-,-,-,-,-,-,-,-,-,-,-,-,-,-,-,-,-,2.4,3,2.9,3,2.7,2.8,2.8,-,-,-,-,-,-,-,-,-,-,-,-,-,-,-,-,-,-,-,-,-,-,-,-,-,-,-,-,-,-,-,-,-,-,-,-,-,-,-,-,-,-,-,-
,,IND002,-,-,-,-,-,-,-,-,-,-,-,-,-,-,-,-,-,-,-,-,-,-,-,-,-,-,-,-,-,-,-,-,-,-,-,-,-,-,-,-,-,-,-,-,-,-,-,-,-,-,-,-,-,-,-,-,-,-,-,-,-,-,-,-,-,-,-,-,-
,,IND003,-,-,-,-,-,-,-,-,-,-,-,-,-,-,-,-,-,-,2.4,2.5,2.5,2.5,2.5,2.5,2.5,-,-,-,-,-,-,-,-,-,-,-,-,-,-,-,-,-,-,-,-,-,-,-,-,-,-,-,-,-,-,-,-,-,-,-,-,-,-,-,-,-,-,-,-
,,IND004,-,-,-,-,-,-,-,-,-,-,-,-,-,-,-,-,-,-,-,2.9,-,-,-,-,-,-,-,-,-,-,-,-,-,-,-,-,-,-,-,-,-,-,-,-,-,-,-,-,-,-,-,-,-,-,-,-,-,-,-,-,-,-,-,-,-,-,-,-,-
,,IND005,-,-,-,-,-,-,-,-,-,-,-,-,-,-,-,-,-,-,-,-,-,2.7,2.6,2.6,-,-,-,-,-,-,-,-,-,-,-,-,-,-,-,-,-,-,-,-,-,-,-,-,-,-,-,-,-,-,-,-,-,-,-,-,-,-,-,-,-,-,-,-,-
,,IRN002,-,-,-,-,3.2,3.1,3.1,-,-,-,-,-,-,-,-,-,-,-,-,-,-,-,-,-,-,-,-,-,-,-,-,-,-,-,-,-,-,-,-,-,-,-,-,-,-,-,-,-,-,-,-,-,-,-,-,-,-,-,-,-,-,-,-,-,-,-,-,-,-
,,IRN003,-,-,-,-,-,-,-,-,-,-,-,-,-,1.6,-,-,-,-,-,-,-,-,-,-,-,-,-,-,-,-,-,-,-,-,-,-,-,-,-,-,-,-,-,-,-,-,-,-,-,-,-,-,-,-,-,-,-,-,-,-,-,-,-,-,-,-,-,-,-
Iran,Afghan Refugees in Iran,IRN004,Stable,-,-,-,-,-,-,-,-,-,-,-,-,-,-,3.4,3.4,3.4,3.5,3.5,3.5,3.5,3.5,3.4,3.4,3.4,3.4,3.4,3.4,3.4,3.3,3.3,3.3,3.3,3.4,3.4,3.4,3.4,3.4,3.4,3.6,3.6,3.6,3.6,3.6,3.6,3.5,3.5,3.6,3.6,3.7,3.7,3.6,3.6,3.6,3.6,3.7,3.7,3.7,3.8,3.8,3.8,3.8,3.8,3.8,3.8,3.8,3.8,3.8
Iraq,Multiple crises in Iraq,IRQ001,Decreasing,-,4.3,4.3,4.2,4.2,4.3,4.3,4.3,4.3,4.3,4.3,4.2,4.2,4.2,4.2,3.9,3.9,4,4,4,4,4,4,4,3.9,3.9,4.2,4.2,4.2,4.2,4.2,4.2,4.2,4.2,4.2,4.2,3.9,3.9,3.9,3.9,3.9,3.9,3.9,3.9,3.9,3.9,3.8,3.9,3.9,3.9,3.9,3.9,3.9,3.9,3.9,3.8,3.8,3.8,3.8,3.8,3.8,3.8,3.8,3.8,3,3,3,3
Iraq,Conflict  in Iraq,IRQ002,Decreasing,-,4.4,4.3,4.2,4.2,4.3,4.3,4.3,4.3,4.3,4.3,4.1,4.1,4.1,4,4,4,4.1,4.1,4.1,4.1,4.1,4.1,4.1,4.1,4.2,4.4,4.4,4.4,4.4,4.4,4.4,4.4,4.4,4.4,4.2,3.9,3.9,3.9,3.8,3.9,3.9,3.9,3.9,3.9,3.9,3.7,3.9,3.9,3.9,3.9,3.9,3.9,3.9,3.8,3.8,3.8,3.8,3.7,3.7,3.7,3.7,3.7,3.7,2.8,2.8,2.8,2.8
Iraq,Syrian and Palestinian refugees in iraq,IRQ003,Decreasing,-,2.5,2.4,3.2,3.1,3.2,3.2,3.2,3.2,3.2,2.9,2.9,2.9,2.9,2.9,2.9,2.9,2.9,2.9,2.9,2.8,2.8,2.8,2.8,2.8,2.8,2.8,2.9,2.9,2.9,2.9,2.9,2.9,2.9,2.9,2.9,2.9,2.9,2.9,3,3,3,3,3,3,3,2.9,2.9,2.9,2.9,2.9,2.9,2.9,2.6,2.6,2.5,2.5,2.5,2.5,2.5,2.5,2.5,2.5,2.5,2,2,2,2
Italy,Mixed migration flows in Italy,ITA002,Stable,-,1.1,-,-,-,-,-,-,-,-,-,-,-,-,-,-,-,-,-,-,-,-,-,-,-,-,-,-,-,1.9,1.9,1.9,1.9,1.9,1.9,1.9,1.9,1.9,1.9,1.9,1.9,1.9,1.9,1.9,1.9,1.9,2,2,2,1.9,2,2,2.1,2.1,2.1,2.6,2.6,2.6,2.1,2.1,2.2,2.1,2.1,2.2,2.2,2.2,2.2,2.2
,,JOR001,-,-,1.6,1.6,-,-,-,-,-,-,-,-,-,-,-,-,-,-,-,-,-,-,-,-,-,-,-,-,-,-,-,-,-,-,-,-,-,-,-,-,-,-,-,-,-,-,-,-,-,-,-,-,-,-,-,-,-,-,-,-,-,-,-,-,-,-,-,-,-
Jordan,Syrian refugees in Jordan,JOR002,Stable,-,1.6,1.6,2.5,2.6,2.6,2.6,2.6,2.6,2.6,2.5,2.5,2.5,2.5,2.5,2.5,2.6,2.7,2.7,2.7,2.7,2.7,2.8,2.7,3.1,3.1,3.1,3.1,3.1,2.9,2.9,2.9,2.9,2.8,2.8,2.7,2.7,2.7,2.7,2.7,2.7,2.7,2.7,2.7,2.7,2.7,2.7,2.7,2.7,2.7,2.7,2.7,2.8,2.9,2.9,3,3,3,2.9,2.9,3.1,2.8,2.8,2.8,2.8,2.8,2.8,2.8
,,JOR003,-,-,1.6,1.6,-,-,-,-,-,-,-,-,-,-,-,-,-,-,-,-,-,-,-,-,-,-,-,-,-,-,-,-,-,-,-,-,-,-,-,-,-,-,-,-,-,-,-,-,-,-,-,-,-,-,-,-,-,-,-,-,-,-,-,-,-,-,-,-,-
Kenya,Multiple crisis in Kenya ,KEN001,Stable,-,-,-,-,-,3.1,3.1,3.1,3.4,3.4,3.3,3.3,3.3,3.3,3.3,3.3,3.4,3.5,3.1,3.1,3.1,3.1,3,3,3,-,-,-,-,-,-,-,3.1,3.1,3.1,3.2,3.2,3.2,3.3,3.3,3.3,3.6,3.6,3.6,3.8,3.8,3.8,3.8,3.8,3.7,3.7,3.7,3.6,3.7,3.7,3.7,3.6,3.5,3.6,3.5,3.5,3.5,3.5,3.5,3.5,3.5,3.5,3.5
Kenya,Refugee situation in Kenya,KEN002,Stable,-,2,2,2.8,2.8,2.8,2.8,2.8,2.8,2.8,2.7,2.7,2.7,2.7,2.7,2.7,2.8,2.8,2.8,2.8,2.8,2.8,2.8,2.8,2.8,2.8,2.8,2.8,2.8,2.8,2.8,2.8,2.5,2.6,2.6,2.6,2.6,2.6,2.6,2.6,2.6,2.8,2.8,2.8,2.9,2.9,2.9,2.9,2.9,3,3,3,3,3,3,3,3,3,3,3,3,3,3,2.9,2.9,2.9,2.9,2.9
Kenya,Drought in Kenya,KEN003,Stable,-,-,-,-,-,3,3.1,3.1,3.3,3.3,3.2,3.2,3.2,3.2,3.2,3.2,3.4,3.4,3,3,2.9,2.9,3,2.9,2.9,-,-,-,-,-,-,-,2.8,2.9,2.9,2.9,2.9,2.9,3.2,3.2,3.2,3.5,3.5,3.5,4,3.9,3.9,3.9,3.9,3.8,3.8,3.8,3.8,3.8,3.9,3.9,3.8,3.7,3.4,3.4,3.4,3.4,3.4,3.1,3.2,3.2,3.2,3.2
,,KEN004,-,-,-,-,-,-,-,-,-,-,-,-,-,-,-,-,-,-,-,-,-,-,-,-,-,-,-,-,-,-,-,-,-,-,-,-,-,-,-,-,-,-,-,-,-,-,-,-,-,-,-,-,-,-,-,-,-,-,-,-,-,-,-,-,-,-,-,-,-
,,KEN005,-,-,-,-,-,-,-,-,-,-,-,-,-,-,-,-,1.7,1.7,2.2,2.2,2.2,2.2,2.2,2.2,2.2,2.2,-,-,-,-,-,-,-,-,-,-,-,-,-,-,-,-,-,-,-,-,-,-,-,-,-,-,-,-,-,-,-,-,-,-,-,-,-,-,-,-,-,-,-
,,LAO002,-,-,-,-,-,-,-,-,-,-,1.9,-,-,-,-,-,-,-,-,-,-,-,-,-,-,-,-,-,-,-,-,-,-,-,-,-,-,-,-,-,-,-,-,-,-,-,-,-,-,-,-,-,-,-,-,-,-,-,-,-,-,-,-,-,-,-,-,-,-
,,LAO003,-,-,-,-,-,-,-,-,-,-,-,-,-,-,-,-,-,-,-,-,-,-,-,-,-,-,-,-,-,-,-,-,-,-,-,-,-,-,-,-,-,-,-,-,-,-,-,-,-,-,-,-,-,-,-,-,-,-,1.5,1.5,1.5,1.5,-,-,-,-,-,-,-
,,LBN001,-,-,2.4,2.4,-,-,-,-,-,-,-,-,-,-,-,-,-,-,-,-,-,-,-,-,-,-,-,-,-,-,-,-,-,-,-,-,-,-,-,-,-,-,-,-,-,-,-,-,-,-,-,-,-,-,-,-,-,-,-,-,-,-,-,-,-,-,-,-,-
Lebanon,Syrian refugees in Lebanon,LBN002,Stable,-,2.4,2.4,2.9,2.8,2.8,2.8,2.8,2.8,2.9,2.9,2.9,2.9,2.9,2.9,2.9,2.9,3.2,3.1,3.2,3.2,3.2,3.2,3.2,3.4,3.4,3.5,3.5,3.5,3.5,3.5,3.4,3.4,3.4,3.4,3.3,3.3,3.3,3.3,3.6,3.6,3.5,3.5,3.5,3.5,3.5,3.5,3.4,3.4,3.4,3.4,3.3,3.4,3.4,3.4,3.4,3.4,3.4,3.5,3.2,3.2,3.2,3.2,3.3,3.1,3.1,3.3,3.2
,,LBN003,-,-,1.4,1.4,-,-,-,-,-,-,-,-,-,-,-,-,-,-,-,-,-,-,-,-,-,-,-,-,-,-,-,-,-,-,-,-,-,-,-,-,-,-,-,-,-,-,-,-,-,-,-,-,-,-,-,-,-,-,-,-,-,-,-,-,-,-,-,-,-
,,LBN004,-,-,-,-,-,-,-,-,-,-,-,-,-,-,-,-,3.3,3.3,3.3,3.3,3.4,3.5,3.5,3.5,3.5,3.5,3.6,3.7,3.7,3.7,3.7,3.7,3.5,3.5,3.5,3.5,3.5,3.5,3.5,3.5,3.6,3.6,3.5,3.5,3.5,3.6,3.6,3.6,3.4,3.4,3.5,3.4,3.4,3.5,3.5,3.7,3.5,3.4,3.5,3.5,3.5,3.6,3.6,3.6,3.5,-,-,-,-
,,LBN005,-,-,-,-,-,-,-,-,-,-,-,-,-,-,-,-,-,-,-,-,3.2,3.2,3.1,3.2,3.2,3.2,-,-,-,-,-,-,-,-,-,-,-,-,-,-,-,-,-,-,-,-,-,-,-,-,-,-,-,-,-,-,-,-,-,-,-,-,-,-,-,-,-,-,-
Lebanon,Complex crisis in Lebanon,LBN006,Increasing,-,-,-,-,-,-,-,-,-,-,-,-,-,-,-,-,-,-,-,-,-,-,-,-,-,-,-,-,-,-,-,-,-,-,-,-,-,-,-,-,-,-,-,-,-,-,-,-,-,-,-,-,-,-,-,-,-,-,-,-,-,-,-,-,3.4,3.5,3.5,3.7
Libya,Complex crisis in Libya,LBY001,Increasing,-,3.9,3.7,3.9,3.9,3.9,3.9,3.9,3.9,3.9,3.9,3.9,3.9,3.9,3.9,4.2,4.2,4.2,4.2,4.2,4.1,4.1,4.2,4.2,4.2,4.2,4,4,4,3.8,3.8,3.8,3.8,3.8,3.8,3.8,3.8,3.5,3.5,3.5,3.5,3.5,3.6,3.6,3.6,3.7,3.7,3.7,3.8,3.8,3.8,3.8,3.7,3.4,3.4,3.4,3.8,3.8,3.8,3.8,3.8,3.8,3.8,4,4,4,4,4
Libya,Mixed migration flows in Libya,LBY002,Increasing,-,2.6,2.6,3.5,3.5,3.5,3.5,3.5,3.5,3.5,3.5,3.5,3.5,3.5,3.6,3.1,3.1,3.1,3,3,3,3,3,3,3,3,2.6,2.6,2.6,2.5,2.5,3,3,3,3,3,3,2.9,2.8,2.8,3.1,3.1,3.4,3.4,3.4,3.5,3.5,3.5,3.4,3.4,3.4,3.4,3.4,3,3,3,3,3,3.1,3.2,3.2,3.4,3.4,3.4,3.5,3.5,3.5,3.5
Libya,Storm Daniel and floods in Libya,LBY003,Stable,-,-,-,-,-,-,-,-,-,-,-,-,-,-,-,-,-,-,-,-,-,-,-,-,-,-,-,-,-,-,-,-,-,-,-,-,-,-,-,-,-,-,-,-,-,-,-,-,-,-,-,-,-,-,-,-,3.3,3.3,3.3,3.3,3.3,3.2,3.2,2.9,2.9,3,3,3
Libya,Refugees from Sudan in Libya,LBY004,-,-,-,-,-,-,-,-,-,-,-,-,-,-,-,-,-,-,-,-,-,-,-,-,-,-,-,-,-,-,-,-,-,-,-,-,-,-,-,-,-,-,-,-,-,-,-,-,-,-,-,-,-,-,-,-,-,-,-,-,-,-,-,-,-,-,-,2.5,2.6
,,LKA001,-,-,-,-,-,-,-,-,-,-,-,-,-,-,-,-,-,-,-,-,-,-,-,-,-,-,-,-,-,-,-,-,-,-,-,-,-,-,-,-,-,-,-,-,-,-,-,-,-,-,-,-,-,-,-,-,-,-,3.3,3.3,3.3,3.3,3.1,3,3,-,-,-,-
,,LKA002,-,-,-,-,-,-,-,-,-,-,-,-,-,-,-,-,-,-,-,-,-,-,-,-,-,-,-,-,-,-,-,-,-,-,-,-,-,-,-,-,-,-,3.4,3.4,3.4,3.4,3.4,3.4,3.4,3.4,3.4,3.4,3.4,3.4,3.4,3.4,3.4,3.4,3.1,3.1,3.1,3.1,2.9,2.9,2.9,2.9,2.9,-,-
,,LKA003,-,-,-,-,-,-,-,-,-,-,-,-,-,-,-,-,-,-,-,-,-,-,-,-,-,-,-,-,-,-,-,-,-,-,-,-,-,-,-,-,-,-,-,-,-,-,-,-,-,-,-,-,-,-,-,-,-,-,1.1,1.1,1.1,1.1,1.5,1.4,1.4,-,-,-,-
Sri Lanka,2024 Floods and Monsoon Rain,LKA004,-,-,-,-,-,-,-,-,-,-,-,-,-,-,-,-,-,-,-,-,-,-,-,-,-,-,-,-,-,-,-,-,-,-,-,-,-,-,-,-,-,-,-,-,-,-,-,-,-,-,-,-,-,-,-,-,-,-,-,-,-,-,-,-,-,-,-,1.7,1.7
,,LSO002,-,2.2,2.2,2.1,2.1,2.1,2.1,2.1,2.1,2.1,2.2,2.2,2.2,2.2,2.2,2.4,2.4,2.4,2.4,2.4,2.4,2.3,2.5,2.5,2.5,2.5,2.5,2.5,2.5,2.5,2.5,2.5,2.5,2,2,2.2,2.2,2.2,2.2,2.2,2.2,2.1,2.1,2.1,2,2,2.1,-,-,-,-,-,-,-,-,-,-,-,-,-,-,-,-,-,-,-,-,-,-
,,LSO003,-,-,-,-,-,-,-,-,-,-,-,-,-,-,-,-,-,-,-,-,-,-,-,-,-,-,-,-,-,-,-,-,-,-,-,-,-,-,-,-,-,-,-,-,-,-,-,2.2,2.2,2.2,2.2,-,-,-,-,-,-,-,-,-,-,-,-,-,-,-,-,-,-
Lesotho,Food security crisis in Lesotho,LSO004,-,-,-,-,-,-,-,-,-,-,-,-,-,-,-,-,-,-,-,-,-,-,-,-,-,-,-,-,-,-,-,-,-,-,-,-,-,-,-,-,-,-,-,-,-,-,-,-,-,-,-,-,-,-,-,-,-,-,-,-,-,-,-,-,-,-,-,-,2.1
Lithuania,Displacement from Russia-Ukraine conflict in Lithuania,LTU002,Stable,-,-,-,-,-,-,-,-,-,-,-,-,-,-,-,-,-,-,-,-,-,-,-,-,-,-,-,-,-,-,-,-,-,-,-,-,-,-,-,-,-,-,-,-,-,-,-,-,-,-,-,-,-,-,-,-,-,-,1.3,1.3,1.3,1.3,1.3,1.3,1.3,1.3,1.3,1.3
Latvia,Displacement from Russia-Ukraine conflict in Latvia,LVA002,Stable,-,-,-,-,-,-,-,-,-,-,-,-,-,-,-,-,-,-,-,-,-,-,-,-,-,-,-,-,-,-,-,-,-,-,-,-,-,-,-,-,-,-,-,-,-,-,-,-,-,-,-,-,-,-,-,-,-,-,1.2,1.3,1.3,1.3,1.3,1.3,1.3,1.3,1.3,1.3
Morocco,Multiple crises in Morocco,MAR001,Decreasing,-,-,-,-,-,-,-,-,-,-,-,-,-,-,-,-,-,-,-,-,-,-,-,-,-,-,-,-,-,-,-,-,-,-,-,-,-,-,-,-,-,-,-,-,-,-,-,-,-,-,-,-,-,-,-,-,2.9,2.9,3,3,3.2,3,3,2.9,2.9,2.8,2.8,2.9
Morocco,Mixed migration flows in Morocco,MAR002,Stable,-,-,-,-,-,-,-,-,-,-,-,-,-,-,-,-,-,-,-,-,-,-,-,-,-,-,-,-,-,-,-,-,-,-,-,-,-,-,-,-,-,-,2.1,2.1,2.1,2.2,2.2,2.2,2.2,2.2,2.2,2.2,2.2,2.1,2.2,2.2,2.2,2.2,2.2,2.2,2.7,2.2,2.2,2.2,2.2,2.2,2.2,2.1
Morocco,Al Haouz Earthquake in Morocco,MAR003,Decreasing,-,-,-,-,-,-,-,-,-,-,-,-,-,-,-,-,-,-,-,-,-,-,-,-,-,-,-,-,-,-,-,-,-,-,-,-,-,-,-,-,-,-,-,-,-,-,-,-,-,-,-,-,-,-,-,-,2.8,2.8,2.9,2.9,3,2.9,2.9,2.7,2.7,2.6,2.6,2.7
Moldova,DIsplacement from Russia-Ukraine conflict in Moldova,MDA002,Stable,-,-,-,-,-,-,-,-,-,-,-,-,-,-,-,-,-,-,-,-,-,-,-,-,-,-,-,-,-,-,-,-,-,-,-,-,-,-,1.4,1.2,1.2,1.2,2.3,2.3,2.4,2.4,2.4,1.9,1.9,1.9,1.9,1.9,1.9,1.9,1.9,1.9,1.9,1.6,1.6,1.6,1.6,1.6,1.6,1.6,1.6,1.6,1.6,1.6
Madagascar,Multiple crisis in Madagascar,MDG001,Increasing,-,2.8,2.8,2.9,2.9,-,-,-,-,-,-,-,-,-,-,-,-,-,-,-,-,-,-,-,-,-,-,-,-,-,-,-,-,-,-,-,2.7,3,3,3,3,3,2.9,2.9,2.5,2.5,2.9,2.9,-,2.9,3,3,2.9,2.9,2.9,2.8,2.8,2.9,2.9,2.9,2.9,2.9,2.9,2.8,2.9,2.9,3,3
Madagascar,Drought in Madagascar,MDG002,Stable,-,3,3,2.9,2.9,2.9,2.8,2.8,2.6,2.4,2.4,2.4,2.7,2.7,2.7,2.7,2.6,2.6,2.6,2.6,2.6,2.5,2.5,2.5,3,3,3,3,3.1,3.1,2.8,2.8,2.8,2.8,2.9,2.8,2.9,3,3,2.9,2.9,2.9,2.5,2.6,2.2,2.2,2.7,3,2.7,2.7,2.7,2.7,2.5,2.5,2.5,2.5,2.5,2.5,2.5,2.5,2.5,2.6,2.6,2.4,2.5,2.5,2.5,2.6
,,MDG003,-,-,1.7,1.8,2.3,2.4,-,-,-,-,-,-,-,-,-,-,-,-,-,-,-,-,-,-,-,-,-,-,-,-,-,-,-,-,-,-,-,-,-,-,-,-,-,-,-,-,-,-,-,-,-,-,-,-,-,-,-,-,-,-,-,-,-,-,-,-,-,-,-
,,MDG004,-,-,-,-,-,-,-,-,-,-,-,-,-,-,1.2,1.3,1.3,1.3,1.3,1.3,1.3,1.3,1.3,1.1,1.1,-,-,-,-,-,-,-,-,-,-,-,-,-,-,-,-,-,-,-,-,-,-,-,-,-,-,-,-,-,-,-,-,-,-,-,-,-,-,-,-,-,-,-,-
,,MDG005,-,-,-,-,-,-,-,-,-,-,-,-,-,-,2.5,2.5,2.5,2.5,2.6,2.6,2.6,2.6,2.6,2.5,2.5,-,-,-,-,-,-,-,-,-,-,-,-,-,-,-,-,-,-,-,-,-,-,-,-,-,-,-,-,-,-,-,-,-,-,-,-,-,-,-,-,-,-,-,-
,,MDG006,-,-,-,-,-,-,-,-,-,-,-,-,-,-,-,-,-,-,-,-,-,-,-,-,-,-,-,-,-,-,-,-,-,-,-,-,-,1.7,2.1,1.9,1.8,1.8,1.8,1.8,2.2,2.3,2.3,2.3,2.3,-,-,-,-,-,-,-,-,-,-,-,-,-,-,-,-,-,-,-,-
,,MDG007,-,-,-,-,-,-,-,-,-,-,-,-,-,-,-,-,-,-,-,-,-,-,-,-,-,-,-,-,-,-,-,-,-,-,-,-,-,-,-,-,-,-,-,-,-,-,-,-,-,-,1.9,1.9,1.9,-,-,-,-,-,-,-,-,-,-,-,-,-,-,-,-
,,MDG008,-,-,-,-,-,-,-,-,-,-,-,-,-,-,-,-,-,-,-,-,-,-,-,-,-,-,-,-,-,-,-,-,-,-,-,-,-,-,-,-,-,-,-,-,-,-,-,-,-,-,-,2.1,2.1,2.8,2.8,2.8,2.8,2.8,2.8,2.7,2.7,2.7,2.6,2.6,2.7,-,-,-,-
Madagascar,Cyclone Gamane in Madagascar,MDG009,Stable,-,-,-,-,-,-,-,-,-,-,-,-,-,-,-,-,-,-,-,-,-,-,-,-,-,-,-,-,-,-,-,-,-,-,-,-,-,-,-,-,-,-,-,-,-,-,-,-,-,-,-,-,-,-,-,-,-,-,-,-,-,-,-,-,2.2,2.1,2.4,2.1
Mexico,Multiple crisis in Mexico,MEX001,Decreasing,-,-,-,-,-,-,-,-,-,-,-,-,-,-,-,-,-,-,-,-,-,-,-,-,-,-,-,-,-,-,-,-,-,-,-,-,-,-,-,-,-,2.8,2.8,2.8,2.8,2.8,2.8,2.8,2.8,2.8,2.8,2.8,2.8,2.8,2.8,2.8,2.8,2.8,3,3,3,3,3,3,3,2.9,2.9,2.9
Mexico,Criminal Violence in Mexico,MEX002,-,-,-,-,-,-,-,-,-,-,-,-,-,-,-,-,-,-,-,-,-,-,-,-,-,-,-,-,-,-,-,-,-,-,-,-,-,-,-,-,-,-,2.5,-,2.5,-,-,-,-,-,-,-,-,-,-,-,-,-,-,-,-,-,-,-,-,-,-,-,x
Mexico,Mixed Migration in Mexico,MEX003,Stable,-,-,-,-,-,-,-,-,-,-,-,-,-,-,-,-,-,-,-,-,-,-,-,-,-,-,-,-,-,-,-,-,-,-,-,-,-,2.4,2.4,2.4,2.4,2.5,2.5,2.5,2.5,2.5,2.5,2.6,2.6,2.6,2.6,2.6,2.6,2.6,2.6,2.6,2.4,2.4,2.5,2.5,2.5,2.3,2.4,2.4,2.5,2.5,2.3,2.3
,,MEX004,-,-,-,-,-,-,-,-,-,-,-,-,-,-,-,-,-,-,-,-,-,-,-,-,1.7,1.7,1.7,-,-,-,-,-,-,-,-,-,-,-,-,-,-,-,-,-,-,-,-,-,-,-,-,-,-,-,-,-,-,-,-,-,-,-,-,-,-,-,-,-,-
Mali,Complex crisis in Mali,MLI001,Decreasing,3.6,3.8,3.8,3.6,3.6,3.6,3.6,3.7,3.7,3.8,3.8,3.8,3.8,3.8,3.8,3.8,3.8,3.8,3.8,3.8,3.8,3.8,3.8,3.8,3.8,3.8,4.1,4.1,4.1,4.3,4.3,4.3,4.3,4.3,4.3,4.3,4.3,4.3,4.3,4.2,4.2,4.2,4.2,4.2,4.2,4.1,4.1,4.2,4.3,4.3,4.3,4.3,4.3,4.3,4.3,4.3,4.3,4.3,4.3,4.3,4.3,4.3,4.3,4.5,4.3,4.3,4.3,4.3
Myanmar,Multiple crises in Myanmar,MMR001,Stable,-,3.2,3.2,3.2,3.3,3.3,3.3,3.3,3.3,3.4,3.4,3.4,3.4,3.4,3.6,3.6,3.6,3.6,3.6,3.5,3.5,3.5,3.5,3.5,3.5,3.7,3.7,3.7,3.7,3.7,3.9,3.9,3.9,3.8,3.9,3.9,4.3,4.3,4.3,4.3,4.4,4.4,4.4,4.4,4.4,4.4,4.4,4.4,4.5,4.5,4.5,4.5,4.6,4.6,4.6,4.6,4.6,4.6,4.6,4.6,4.6,4.6,4.6,4.6,4.6,4.6,4.6,4.6
Myanmar,Rakhine Conflict,MMR002,Increasing,-,3.3,3.3,3.1,3.2,3.2,3.2,3.2,3.2,3.5,3.5,3.4,3.5,3.5,3.5,3.5,3.5,3.5,3.5,3.5,3.5,3.5,3.5,3.5,3.5,3.5,3.5,3.5,3.5,3.6,3.6,3.6,3.6,3.5,3.5,3.5,3.6,3.6,3.7,3.7,3.7,3.7,3.7,3.7,3.7,3.7,3.7,3.7,3.9,3.9,3.9,3.8,3.8,3.7,3.7,3.7,3.7,3.7,3.8,3.9,3.8,3.9,3.9,4,4,4,4.1,4.1
Myanmar,Kachin and Shan Conflict,MMR003,Stable,-,2.1,2.1,2.3,2.4,2.3,2.3,2.3,2.3,2.7,2.7,2.7,2.7,2.7,2.6,2.6,2.6,2.6,2.6,2.6,2.6,2.6,2.6,2.6,2.6,3.1,3.1,3.1,3.1,3.2,3.2,3.2,3.2,3.1,3.1,3.2,3.7,3.7,3.7,3.7,3.8,3.8,3.8,3.8,3.8,3.7,3.7,3.7,3.7,3.7,3.7,3.7,3.7,3.7,3.6,3.6,3.7,3.7,3.7,3.7,3.7,3.7,3.7,3.8,3.8,3.8,3.8,3.8
Myanmar,Post-coup conflict in Myanmar,MMR004,Increasing,-,-,-,-,-,-,-,-,-,-,-,-,-,-,-,-,-,-,-,-,-,-,-,-,-,-,-,-,-,2.1,3.4,3.4,3.4,3.4,3.4,3.5,4.1,4.1,4.1,4.1,4.5,4.5,4.5,4.5,4.5,4.5,4.5,4.5,4.4,4.4,4.4,4.4,4.4,4.4,4.4,4.4,4.4,4.4,4.4,4.4,4.4,4.4,4.4,4.6,4.6,4.6,4.6,4.6
,,MMR005,-,-,-,-,-,-,-,-,-,-,-,-,-,-,-,-,-,-,-,-,-,-,-,-,-,-,-,-,-,-,-,-,-,-,-,-,-,-,-,-,-,-,-,-,-,-,-,-,-,-,-,-,-,2.8,2.9,2.8,2.8,2.8,2.8,2.8,2.8,-,-,-,-,-,-,-,-
Myanmar,2024 Monsoon Floods,MMR006,-,-,-,-,-,-,-,-,-,-,-,-,-,-,-,-,-,-,-,-,-,-,-,-,-,-,-,-,-,-,-,-,-,-,-,-,-,-,-,-,-,-,-,-,-,-,-,-,-,-,-,-,-,-,-,-,-,-,-,-,-,-,-,-,-,-,-,-,2.4
,,MNG001,-,-,-,-,-,-,-,-,-,-,-,-,-,-,-,-,-,-,-,-,-,-,-,-,-,-,-,-,-,-,-,-,-,-,-,-,-,-,-,-,-,-,-,-,-,-,-,-,-,-,-,-,-,-,-,2.2,2.2,-,-,-,-,-,-,-,-,-,-,-,-
,,MNG002,-,-,-,-,-,-,-,-,-,-,-,-,-,-,-,-,-,-,-,-,-,-,-,-,-,-,-,-,-,-,-,-,-,-,-,-,-,-,-,-,-,-,-,-,-,-,-,-,-,-,-,-,2.6,2.4,2.4,2.4,2.4,-,-,-,-,-,-,-,-,-,-,-,-
,,MNG003,-,-,-,-,-,-,-,-,-,-,-,-,-,-,-,-,-,-,-,-,-,-,-,-,-,-,-,-,-,-,-,-,-,-,-,-,-,-,-,-,-,-,-,-,-,-,-,-,-,-,-,-,-,-,-,1.1,1.1,-,-,-,-,-,-,-,-,-,-,-,-
,,MNG004,-,-,-,-,-,-,-,-,-,-,-,-,-,-,-,-,-,-,-,-,-,-,-,-,-,-,-,-,-,-,-,-,-,-,-,-,-,-,-,-,-,-,-,-,-,-,-,-,-,-,-,-,-,-,-,-,-,-,-,-,-,-,1.9,2.3,2.3,2.3,2.3,2.3,-
Mozambique,Multiple Crises in Mozambique,MOZ001,Increasing,-,-,-,3.8,3.7,3.7,3.2,3.2,3.2,3.2,3.4,3.4,3.5,3.5,3.2,3.2,3.2,3.2,3,3,3,3.2,3.3,3.3,3.6,3.6,3.6,3.6,3.6,3.7,-,-,-,-,-,-,3.5,3.5,3.6,3.6,3.6,3.6,3.6,3.6,3.6,3.6,3.6,3.6,3.6,3.4,3.5,3.5,3.6,3.5,3.5,3.5,3.5,3.5,3.6,3.6,3.6,3.6,3.6,3.7,3.7,3.7,3.9,3.9
,,MOZ002,-,-,3.3,3.3,3.3,3.3,-,-,-,-,-,-,-,-,-,-,-,-,-,-,-,-,-,-,-,-,-,-,-,-,-,-,-,-,-,-,-,-,-,-,-,-,-,-,-,-,-,-,-,-,-,-,-,-,-,-,-,-,-,-,-,-,-,-,-,-,-,-,-
,,MOZ003,-,-,-,3.1,3.4,3.4,-,-,-,-,-,-,-,-,-,-,-,-,-,-,-,-,-,-,-,-,-,-,-,-,-,-,-,-,-,-,-,-,-,-,-,-,-,-,-,-,-,-,-,-,-,-,-,-,-,-,-,-,-,-,-,-,-,-,-,-,-,-,-
Mozambique,Cabo Delgado Islamist Insurgency,MOZ004,Stable,-,-,-,-,-,-,-,-,-,-,-,-,-,-,2,2,2.6,2.6,2.8,2.9,2.9,2.9,2.1,2.1,3.5,3.5,3.5,3.6,3.6,3.6,3.4,3.4,3.4,3.3,3.3,3.3,3.4,3.4,3.4,3.4,3.4,3.4,3.4,3.4,3.4,3.4,3.5,3.5,3.5,3.5,3.5,3.4,3.5,3.4,3.4,3.4,3.4,3.4,3.5,3.5,3.5,3.5,3.4,3.7,3.7,3.6,3.6,3.6
,,MOZ005,-,-,-,-,2.7,2.8,-,-,-,-,-,-,-,-,-,-,-,-,-,-,-,-,-,-,-,-,-,-,-,-,-,-,-,-,-,-,-,-,-,-,-,-,-,-,-,-,-,-,-,-,-,-,-,-,-,-,-,-,-,-,-,-,-,-,-,-,-,-,-
,,MOZ006,-,-,-,-,-,-,-,-,-,-,-,-,-,-,3.2,3.2,3.2,3.2,3.2,3.2,3.2,3.2,2.8,3,3,3.4,3.4,3.4,3.5,3.5,3.5,-,-,-,-,-,-,-,-,-,-,-,-,-,-,-,-,-,-,-,-,-,-,-,-,-,-,-,-,-,-,-,-,-,-,-,-,-,-
,,MOZ007,-,-,-,-,-,-,-,-,-,-,-,-,-,-,-,-,-,-,-,-,-,-,-,-,-,-,2.2,2.2,2.3,2.3,2.3,-,-,-,-,-,-,-,-,-,-,-,-,-,-,-,-,-,-,-,-,-,-,-,-,-,-,-,-,-,-,-,-,-,-,-,-,-,-
,,MOZ008,-,-,-,-,-,-,-,-,-,-,-,-,-,-,-,-,-,-,-,-,-,-,-,-,-,-,-,-,-,-,-,-,-,-,-,-,-,2.3,2.4,2.6,3.1,3.1,3.1,3.1,3.1,3.1,3.1,2.9,2.9,-,-,-,-,-,-,-,-,-,-,-,-,-,-,-,-,-,-,-,-
,,MOZ009,-,-,-,-,-,-,-,-,-,-,-,-,-,-,-,-,-,-,-,-,-,-,-,-,-,-,-,-,-,-,-,-,-,-,-,-,-,-,-,-,-,-,-,-,-,-,-,-,-,-,1.5,1.5,1.5,1.5,1.5,1.5,1.5,1.5,1.5,-,-,-,-,-,-,-,-,-,-
,,MOZ010,-,-,-,-,-,-,-,-,-,-,-,-,-,-,-,-,-,-,-,-,-,-,-,-,-,-,-,-,-,-,-,-,-,-,-,-,-,-,-,-,-,-,-,-,-,-,-,-,-,-,-,2.2,2.2,2.4,2.3,2.3,2.3,2.3,2.3,3.1,2.6,2.8,2.8,2.9,-,-,-,-,-
Mozambique,2024 Rainy and Cyclone season,MOZ011,Increasing,-,-,-,-,-,-,-,-,-,-,-,-,-,-,-,-,-,-,-,-,-,-,-,-,-,-,-,-,-,-,-,-,-,-,-,-,-,-,-,-,-,-,-,-,-,-,-,-,-,-,-,-,-,-,-,-,-,-,-,-,-,-,-,-,3.1,3.2,3.2,3.2
Mozambique,Drought in Mozambique,MOZ012,-,-,-,-,-,-,-,-,-,-,-,-,-,-,-,-,-,-,-,-,-,-,-,-,-,-,-,-,-,-,-,-,-,-,-,-,-,-,-,-,-,-,-,-,-,-,-,-,-,-,-,-,-,-,-,-,-,-,-,-,-,-,-,-,-,-,-,3.3,3.4
,,MRT001,-,-,2.9,2.9,-,-,-,-,-,-,-,-,-,-,-,-,-,-,-,-,-,-,-,-,-,-,-,-,-,-,-,-,-,-,-,-,-,-,-,-,-,-,-,-,-,-,-,-,-,-,-,-,-,-,-,-,-,-,-,-,-,-,-,-,-,-,-,-,-
Mauritania,Refugees from Mali in Mauritania,MRT002,Increasing,-,2.3,2.3,2.3,2.2,2.2,2.2,2.2,2.2,2.2,2.2,2.2,2.2,2.2,2.2,2.3,2.3,2.3,2.3,2.3,2.3,2.3,2.2,2.2,2.2,2.2,2.2,2.2,2.2,2.2,2.2,2.1,2.1,2.1,2.1,2.1,2.1,2.1,2.1,2.1,2.1,2.1,2.2,2.2,2.2,2.2,2.3,2.3,2.3,2.3,2.1,2.1,2.1,2.1,2.1,2.2,2.2,2.2,1.9,1.9,1.9,1.7,1.7,2.1,2,2,2.2,2.2
Mauritania,Food Security in Mauritania,MRT003,Increasing,-,3,3,3,2.7,2.8,2.9,2.9,2.9,2.9,2.8,2.8,2.6,2.6,2.6,2.6,2.6,2.7,2.7,3,2.9,2.9,2.8,2.8,2.8,2.8,2.8,2.8,2.8,2.8,2.8,2.8,2.8,2.8,2.8,2.8,2.8,2.8,2.8,2.8,2.8,2.8,2.8,2.7,2.7,2.7,2.7,2.7,2.7,2.7,2.7,2.7,2.7,2.7,2.6,2.6,2.6,2.6,2.6,2.6,2.6,2.7,2.6,2.5,2.5,2.5,2.6,2.6
Malawi,Complex crisis in Malawi,MWI002,Stable,-,-,2.9,3,3.1,3.1,3.1,2.7,2.7,2.5,2.5,2.5,2.6,2.6,2.7,2.7,2.6,2.7,2.7,2.6,2.6,2.7,2.8,2.8,2.8,2.8,2.8,2.8,2.9,2.9,3,3,2.8,2.8,3,3,3,3,2.5,2.5,2.4,3,3,3,3,3.2,3.2,3.2,3.3,3.3,3.4,3.4,3.3,3.5,3.5,3.3,3.2,3.4,3.4,3.4,3.4,3.4,3.4,3.4,3.6,3.6,3.5,3.5
,,MWI003,-,-,-,-,-,2.7,2.6,-,-,-,-,-,-,-,-,-,-,-,-,-,-,-,-,-,-,-,-,-,-,-,-,-,-,-,-,-,-,-,-,-,-,-,-,-,-,-,-,-,-,-,-,-,-,-,-,-,-,-,-,-,-,-,-,-,-,-,-,-,-
,,MWI004,-,-,-,-,-,-,-,-,-,-,-,-,-,-,-,-,-,-,-,-,-,-,-,-,-,-,-,-,-,-,-,-,-,-,-,-,-,2.1,2.1,2.1,2.1,2,2.5,2.5,2.5,2.5,2.4,2.4,2.4,-,-,-,-,-,-,-,-,-,-,-,-,-,-,-,-,-,-,-,-
,,MWI005,-,-,-,-,-,-,-,-,-,-,-,-,-,-,-,-,-,-,-,-,-,-,-,-,-,-,-,-,-,-,-,-,-,-,-,-,-,-,-,-,-,-,-,-,-,-,-,-,-,-,-,2.7,2.8,2.9,2.9,2.9,2.9,2.9,2.8,3,3,3,3,3,3,-,-,-,-
Malaysia,International Refugees in Malaysia,MYS001,Stable,-,-,-,-,-,-,-,-,-,-,-,-,-,-,-,-,-,-,-,-,-,-,-,-,-,-,1.6,1.6,1.6,1.7,1.7,1.7,1.7,1.7,1.7,1.6,1.6,1.7,1.6,2.2,2.3,2.3,2.3,2.3,2.3,2.3,2.3,2.3,2.3,2.3,2.3,2.3,2.5,2.5,2.3,2.3,2.3,2.3,2.3,2.3,2.3,2.3,2.3,2.2,2.2,2.2,2.2,2.2
Namibia,Food Security Crisis in Namibia,NAM002,Increasing,-,-,-,-,-,-,-,-,-,-,-,-,-,2.2,2.1,2.1,2.1,2.1,2.1,2.1,2.1,2,2.1,2.1,2.1,2.1,2.1,2.1,2.1,2.1,2.3,2.3,2.3,2.2,2.2,2.4,2.4,2.4,2.4,2.4,2.5,2.5,2.5,2.5,2.5,2.5,2.5,2.5,2.5,2.5,2.4,2.2,2.3,2.3,2.3,2.3,2.5,2.3,2.5,2.5,2.5,2.5,2.5,2.5,2.5,2.5,2.6,2.6
,,NER001,-,-,3.1,3.2,3.5,3.5,3.5,3.5,3.5,3.5,3.6,3.6,3.6,3.6,3.6,3.6,3.6,3.6,3.6,3.7,3.7,3.7,3.8,3.7,3.7,3.7,3.7,3.7,3.7,3.7,3.8,3.8,3.8,3.8,3.8,3.8,3.8,3.8,3.8,3.8,3.7,3.7,3.5,3.5,3.6,3.6,3.7,3.5,3.7,3.9,3.9,3.9,3.9,3.8,3.8,3.7,3.8,3.8,3.8,3.7,3.7,3.8,3.7,3.7,3.5,3.7,3.7,-,-
Niger,Lake Chad basin crisis in Niger,NER002,Increasing,-,3.1,3.2,3.2,3.2,3.3,3.3,3.3,3.3,3.4,3.4,3.4,3.4,3.4,3.4,3.4,3.4,3.4,3.5,3.5,3.4,3.4,3.4,3.4,2.9,2.9,2.9,2.9,2.9,3,3,3,3,3,3,3,3,3,3,2.9,2.9,2.9,2.9,3,3,3,3,3,3,3,3.1,3.1,3.1,3.1,3.2,3.2,3.2,3.2,3.2,3.1,3.3,3.2,3.2,3.2,3.4,3.4,3.4,3.4
Niger,Mali/Burkina Faso conflict,NER003,Stable,-,2.4,2.6,3,3,3,3,3,3,3.1,3.1,3.1,3.1,3.1,3.2,3.2,3.2,3.2,3.3,3.2,3.2,3.2,3.2,3.2,3.2,3.2,3.2,3.3,3.3,3.4,3.4,3.4,3.4,3.3,3.3,3.3,3.3,3.3,3.3,3.3,3.3,3.3,3.3,3.6,3.6,3.7,3.7,3.6,3.6,3.6,3.6,3.6,3.5,3.5,3.5,3.4,3.5,3.5,3.5,3.5,3.6,3.5,3.5,3.5,3.5,3.5,3.5,3.5
Niger,Nigerian Refugees,NER004,Increasing,-,-,-,-,-,-,-,-,-,-,-,2.5,2.5,2.6,2.5,2.5,2.5,2.6,2.5,2.5,2.5,2.5,2.4,2.5,2.7,2.7,2.7,2.7,2.7,2.7,2.7,2.7,2.7,2.7,2.7,2.7,2.7,2.7,2.7,2.7,2.7,2.7,2.7,2.8,2.7,2.8,2.8,2.6,2.6,2.6,2.6,2.6,2.5,2.5,2.6,2.6,2.6,2.6,2.6,2.6,2.6,2.6,2.6,2.7,2.9,2.9,2.9,3
,,NER005,-,-,-,-,-,-,-,-,-,-,-,-,-,-,-,-,-,-,-,-,-,-,2.9,2.9,2.9,2.9,-,-,-,-,-,-,-,-,-,-,-,-,-,-,-,-,-,-,-,-,-,-,-,-,-,-,-,-,-,-,-,-,-,-,-,-,-,-,-,-,-,-,-
Niger,Complex crisis in Niger,NER006,-,-,-,-,-,-,-,-,-,-,-,-,-,-,-,-,-,-,-,-,-,-,-,-,-,-,-,-,-,-,-,-,-,-,-,-,-,-,-,-,-,-,-,-,-,-,-,-,-,-,-,-,-,-,-,-,-,-,-,-,-,-,-,-,-,-,-,3.4,3.6
Nigeria,Complex crisis in Nigeria,NGA001,Increasing,3.5,3.5,4,4.1,3.8,3.8,4.1,4.1,4.1,4.1,4.1,4.1,4,4,3.7,4.2,4.1,4.2,4.2,4.2,4.2,4.2,4,4,4,4.1,4.1,4.1,4.1,4.1,4.1,4.2,4.2,4.2,4.2,4.2,4.2,4.2,4.2,4.2,4.1,3.5,4.1,4.1,4.1,4.1,4.1,4.1,4.1,4.1,4.1,4.1,4.2,4.2,4.2,4.2,4.2,4.1,3.9,3.9,3.9,3.9,3.9,3.9,3.9,4,4,4.1
,,NGA002,-,3.6,3.6,3.5,3.6,-,-,-,-,-,-,-,-,-,-,-,-,-,-,-,-,-,-,-,-,-,-,-,-,-,-,-,-,-,-,-,-,-,-,-,-,-,-,-,-,-,-,-,-,-,-,-,-,-,-,-,-,-,-,-,-,-,-,-,-,-,-,-,-
Nigeria,Middle belt conflict,NGA003,Stable,2.1,2,2.7,2.8,2.8,2.8,2.8,2.8,2.8,2.8,-,-,-,-,-,-,-,-,-,-,-,-,2.5,2.5,2.5,2.5,2.5,2.5,2.5,2.6,2.6,3.4,3.4,3.4,3.2,3.2,3.2,3.2,3.2,3.2,3.2,3.2,3.3,3.3,3.3,3.3,3.3,3.3,3.3,3.4,3.4,3.4,3.4,3.4,3.4,3.4,3.4,3.4,3.4,3.4,3.4,3.4,3.4,3.1,3.2,3.2,3.2,3.2
Nigeria,Lake Chad basin crisis in Nigeria,NGA004,Stable,4,4,4,4.1,4.1,4.1,4.2,4.1,4.1,4.1,4.1,4.1,4,4,4,4,4,4.1,4.1,4.1,4.1,4,4.1,4.1,4.1,4,4.1,4.1,4.1,4.1,4.1,4.2,4.2,4.2,4.1,4.1,4.1,4.2,4.2,4.2,4.2,4.2,4.1,4.1,4.1,4.2,4.1,4.1,4.2,4.2,4.2,4.2,4.3,4.3,4.3,4.3,4.3,4.2,4.1,4.2,4.2,4.2,4.1,4.1,4.1,4.1,4.1,4.2
,,NGA005,-,1.5,1.5,-,-,-,-,-,-,-,-,-,-,-,-,-,-,-,-,-,-,-,-,-,-,-,-,-,-,-,-,-,-,-,-,-,-,-,-,-,-,-,-,-,-,-,-,-,-,-,-,-,-,-,-,-,-,-,-,-,-,-,-,-,-,-,-,-,-
Nigeria,Northwest Banditry,NGA007,Stable,-,-,-,-,-,-,-,-,-,-,-,-,-,-,2.5,2.5,2.6,2.6,2.6,2.6,2.6,2.6,2.6,2.6,2.6,2.6,2.7,2.7,2.7,2.9,2.8,3.7,3.7,3.6,3.6,3.6,3.6,3.6,3.6,3.6,3.6,3.6,3.7,3.7,3.7,3.7,3.7,3.7,3.7,3.6,3.7,3.7,3.7,3.7,3.7,3.7,3.7,3.7,3.7,3.7,3.7,3.7,3.7,3.5,3.5,3.6,3.6,3.6
Nigeria,Cameroonian Refugees in Nigeria,NGA008,Stable,-,-,-,-,-,-,-,-,-,-,-,-,2,2.4,2.4,2.5,2.5,2.1,2.1,2.1,2.1,2,2.1,2.1,2.1,2.1,2.1,2.1,2.1,2,2,2,2,2,2,2,2,2,2,2,2,1.7,2.2,2.2,2.2,2.2,2.2,2.2,2.2,2.3,2.3,2.3,2.3,2.3,2.3,2.3,2.3,2.3,2,2,2,2,2,2,2,2,2,2
Nicaragua,Socioeconomic crisis in Nicaragua,NIC001,-,2,2,2,2.4,2.4,2.4,2.4,2.4,2.4,-,-,-,-,-,-,-,-,-,-,-,-,-,-,-,-,-,-,-,-,-,-,-,-,-,-,-,-,-,-,1.9,1.9,-,-,2,-,1.9,1.9,-,-,-,-,-,-,-,-,-,1.9,1.9,1.7,1.7,1.7,-,-,-,-,-,-,x
,,NIC002,-,-,-,-,-,-,-,-,-,-,-,-,-,-,-,-,-,-,-,-,-,-,-,-,2.2,2.2,2.2,2.2,2.2,2.2,2.3,2.3,2.3,2.3,-,-,-,-,-,-,-,-,-,-,-,-,-,-,-,-,-,-,-,-,-,-,-,-,-,-,-,-,-,-,-,-,-,-,-
,,NPL002,-,-,-,-,-,-,-,1.9,1.9,-,-,-,-,-,-,-,-,-,-,-,-,-,-,-,-,-,-,-,-,-,-,-,-,-,-,-,-,-,-,-,-,-,-,-,-,-,-,-,-,-,-,-,-,-,-,-,-,-,-,-,-,-,-,-,-,-,-,-,-
Nepal,Karnali Earthquake,NPL003,Decreasing,-,-,-,-,-,-,-,-,-,-,-,-,-,-,-,-,-,-,-,-,-,-,-,-,-,-,-,-,-,-,-,-,-,-,-,-,-,-,-,-,-,-,-,-,-,-,-,-,-,-,-,-,-,-,-,-,-,-,2.4,2.4,2.4,2.4,2.4,2.4,2.4,2.2,2.2,2.1
Pakistan,Complex crisis in Pakistan,PAK001,Decreasing,-,3.2,3.2,3.3,3.3,3.3,3.3,3.3,3.3,3.4,3.4,3.4,3.4,3.4,3.4,3.4,3.4,3.4,3.4,3.4,3.4,3.4,3.4,3.4,3.4,3.4,3.4,3.4,3.8,3.8,3.8,3.8,3.8,3.7,3.7,3.6,3.6,3.6,3.6,3.6,3.7,3.7,3.7,3.7,4,3.8,3.9,3.8,3.8,3.8,3.8,3.8,3.9,3.9,3.9,3.9,3.9,3.9,4,3.9,4,4,4,3.9,4,4,3.8,3.8
,,PAK002,-,-,2.6,-,-,-,-,-,-,-,-,-,-,-,-,-,-,-,-,-,-,-,-,-,-,-,-,-,-,-,-,-,-,-,-,-,-,-,-,-,-,-,-,-,-,-,-,-,-,-,-,-,-,-,-,-,-,-,-,-,-,-,-,-,-,-,-,-,-
,,PAK003,-,-,3.2,3.2,-,-,-,-,-,-,-,-,-,-,-,-,-,-,-,-,-,-,-,-,-,-,-,-,-,-,-,-,-,-,-,-,-,-,-,-,-,-,-,-,-,-,-,-,-,-,-,-,-,-,-,-,-,-,-,-,-,-,-,-,-,-,-,-,-
Pakistan,Kashmir conflict in Pakistan,PAK004,-,-,-,-,-,-,-,-,-,-,-,-,-,-,-,-,-,-,-,-,-,-,-,-,-,-,-,-,-,-,-,-,-,-,-,-,-,-,-,-,-,-,-,-,-,-,-,-,-,-,-,-,-,-,-,-,-,-,-,-,-,-,-,-,-,-,-,-,x
Pakistan,Floods in Pakistan ,PAK005,Decreasing,-,-,-,-,-,-,-,-,-,-,-,-,-,-,-,-,-,-,-,-,-,-,-,-,-,-,-,-,-,-,-,-,-,-,-,-,-,-,-,-,-,-,2.1,3.6,3.6,3.7,3.7,3.6,3.6,3.6,3.6,3.6,3.6,3.6,3.6,3.6,3.6,3.6,3.7,3.7,3.7,3.7,3.7,3.7,3.7,3.5,3.6,3.6
Panama,Venezuela displacement in Panama,PAN002,Stable,-,1.1,-,-,-,-,-,-,-,-,-,-,-,-,-,-,-,-,-,-,-,-,-,-,-,-,-,-,-,-,-,-,-,-,-,-,-,2.1,2.1,2.1,2.1,2.2,2.2,2.2,2.2,2.3,2.3,2.4,2.3,2.3,2.3,2.3,2.3,2.3,2.3,2.3,2,2,2,2,2,2.1,2.1,2.1,2,2,2,2.2
Peru,Venezuela displacement in Peru,PER002,Stable,-,1.5,1.5,2.6,2.6,2.6,2.6,2.6,2.6,2.6,2.3,2.3,2.3,2.6,2.6,2.6,2.6,2.6,2.6,2.6,2.6,2.6,2.7,2.7,2.8,2.8,2.8,2.8,2.8,2.8,2.8,2.8,2.8,2.7,2.8,2.8,2.8,3,3,3,2.9,2.9,3.1,3.1,3.1,3.1,3.2,3.2,3.2,3.2,3.2,3.2,3.1,3.1,3,3,2.8,2.9,2.9,2.9,2.9,2.9,2.9,3.2,3.2,3.2,3.2,2.8
Philippines,Multiple crises in the Philippines,PHL001,-,-,-,-,-,-,-,-,-,-,-,-,2.7,2.7,3.4,2.7,2.4,2.4,2.5,2.5,2.5,2.5,2.4,3,3,3,3,3,3,-,-,-,-,-,-,-,3.3,3.2,3.3,3.3,3.3,3.1,3.2,3.1,3.1,2.9,2.9,3,3.1,2.7,2.6,2.6,2.6,2.6,2.5,2.5,2.6,2.6,2.5,-,-,-,-,-,-,-,-,-,2.6
Philippines,Mindanao conflict,PHL003,Stable,-,-,1.1,1.8,2,1.8,2.2,2.2,2.2,2.1,2.2,2.2,2.2,2.4,2.4,2.2,2.2,2.3,2.3,2.3,2.3,2.3,2.3,2.3,2.3,2.3,2.4,2.4,2.4,2.4,2.4,2.4,2.3,2.2,2.2,2.1,2.1,2.4,2.3,2.3,2.2,2.1,2.1,2.1,2.1,2.2,2.2,2.2,2.2,2.2,2.2,2.2,2.2,2.1,2.1,2.1,2.1,2.1,2.2,2.2,2.2,2.2,2.2,2.2,2.2,2.2,2.3,2.2
,,PHL004,-,-,-,-,-,-,-,-,-,-,-,-,2.1,2.1,2.1,2.1,2.1,2.1,2.1,2.1,2,2,1.8,1.8,1.8,1.8,1.8,1.8,1.8,-,-,-,-,-,-,-,-,-,-,-,-,-,-,-,-,-,-,-,-,-,-,-,-,-,-,-,-,-,-,-,-,-,-,-,-,-,-,-,-
,,PHL005,-,-,-,-,-,-,-,-,-,-,-,-,1.8,1.8,-,-,-,-,-,-,-,-,-,-,-,-,-,-,-,-,-,-,-,-,-,-,-,-,-,-,-,-,-,-,-,-,-,-,-,-,-,-,-,-,-,-,-,-,-,-,-,-,-,-,-,-,-,-,-
,,PHL006,-,-,-,-,-,-,-,-,-,-,-,-,-,3,3.1,-,-,-,-,-,-,-,-,-,-,-,-,-,-,-,-,-,-,-,-,-,-,-,-,-,-,-,-,-,-,-,-,-,-,-,-,-,-,-,-,-,-,-,-,-,-,-,-,-,-,-,-,-,-
,,PHL007,-,-,-,-,-,-,-,-,-,-,-,-,-,-,2,-,-,-,-,-,-,-,-,-,-,-,-,-,-,-,-,-,-,-,-,-,-,-,-,-,-,-,-,-,-,-,-,-,-,-,-,-,-,-,-,-,-,-,-,-,-,-,-,-,-,-,-,-,-
,,PHL008,-,-,-,-,-,-,-,-,-,-,-,-,-,-,-,-,-,-,-,-,-,-,-,-,-,-,-,-,-,-,-,-,-,-,-,-,-,-,-,-,-,-,-,-,-,-,-,-,-,-,-,-,-,-,-,-,-,-,-,-,-,-,-,-,-,-,-,-,-
,,PHL009,-,-,-,-,-,-,-,-,-,-,-,-,-,-,-,-,-,-,-,-,-,-,-,-,2.5,2.5,2.5,2.5,2.5,-,-,-,-,-,-,-,-,-,-,-,-,-,-,-,-,-,-,-,-,-,-,-,-,-,-,-,-,-,-,-,-,-,-,-,-,-,-,-,-
,,PHL010,-,-,-,-,-,-,-,-,-,-,-,-,-,-,-,-,-,-,-,-,-,-,-,-,-,-,-,-,-,-,-,-,-,-,-,-,3.1,3.1,3.1,3.1,3.1,3.1,3.1,3.1,3.1,3.1,3,3,3,-,-,-,-,-,-,-,-,-,-,-,-,-,-,-,-,-,-,-,-
,,PHL011,-,-,-,-,-,-,-,-,-,-,-,-,-,-,-,-,-,-,-,-,-,-,-,-,-,-,-,-,-,-,-,-,-,-,-,-,-,-,-,-,-,-,-,-,-,1.9,1.9,1.9,1.9,-,-,-,-,-,-,-,-,-,-,-,-,-,-,-,-,-,-,-,-
,,PHL012,-,-,-,-,-,-,-,-,-,-,-,-,-,-,-,-,-,-,-,-,-,-,-,-,-,-,-,-,-,-,-,-,-,-,-,-,-,-,-,-,-,-,-,-,-,-,-,2.3,2.3,2.3,2.3,2.3,2,2,1.9,1.9,1.7,1.7,1.7,-,-,-,-,-,-,-,-,-,-
,,PHL013,-,-,-,-,-,-,-,-,-,-,-,-,-,-,-,-,-,-,-,-,-,-,-,-,-,-,-,-,-,-,-,-,-,-,-,-,-,-,-,-,-,-,-,-,-,-,-,-,-,2,1.6,1.6,1.6,-,-,-,-,-,-,-,-,-,-,-,-,-,-,-,-
,,PHL014,-,-,-,-,-,-,-,-,-,-,-,-,-,-,-,-,-,-,-,-,-,-,-,-,-,-,-,-,-,-,-,-,-,-,-,-,-,-,-,-,-,-,-,-,-,-,-,-,-,-,-,-,-,-,-,-,2.3,2.3,1.8,-,-,-,-,-,-,-,-,-,-
Philippines,2024 Southwest Monsoon,PHL015,-,-,-,-,-,-,-,-,-,-,-,-,-,-,-,-,-,-,-,-,-,-,-,-,-,-,-,-,-,-,-,-,-,-,-,-,-,-,-,-,-,-,-,-,-,-,-,-,-,-,-,-,-,-,-,-,-,-,-,-,-,-,-,-,-,-,-,-,2.1
Papua New Guinea,Multiple crises in Papua New Guinea,PNG001,-,-,-,-,-,-,-,-,-,-,-,-,-,-,-,-,-,-,-,-,-,-,-,-,-,-,-,-,-,-,-,-,-,-,-,-,-,-,-,-,-,-,-,-,-,-,-,-,-,-,-,-,-,-,-,-,-,-,-,-,2.3,2.1,2.1,-,-,-,-,-,2.2
,,PNG002,-,-,-,-,-,-,-,-,-,-,-,-,-,-,-,-,-,-,-,-,-,-,-,-,-,-,-,-,-,-,-,-,-,-,-,-,-,-,-,-,-,-,-,-,-,-,-,-,-,-,-,-,-,-,-,-,-,-,-,-,-,-,-,-,-,-,-,-,-
Papua New Guinea,Highlands Violence,PNG003,Stable,-,-,-,-,-,-,-,-,-,-,-,-,-,-,-,-,-,-,-,-,-,-,-,-,-,-,-,-,-,-,-,-,-,-,-,-,-,-,-,-,-,-,-,-,2.6,2.7,2.7,2.6,2.6,2.6,2.6,2.6,2.5,2.5,2.5,2.5,2.6,2.6,2.6,2.6,2,2,2,2,2,2.1,2,2
,,PNG004,-,-,-,-,-,-,-,-,-,-,-,-,-,-,-,-,-,-,-,-,-,-,-,-,-,-,-,-,-,-,-,-,-,-,-,-,-,-,-,-,-,-,-,-,-,-,-,-,-,-,-,-,-,-,-,-,-,-,-,-,1.4,1.4,1.4,-,-,-,-,-,-
Papua New Guinea,2024 Monsoon Flooding in Western Province,PNG005,-,-,-,-,-,-,-,-,-,-,-,-,-,-,-,-,-,-,-,-,-,-,-,-,-,-,-,-,-,-,-,-,-,-,-,-,-,-,-,-,-,-,-,-,-,-,-,-,-,-,-,-,-,-,-,-,-,-,-,-,-,-,-,-,-,-,-,-,1.9
Poland,Displacement from Russia-Ukraine conflict in Poland,POL002,Stable,-,-,-,-,-,-,-,-,-,-,-,-,-,-,-,-,-,-,-,-,-,-,-,-,-,-,-,-,-,-,-,-,-,-,-,-,-,1.2,1.6,1.6,1.7,1.7,2.9,2.9,2.9,2.9,2.9,2.5,2.5,2.5,2.5,2.5,2.6,2.4,2.4,2.4,2.4,2.2,2.1,2.1,2.1,2.1,2.1,2.1,2.1,2.1,2.1,2.1
DPRK,Complex crisis in DPRK,PRK001,Stable,3.6,3.6,3.6,3.9,3.9,3.9,3.9,3.9,3.9,3.9,4.1,4.1,4.1,4.1,4.1,4.1,4,4,4,4,4,4,3.7,3.7,3.7,3.7,3.8,3.7,3.7,3.8,3.8,3.8,3.8,3.8,3.8,3.8,3.8,3.8,3.8,3.8,3.8,3.8,3.8,3.8,3.8,3.7,3.7,3.7,3.7,3.7,3.7,3.7,3.7,3.7,3.7,3.8,3.8,3.8,3.8,3.7,3.7,3.7,3.7,3.7,3.7,3.7,3.7,3.8
Palestine,Conflict in Palestine,PSE002,Stable,-,3.6,3.6,3.8,3.8,3.8,3.8,3.8,3.8,3.8,3.8,3.8,3.8,3.8,3.8,3.8,3.9,3.9,3.9,3.9,3.9,3.9,3.9,3.9,3.9,4,4,4,4,4.2,4.2,4.2,4.2,4.2,3.9,3.8,3.8,3.8,3.8,3.8,3.7,3.7,3.7,3.7,3.7,3.5,3.5,3.5,3.5,3.5,3.5,3.8,3.8,3.7,3.7,3.7,3.7,4.1,4.1,4.4,4.4,4.4,4.4,4.4,4.4,4.4,4.4,4.4
Palestine,Conflict in West Bank,PSE003,Decreasing,-,-,-,-,-,-,-,-,-,-,-,-,-,-,-,-,-,-,-,-,-,-,-,-,-,-,-,-,-,-,-,-,-,-,-,-,-,-,-,-,-,-,-,-,-,-,-,-,-,-,-,-,-,-,-,-,-,3.4,3.5,3.5,3.5,3.5,3.5,3.5,3.7,3.5,3.5,3.4
Palestine,Conflict in Gaza,PSE004,Stable,-,-,-,-,-,-,-,-,-,-,-,-,-,-,-,-,-,-,-,-,-,-,-,-,-,-,-,-,-,-,-,-,-,-,-,-,-,-,-,-,-,-,-,-,-,-,-,-,-,-,-,-,-,-,-,-,-,3.9,4.2,4.2,4.2,4.2,4.2,4.2,4.2,4.2,4.2,4.2
"Nigeria,Niger,Chad,Cameroon",Lake Chad basin regional crisis,REG001,Increasing,-,-,4.2,4.2,4.2,4.2,4.2,4.2,4.2,4.3,4.3,4.3,4.3,4.3,4.3,4.3,4.1,4,4,4,4,4,4.1,4.1,4.1,4.1,4.2,4.2,4.2,4.3,4.3,4.3,4.3,4.2,4.2,4.2,4.2,4.2,4.2,4.3,4.3,4.3,4.3,4.4,4.4,4.4,4.4,4.4,4.4,4.4,4.4,4.4,4.4,4.4,4.4,4.4,4.4,4.4,4.2,4.2,4.2,4.2,4.2,4.2,4.2,4.3,4.3,4.3
"Venezuela,Brazil,Colombia,Ecuador,Peru,Trinidad and Tobago,Chile,Dominican Republic,Panama",Venezuela Regional Crisis,REG002,Decreasing,-,-,-,3.6,3.6,3.6,3.6,3.6,3.6,3.6,3.5,3.6,3.6,3.5,3.6,3.6,3.6,3.6,3.6,3.6,3.6,3.6,3.8,3.8,3.8,3.8,3.8,3.8,3.8,3.7,3.7,3.7,3.7,3.9,3.9,3.9,3.9,3.9,3.9,3.9,3.8,3.8,3.8,3.9,3.9,3.9,3.9,3.9,3.9,3.9,3.9,3.9,3.9,3.9,3.9,3.9,3.9,3.9,3.9,3.9,3.9,3.9,3.9,3.9,3.9,3.7,3.7,3.7
,,REG003,-,-,-,-,-,-,-,-,-,-,-,-,-,-,-,-,-,-,-,-,-,-,-,-,-,-,-,-,-,-,-,-,-,-,-,-,-,-,-,-,-,-,-,-,-,-,-,-,-,-,-,-,-,-,-,-,-,-,-,-,-,-,-,-,-,-,-,-,-
"Syria,Türkiye,Iraq,Egypt,Jordan,Lebanon",Syrian Regional Crisis,REG004,Decreasing,-,-,-,-,4.1,4.2,4.2,4.2,4.2,4.2,4.2,4.2,4.2,4.2,4.2,4.2,4.2,4,4,4,4,4,4.3,4.3,4.3,4.5,4.5,4.5,4.5,4.6,4.6,4.6,4.6,4.6,4.6,4.3,4.3,4.3,4.3,4.3,4.2,4.2,4.2,4.2,4,4,4.2,4.3,4.3,4.3,4.3,4.3,4.3,4.2,4.2,4.2,4.2,4.2,4.2,4.2,4.2,4.2,4.2,4.2,4,4,4,4
"Türkiye,Greece",Eastern Mediterranean Route ,REG006,Increasing,-,-,-,-,-,-,-,-,-,-,-,-,-,-,-,-,-,-,-,-,-,-,-,-,-,-,-,-,-,-,-,-,3.1,3.2,3.2,3.3,3.3,3.3,3.2,3.2,3.2,3.2,3.2,3.2,3.2,3.1,2.3,2.3,2.3,2.4,2.4,2.4,2.4,2.5,2.3,2.2,2.2,2.2,2.3,2.3,2.1,2.2,2.4,2.4,2.5,2.5,2.5,2.5
"Algeria,Tunisia,Libya,Italy",Central Mediterranean Route,REG007,Decreasing,-,-,-,-,-,-,-,-,-,-,-,-,-,-,-,-,-,-,-,-,-,-,-,-,-,-,-,-,-,-,-,-,-,-,-,-,-,-,-,-,-,-,-,3,3,3,3,3,3,3,3,3,2.9,2.9,2.9,2.8,2.8,2.8,2.9,2.9,3.2,3,3,3.3,3,3,3,3
"Algeria,Morocco,Spain",Western Mediterranean Route,REG008,Stable,-,-,-,-,-,-,-,-,-,-,-,-,-,-,-,-,-,-,-,-,-,-,-,-,-,-,-,-,-,-,-,-,-,-,-,-,-,-,-,-,-,-,-,2.6,2.6,2.7,2.7,2.7,2.7,2.8,2.8,2.7,2.5,2.5,2.5,2.5,2.5,2.5,2.6,2.6,2.7,2.6,2.6,2.6,2.6,2.6,2.6,2.6
"Bangladesh,Myanmar",Rohingya Regional Crisis,REG011,Stable,-,-,-,3.5,3.5,3.5,3.5,3.5,3.5,3.7,3.7,3.7,3.7,3.7,3.7,3.7,3.7,3.4,3.4,3.4,3.4,3.3,3.6,3.6,3.6,3.6,3.6,3.6,3.6,3.7,3.7,3.7,3.7,3.7,3.4,3.5,3.8,3.8,3.9,3.9,3.9,3.8,3.8,3.8,3.8,3.8,3.8,3.8,3.9,3.9,3.9,3.9,3.8,3.8,3.8,3.8,3.8,3.8,3.9,4,4,4,4,4.1,4.1,4.1,4.1,4.1
"Madagascar,Malawi,Namibia,Eswatini,Zambia,Zimbabwe,Tanzania",Southern Africa Regional Food Security Crisis,REG012,Decreasing,-,-,-,-,-,-,-,-,-,-,-,-,-,3.5,3.5,3.5,3.5,3.5,3.5,3.5,3.5,3.5,3.5,3.5,3.5,3.5,3.6,3.6,3.6,3.9,3.6,3.6,3.6,3.5,3.6,3.6,3.6,3.6,3.5,3.5,3.4,3.4,3.4,3.4,3.4,3.5,3.6,3.6,3.6,3.7,3.6,3.6,3.6,3.7,3.7,3.7,3.7,3.6,3.9,3.9,3.9,3.9,3.9,3.9,3.9,3.8,3.8,3.8
"Armenia,Azerbaijan",Nagorno-Karabakh Conflict,REG013,Decreasing,-,-,-,-,-,-,-,-,-,-,-,-,-,-,-,-,-,-,-,-,-,-,-,-,-,-,-,-,-,-,-,-,-,-,-,-,-,-,-,-,-,1.8,1.8,1.8,1.8,1.8,1.8,1.8,1.8,1.8,1.8,1.8,2,2,2.4,2.4,2.5,2.6,2.6,2.7,2.7,2.7,2.7,2.7,2.7,2.3,2.3,2.3
"Ethiopia,Somalia,Kenya",Eastern Africa Regional Drought Crisis,REG014,Increasing,-,-,-,-,-,-,-,-,-,-,-,-,-,-,-,-,-,-,-,-,-,-,-,-,-,-,-,-,-,-,-,-,-,-,-,-,-,-,3.9,3.9,3.8,3.8,3.8,3.8,4.1,4.1,4.2,4.4,4.4,4.4,4.4,4.4,4.4,4.2,4.2,4.2,4.2,4.2,4.2,4.2,4.1,4.1,4.1,4.4,4.4,4.4,4.4,4.4
"Türkiye,Syria",Turkiye / Syria earthquake,REG015,Stable,-,-,-,-,-,-,-,-,-,-,-,-,-,-,-,-,-,-,-,-,-,-,-,-,-,-,-,-,-,-,-,-,-,-,-,-,-,-,-,-,-,-,-,-,-,-,-,-,-,-,3.7,3.7,3.8,4,4,4,4,4,3.6,3.6,3.6,3.6,3.6,3.6,3.6,3.6,3.6,3.6
Romania,Displacement from Russia-Ukraine conflict in Romania,ROU002,Stable,-,-,-,-,-,-,-,-,-,-,-,-,-,-,-,-,-,-,-,-,-,-,-,-,-,-,-,-,-,-,-,-,-,-,-,-,-,-,1,1,1,1,2.3,2.4,2.5,2.5,2.5,1.4,1.4,1.4,1.4,1.4,1.4,1.4,1.5,1.4,1.3,1.7,1.7,1.7,1.8,1.7,1.7,1.7,1.7,1.7,1.7,1.6
Russia,Displacement from Russia-Ukraine conflict in Russia,RUS002,Stable,-,-,-,-,-,-,-,-,-,-,-,-,-,-,-,-,-,-,-,-,-,-,-,-,-,-,-,-,-,-,-,-,-,-,-,-,-,-,-,-,-,-,-,-,-,-,-,-,-,-,-,-,-,-,-,2.7,2.7,2.7,2.7,2.7,2.7,2.7,2.8,2.8,2.8,2.8,2.8,2.8
Rwanda,Burundi and DRC refugees in Rwanda,RWA002,Stable,-,1.4,1.4,1.6,1.6,1.6,1.6,1.6,1.6,2.3,2.3,2.3,2.3,2.3,2,2,1.8,1.9,1.9,1.9,1.8,1.9,2,2,1.9,1.9,1.9,2,2,2,2,2,2,2,2,2,2,2,2.4,2.4,2.4,2.4,2.4,2.4,2.4,2.4,2.4,2.4,2.4,2.4,2.4,2.4,2.4,2.4,2.4,2.4,2.4,2.4,2.4,2.2,2.2,2.4,2.4,2.4,2.4,2.4,2.4,2.4
Sudan,Complex crisis in Sudan,SDN001,Stable,-,3.9,3.9,4,3.9,4,4,4,4,4.1,4.1,4.1,4.1,4.6,4.6,4.6,4.6,4.5,4.5,4.5,4.5,4.5,4.5,4.5,4.5,4.3,4.3,4.2,4.2,4.4,4.4,4.4,4.4,4.4,4.3,4.4,4.3,4.3,4.4,4.4,4.4,4.4,4.4,4.4,4.4,4.4,4.4,4.4,4.4,4.4,4.4,4.4,4.5,4.7,4.6,4.9,4.9,4.8,4.8,4.9,4.9,4.9,4.9,4.9,4.9,4.9,4.8,4.9
,,SDN002,-,-,3.9,3.9,-,-,-,-,-,-,-,-,-,-,-,-,-,-,-,-,-,-,-,-,-,-,-,-,-,-,-,-,-,-,-,-,-,-,-,-,-,-,-,-,-,-,-,-,-,-,-,-,-,-,-,-,-,-,-,-,-,-,-,-,-,-,-,-,-
,,SDN003,-,-,2.1,2.1,2.7,2.7,2.7,2.8,2.7,2.7,2.7,2.7,-,-,-,-,-,-,-,-,-,-,-,-,-,-,-,-,-,-,-,-,-,-,-,-,-,-,-,-,-,-,-,-,-,-,-,-,-,-,-,-,-,-,-,-,-,-,-,-,-,-,-,-,-,-,-,-,-
,,SDN004,-,-,2.6,2.6,3.5,3.5,3.5,3.5,3.4,3.4,3.4,3.4,-,-,-,-,-,-,-,-,-,-,-,-,-,-,-,-,-,-,-,-,-,-,-,-,-,-,-,-,-,-,-,-,-,-,-,-,-,-,-,-,-,-,-,-,-,-,-,-,-,-,-,-,-,-,-,-,-
Sudan,Refugees in Sudan,SDN005,Decreasing,-,-,-,-,-,-,-,-,-,-,-,-,-,3.7,3.8,3.8,3.8,3.8,3.8,3.8,3.8,3.8,4.1,4.1,4,3.9,3.9,3.8,3.8,3.5,3.2,3.2,3.2,3.2,3.2,3.2,3.2,3.2,3.3,3.3,3.3,3.3,3.3,3.3,3.3,3.3,3.3,3.3,3.3,3.3,3.3,3.3,3.4,3.4,3.4,3.4,3.4,3.3,3.3,3.4,3.4,3.4,3.4,3.2,3.2,3.2,3.2,3.2
,,SDN006,-,-,-,-,-,-,-,-,-,-,-,-,-,-,-,-,-,-,-,-,2.5,2.5,2.6,2.6,2.6,2.6,2.6,2.6,2.5,2.5,2.5,2.5,2.5,2.3,2.4,2.6,2.6,-,-,-,-,-,-,-,2.9,2.9,2.8,2.8,2.8,2.8,2.8,2.8,-,-,-,-,-,-,-,-,-,-,-,-,-,-,-,-,-
,,SDN007,-,-,-,-,-,-,-,-,-,-,-,-,-,-,-,-,-,-,-,-,-,-,-,-,-,2.9,2.1,2.1,2.4,2.4,2.5,2.5,2.5,2.5,2.5,2.5,2.5,2.5,2.5,2.5,2.5,2.5,-,-,-,-,-,-,-,-,-,-,-,-,-,-,-,-,-,-,-,-,-,-,-,-,-,-,-
,,SDN008,-,-,-,-,-,-,-,-,-,-,-,-,-,-,-,-,-,-,-,-,-,-,-,-,-,-,-,-,2.8,2.8,2.9,3.2,3.2,3.2,3.2,3.1,3.4,3.5,3.5,3.6,3.6,3.6,4.2,4.2,4.3,4.3,4.2,4,4,4,4,4,4,4.1,4,4,4.5,4.5,4.4,-,-,-,-,-,-,-,-,-,-
Senegal,Drought in Senegal,SEN002,Increasing,2.5,2.5,2.5,2.5,2.5,2.5,2.5,2.5,2.5,2.6,2.6,2.6,2.6,2.6,2.6,2.6,2.5,2.7,2.5,2.5,2.4,2.4,2.4,2.4,2.4,2.4,2.4,2.4,2.4,2.4,2.4,2.4,2.4,2.4,2.4,2.4,2.4,2.4,2.4,2.4,2.4,2.4,2.4,2.4,2.4,2.4,2.3,2.4,2.4,2.4,2.4,2.3,2.3,2.7,2.7,2.7,2.7,2.7,2.6,2.6,2.1,2.1,2.1,2.1,2.1,2.2,2.3,2.3
El Salvador,Complex crisis in El Salvador,SLV001,Decreasing,-,2.8,2.8,3,3,3,3,3,2.6,2.6,2.7,2.7,2.7,2.7,2.7,2.7,2.7,2.7,2.7,2.7,2.7,3,3,3,3,3,3,3,3,3,3,3,3,3,3.1,3.1,3.1,3.1,3.1,3.1,3.2,3.2,3.2,3.2,3.2,3.2,3.2,3.2,3.1,3.1,3.1,3.1,3.1,3.1,3.2,3.2,3.2,3.2,3.1,3.1,3.1,3.1,3.1,3.2,3.2,3.1,3.1,3.1
Somalia,Complex crisis in Somalia,SOM001,Increasing,3.6,3.6,3.6,4.1,4.3,4.3,4.3,4.3,4.3,4.2,4.2,4.2,4.2,4.7,4.7,4.7,4.7,4.7,4.7,4.7,4.6,4.6,4,4,4,4,4.4,4.4,4.4,4.5,4.5,4.5,4.5,4.4,4.2,4.2,4.2,4.2,4.2,4.2,4.4,4.4,4.4,4.4,4.4,4.4,4.4,4.4,4.4,4.7,4.7,4.7,4.7,4.7,4.7,4.7,4.7,4.7,4.7,4.7,4.6,4.6,4.6,4.6,4.6,4.7,4.7,4.7
Somalia,Mixed Migration Flows in Somalia,SOM002,Increasing,-,-,-,2.1,2.1,2.1,2.1,2.1,2.1,2,2,2,2,2,2,2,2,2,2,2,1.9,1.9,1.9,1.9,1.9,1.9,1.9,1.9,1.8,1.9,1.9,1.9,1.9,1.8,1.8,1.8,1.7,1.7,1.7,1.7,1.7,1.7,1.7,1.8,1.8,1.9,1.9,1.9,1.9,1.9,1.8,1.8,1.8,1.9,1.9,1.9,1.9,1.9,2,2,1.9,1.9,1.9,2,2,2.1,2.1,2.1
,,SOM004,-,-,-,-,-,-,-,-,-,-,-,-,-,-,-,-,2.4,2.4,2.4,3.3,3.3,3.2,3.2,3.2,3.2,3.2,3.2,3.2,3.2,2.8,3,2.9,2.9,-,-,-,-,-,-,-,-,-,-,-,-,-,-,-,-,-,-,-,-,-,-,-,-,-,-,-,-,-,-,-,-,-,-,-,-
South Sudan,Complex crisis in South Sudan,SSD001,Increasing,-,4.3,4.3,4.3,4.3,4.2,4.3,4.3,4.3,4.3,4.3,4.3,4.3,4.3,4.3,4.3,4.3,4.3,4.4,4.4,4.4,4.4,4.2,4.3,4.3,4.3,4.3,4.4,4.4,4.4,4.4,4.4,4.4,4.4,4.4,4.4,4.4,4.4,4.6,4.6,4.6,4.6,4.6,4.6,4.4,4.4,4.4,4.4,4.4,4.4,4.4,4.4,4.4,4.4,4.4,4.4,4.4,4.4,4.4,4.1,4.1,4.1,4.1,4.4,4.4,4.4,4.4,4.4
,,SSD002,-,-,-,-,-,-,-,-,-,-,-,3.1,3.1,3.1,3.1,-,-,-,-,-,-,-,-,-,-,-,-,-,-,-,-,-,-,-,-,-,-,-,-,-,-,-,-,-,-,-,-,-,-,-,-,-,-,-,-,-,-,-,-,-,-,-,-,-,-,-,-,-,-
,,SSD003,-,-,-,-,-,-,-,-,-,-,-,-,-,-,-,-,-,-,-,-,-,-,-,-,-,-,-,-,-,-,-,-,-,-,-,-,-,-,-,-,-,-,-,-,-,-,3.4,3.5,3.5,3.5,3.5,-,-,-,-,-,-,-,-,-,-,-,-,-,-,-,-,-,-
Slovakia,Displacement from Russia-Ukraine conflict in Slovakia,SVK002,Stable,-,-,-,-,-,-,-,-,-,-,-,-,-,-,-,-,-,-,-,-,-,-,-,-,-,-,-,-,-,-,-,-,-,-,-,-,-,-,1.2,1.2,1.2,1.2,2.3,2.3,2.3,2.3,2.4,1.8,1.8,1.8,1.8,1.8,1.8,1.8,1.8,1.8,1.8,1.6,1.6,1.6,1.6,1.6,1.6,1.6,1.6,1.6,1.6,1.6
Eswatini,Food Security Crisis in Eswatini,SWZ001,Stable,-,-,-,-,-,-,-,-,-,-,-,-,-,-,-,-,-,-,-,-,-,-,2.7,2.7,2.7,2.7,2.7,2.7,2.7,2.7,2.3,2.3,2.3,2.3,2.5,2.5,2.4,2.4,2.4,2.4,2.3,2.3,2.2,2.1,2.1,2.3,2.3,2.3,2.3,2.3,2.3,2.3,2.3,2.3,2.3,2.6,2.3,2.3,2.4,2.4,2.4,2.4,2.4,2.4,2.4,2.3,2.5,2.3
Syria,Syrian conflict,SYR001,Stable,4.9,4.9,4.8,4.8,4.8,4.9,4.9,4.9,4.9,4.8,4.9,4.9,4.9,4.9,4.9,4.9,4.9,4.9,4.9,4.9,4.9,4.9,4.9,4.9,4.7,4.9,4.9,4.9,4.9,4.9,4.9,4.9,4.9,4.9,4.9,4.9,4.9,4.6,4.6,4.6,4.6,4.6,4.6,4.6,4.6,4.6,4.5,4.6,4.6,4.6,4.6,4.6,4.6,4.6,4.6,4.6,4.6,4.6,4.5,4.5,4.5,4.5,4.5,4.6,4.6,4.6,4.6,4.6
Syria,Türkiye / Syria earthquake in Syria,SYR002,Decreasing,-,-,-,-,-,-,-,-,-,-,-,-,-,-,-,-,-,-,-,-,-,-,-,-,-,-,-,-,-,-,-,-,-,-,-,-,-,-,-,-,-,-,-,-,-,-,-,-,-,-,3.4,3.4,3.4,3.4,3.4,3.4,4.2,4.2,4.1,4.1,4.1,4.1,3.3,3.1,3.1,3.1,3.1,3.1
Chad,Complex crisis in Chad,TCD001,Decreasing,-,-,-,4,4,4,4,4,4,4.1,4.1,4.1,4.1,4.1,4.1,4.1,4.1,4.1,4.1,4.1,4.1,4.2,4.1,4.1,4.1,4.1,4.1,4.1,4.1,4.1,4.1,4.1,4.1,4.1,4.1,4.1,4.1,4.1,4.1,4.1,4.2,4.2,4.4,4.4,4.4,4.4,4.4,4.4,4.4,4.4,4.4,4.5,4.4,4.4,4.4,4.3,4.3,4.3,4.2,4.2,4.3,4.2,4.2,4,3.8,3.8,3.8,3.8
,,TCD002,-,-,-,-,3,-,-,-,-,-,-,-,-,-,-,-,-,-,-,-,-,-,-,-,-,-,-,-,-,-,-,-,-,-,-,-,-,-,-,-,-,-,-,-,-,-,-,-,-,-,-,-,-,-,-,-,-,-,-,-,-,-,-,-,-,-,-,-,-
Chad,Lake Chad basin crisis,TCD003,Decreasing,-,-,-,3.4,3.4,3.4,3.4,3.4,3.4,3.5,3.5,3.5,3.5,3.5,3.7,3.7,3.7,3.7,3.7,3.7,3.7,3.7,3.6,3.6,3.6,3.6,3.6,3.7,3.7,3.7,3.7,3.7,3.7,3.7,3.7,3.7,3.7,3.7,3.7,3.7,3.7,3.7,3.8,3.8,3.8,3.9,3.9,3.9,3.9,3.9,3.9,3.9,3.8,3.8,3.6,3.6,3.6,3.6,3.6,3.6,3.6,3.5,3.6,3.6,3.2,3.2,3.3,3.4
Chad,CAR refugees in Chad,TCD004,Decreasing,-,-,-,3.1,3.1,3.1,3.1,3.1,3.1,3.1,3.1,3.1,3.1,3.1,3.3,3.3,3.4,3.4,3.4,3.4,3.4,3.4,3.3,3.3,3.3,3.3,3.3,3.4,3.4,3.4,3.4,3.4,3.4,3.3,3.3,3.3,3.3,3.3,3.3,3.3,3.4,3.4,3.4,3.7,3.7,3.8,3.8,3.7,3.7,3.7,3.7,3.7,3.6,3.6,3.7,3.7,3.6,3.5,3.5,3.5,3.5,3.5,3.5,3.5,3,3,3,3
Chad,Darfur refugees in Chad,TCD005,Decreasing,-,-,-,3.3,3.3,3.3,3.3,3.3,3.3,3.3,3.3,3.3,3.3,3.3,3.3,3.4,3.4,3.4,3.3,3.3,3.2,3.2,3.2,3.2,3.2,3.2,3.2,3.3,3.3,3.3,3.3,3.3,3.3,3.2,3.2,3.2,3.2,3.2,3.2,3.2,3.2,3.2,3.7,3.7,3.7,3.9,3.9,3.8,3.8,3.8,3.8,3.8,3.7,3.7,3.7,3.7,3.7,3.7,3.6,3.5,3.6,3.6,3.6,3.6,3.2,3.2,3.2,3.2
,,TCD006,-,-,-,-,-,-,-,-,-,-,-,-,-,-,-,-,-,-,-,2.6,2.6,2.6,2.5,2.5,2.5,2.5,2.5,2.5,2.5,2.5,2.6,2.6,2.6,2.6,2.5,2.5,2.5,2.5,2.5,2.5,2.5,2.5,2.5,2.7,2.7,2.7,2.7,2.7,2.6,2.6,2.5,2.5,-,-,-,-,-,-,-,-,-,-,-,-,-,-,-,-,-
,,TCD008,-,-,-,-,-,-,-,-,-,-,-,-,-,-,-,-,-,-,-,-,-,2.1,2.6,2.6,2.6,2.6,-,-,-,-,-,-,-,-,-,-,-,-,-,-,-,-,-,-,-,-,-,-,-,-,-,-,-,-,-,-,-,-,-,-,-,-,-,-,-,-,-,-,-
Togo,Conflict in northern region,TGO002,Increasing,-,-,-,-,-,-,-,-,-,-,-,-,-,-,-,-,-,-,-,-,-,-,-,-,-,-,-,-,-,-,-,-,-,-,-,-,-,-,-,-,-,-,-,-,-,-,-,-,-,-,-,-,-,-,-,-,-,-,-,-,-,-,-,-,2.2,2.3,2.4,2.4
,,THA001,-,-,-,-,-,-,-,-,-,-,-,-,-,1.7,1.7,2.1,2.1,2.2,2.2,2.1,2.1,2.1,2.1,2.1,2.1,1.9,2,2,2,2.1,2.1,2.1,2,2,1.9,1.9,1.9,1.8,1.9,1.8,1.8,1.8,1.8,1.8,1.8,1.8,1.8,1.8,1.8,1.8,1.8,1.8,1.8,1.8,1.8,1.8,1.8,1.8,1.8,1.8,1.8,1.8,1.8,-,-,-,-,-,-
,,THA002,-,-,-,-,-,-,-,-,-,-,-,-,-,-,-,-,-,-,-,-,-,-,-,-,-,-,-,-,-,-,-,-,-,-,-,-,-,-,-,-,-,-,-,-,-,-,-,-,-,-,-,-,-,-,-,-,-,-,-,-,-,-,-,-,-,-,-,-,-
Thailand,Myanmar refugees in Thailand,THA003,Increasing,-,1.2,1.2,1.4,1.4,1.4,1.4,1.4,1.4,1.4,2.1,2.1,2.1,2.1,2.1,2.1,2.1,2.1,2.1,2.1,2.1,2.2,2.3,2.3,2.3,2.3,2.3,2.3,2.3,2.3,2.3,2.3,2.3,2.3,2.3,2.3,2.3,2.3,2.3,2.3,2.2,2.2,2.2,2.2,2.2,2.3,2.3,2.3,2.3,2.3,2.1,2.1,2,2,2,2,2,2,2,2,2,2,2,2,2,2.1,2.1,2.1
,,TLS002,-,-,-,-,-,-,-,-,-,-,-,-,-,-,-,-,-,-,-,-,-,-,-,-,-,-,-,-,1.4,1.3,1.3,1.3,1.3,-,-,-,-,-,-,-,-,-,-,-,-,-,-,-,-,-,-,-,-,-,-,-,-,-,-,-,-,-,-,-,-,-,-,-,-
Timor Leste,Food Security Crisis in Timor-Leste,TLS003,Stable,-,-,-,-,-,-,-,-,-,-,-,-,-,-,-,-,-,-,-,-,-,-,-,-,-,-,-,-,-,-,-,-,-,-,-,-,-,-,-,-,-,-,-,-,-,-,-,-,-,-,-,-,-,-,-,-,-,2,2,2,2,2,2,2,2,2,2,2
,,TON002,-,-,-,-,-,-,-,-,-,-,-,-,-,-,-,-,-,-,-,-,-,-,-,-,-,-,-,-,-,-,-,-,-,-,-,-,-,1.3,1.3,1.3,1.3,1.3,1.3,1.3,1.3,1.2,1.2,1.2,1.2,-,-,-,-,-,-,-,-,-,-,-,-,-,-,-,-,-,-,-,-
Trinidad and Tobago,Venezuelan refugees in Trinidad and Tobago,TTO002,Decreasing,-,0.9,0.9,1.4,1.4,1.4,1.4,1.4,1.4,1.4,1.7,1.5,1.5,1.5,1.5,1.5,1.6,1.5,1.5,1.5,1.5,1.5,1.8,1.7,1.7,1.7,1.7,1.7,1.7,1.7,1.7,1.7,1.7,1.8,1.8,1.8,1.8,1.6,1.6,1.6,1.6,1.6,1.9,1.9,1.9,1.9,2,2,2,2,2,2,2.1,2.1,2.1,2.1,1.8,1.8,1.8,1.8,1.8,1.7,1.7,1.7,1.7,1.7,1.6,1.6
Tunisia,Mixed migration flows in Tunisia,TUN002,Increasing,-,-,-,-,-,-,-,-,-,-,-,-,-,-,-,-,-,-,-,-,-,-,-,-,-,-,-,-,-,-,-,-,-,-,-,-,-,-,-,-,-,-,1.8,1.8,1.8,1.8,1.8,1.8,1.8,1.8,1.8,1.8,1.9,1.9,2,2,2,2,2,2,2.3,2.3,2.3,2.3,2.4,2.4,2.3,2.4
Türkiye,Complex situation in Türkiye,TUR001,Decreasing,-,-,-,3.6,3.6,3.6,3.5,3.5,3.5,3.5,3.5,3.5,3.2,3.2,3.2,3.2,3.3,3.2,3.2,3.2,3.2,3.3,3.3,3.3,3.2,3.2,3.2,3.2,3.2,3.2,3.2,3.2,3.2,3.2,3.2,3.2,3.2,3.2,3.2,3.2,3.2,3.2,3.2,3.2,3.1,3,3,3.2,3.2,3.4,3.4,3.4,3.5,3.6,3.6,3.8,3.6,3.5,3.6,3.6,3.6,3.5,3.6,3.6,3.6,3.5,3.5,3.5
Türkiye,Syrian Refugees in Türkiye,TUR002,Increasing,-,-,-,3.3,3.3,3.3,3.3,3.3,3.3,3.3,3.3,3.3,3.3,3.3,3.3,3.3,3.3,3.3,3.3,3.3,3.3,3.3,3.3,3.3,3.3,3.3,3.3,3.3,3.3,3.3,3.3,3.3,3.3,3.3,3.3,3.2,3.2,3.2,3.2,3.3,3.3,3.3,3.3,3.3,3.4,3.3,3.3,3.3,3.3,3.3,3.3,3.1,3.1,3.2,3.3,3.3,3.1,3.1,3.1,3.1,3.1,3.1,3.1,3.1,3.2,3.2,3.2,3.2
Türkiye,Mixed Migration Flows in Türkiye,TUR003,Stable,-,-,-,3.3,3.3,3.3,3.2,3.3,3.3,3.2,3.2,3.2,3.1,3.1,3.1,3.1,3.2,3.2,3.2,3.2,3.2,3.2,3.2,3.2,3.2,3.2,3.2,3.2,3.2,3.2,3.2,3.2,3.2,3.2,3.2,3.3,3.3,3.3,3.2,3.2,3.2,3.2,3.2,3.2,3.3,2.3,2.4,2.4,2.4,2.4,2.4,2.4,2.4,2.2,2.3,2.3,2.1,2.1,2.1,2.1,2.1,2.1,2.1,2.1,2.1,2.1,2.1,2.1
Türkiye,Kurdish Conflict,TUR004,-,-,-,-,-,-,-,-,-,-,-,-,-,-,-,-,-,-,-,-,-,-,-,-,-,-,-,-,-,-,-,-,-,-,-,-,-,-,-,-,-,-,-,-,-,-,-,-,-,-,-,-,-,-,-,-,-,-,-,-,-,-,-,-,-,-,-,-,x
Türkiye,Türkiye / Syria earthquake in Türkiye,TUR005,Decreasing,-,-,-,-,-,-,-,-,-,-,-,-,-,-,-,-,-,-,-,-,-,-,-,-,-,-,-,-,-,-,-,-,-,-,-,-,-,-,-,-,-,-,-,-,-,-,-,-,-,-,3.3,3.3,3.3,3.5,3.5,3.5,3.3,3.3,3.2,3.2,3.2,3.2,3.2,3.2,3.2,3.1,3,3
Tanzania,Multiple Crises in Tanzania,TZA001,Decreasing,-,-,-,-,-,-,-,-,-,-,-,-,-,-,-,-,-,-,-,-,-,-,-,-,-,-,-,-,-,-,-,-,-,-,-,-,-,-,2.4,2.3,2.6,2.6,2.6,2.7,2.7,2.7,2.7,2.7,2.8,2.8,2.6,2.6,2.6,2.7,2.7,2.6,2.6,2.6,2.7,2.7,2.9,2.8,2.8,2.8,2.5,2.5,2.5,2.5
Tanzania,International Displacement in Tanzania,TZA002,Stable,1.5,1.5,1.5,2.2,2.2,2.1,1.8,1.8,1.9,1.8,1.8,1.8,1.8,1.8,1.8,1.8,1.8,1.8,1.8,2.5,2.4,1.7,1.7,1.7,1.7,1.7,1.7,1.8,1.8,1.8,2.4,2.4,2.4,2.4,2.3,2.4,2.4,2.4,2.3,2.3,2.3,2.3,2.3,2.3,2.3,2.3,2.3,2.3,2.3,2.3,2.3,2.3,2.4,2.4,2.4,2.4,2.4,2.4,2.5,2.4,2.4,2.4,2.4,2.4,2.4,2.4,2.4,2.4
Tanzania,Food Security Crisis in North-East Tanzania,TZA003,Decreasing,-,-,-,-,-,-,-,-,-,-,-,-,-,-,-,-,-,-,-,-,-,-,-,-,-,-,-,-,-,-,-,-,-,-,-,-,-,-,2.2,2.2,2.3,2.3,2.3,2.3,2.3,2.3,2.3,2.3,2.5,2.5,2.4,2.4,2.6,2.6,2.6,2.6,2.6,2.6,2.6,2.6,2.6,2.5,2.5,2.5,2.3,2.3,2.3,2.3
,,UGA001,-,-,2.9,3,3.1,3.1,3,2.9,2.9,2.9,2.9,-,-,-,-,-,-,2.9,2.9,2.9,2.9,2.9,2.9,3.1,3.1,3.1,3.1,3.1,3.1,3.1,-,-,-,-,-,-,-,-,-,-,-,-,-,3.3,3.3,3.3,3.3,3.2,3.3,3.3,3.3,-,-,-,-,-,-,-,-,-,-,-,-,-,-,-,-,-,-
,,UGA002,-,-,2.8,2.8,2.6,2.6,2.5,2.5,2.5,2.5,-,-,-,-,-,-,-,-,-,-,-,-,-,-,-,-,-,-,-,-,-,-,-,-,-,-,-,-,-,-,-,-,-,-,-,-,-,-,-,-,-,-,-,-,-,-,-,-,-,-,-,-,-,-,-,-,-,-,-
,,UGA003,-,-,1.9,1.9,2.4,2.4,2.3,2.3,2.3,1.6,-,-,-,-,-,-,-,-,-,-,-,-,-,-,-,-,-,-,-,-,-,-,-,-,-,-,-,-,-,-,-,-,-,-,-,-,-,-,-,-,-,-,-,-,-,-,-,-,-,-,-,-,-,-,-,-,-,-,-
,,UGA004,-,-,2,2.2,2.4,2.4,2.3,2.3,2.3,2.3,-,-,-,-,-,-,-,-,-,-,-,-,-,-,-,-,-,-,-,-,-,-,-,-,-,-,-,-,-,-,-,-,-,-,-,-,-,-,-,-,-,-,-,-,-,-,-,-,-,-,-,-,-,-,-,-,-,-,-
Uganda,International Displacement in Uganda,UGA005,Stable,-,-,-,-,-,-,-,-,-,-,3,2.8,2.8,3,3,3,3,3.1,3.1,3.1,3.1,3.1,3.2,3.1,3.1,3.1,3.1,3.1,3.1,3.1,3.1,3.1,3.1,3.1,3.1,3.1,3.1,3.1,3.1,3.1,3.1,3.1,3.2,3.2,3.2,3.2,3.2,3.2,3.2,3.3,3.2,3.2,3.2,3.2,3.2,3.2,3.2,3.2,3.2,3.2,3.2,3.2,3.2,3.2,3.2,3.2,3.2,3.3
,,UGA006,-,-,-,-,-,-,-,-,-,-,-,-,-,-,-,-,-,-,-,-,-,-,-,-,-,-,-,-,-,-,-,-,-,-,-,-,-,-,-,-,-,-,-,-,-,-,-,-,-,-,-,-,-,-,-,-,-,-,-,-,-,-,-,-,-,-,-,-,-
,,UGA007,-,-,-,-,-,-,-,-,-,-,-,-,-,-,-,-,-,-,-,-,-,-,-,-,-,-,-,-,-,-,-,-,-,-,-,-,-,-,-,-,-,-,-,3.3,3,2.9,2.9,2.9,2.9,2.9,2.9,-,-,-,-,-,-,-,-,-,-,-,-,-,-,-,-,-,-
Ukraine,Russia-Ukraine conflict,UKR002,Increasing,-,3.3,3.3,3.6,3.6,3.6,3.6,3.6,3.6,3.5,3.5,3.5,3.5,3.5,3.5,3.5,3.5,3.5,3.5,3.5,3.5,3.5,3.5,3.5,3.5,3.5,3.5,3.5,3.5,3.5,3.5,3.5,3.5,3.6,3.6,3.6,3.6,3.9,4.1,4.3,4.4,4.4,4.2,4.2,4.2,4.1,4.1,4.3,4.3,4.3,4.3,4.3,4.3,4.3,4.3,4.3,4.3,4.3,4.3,4.3,4.3,4.3,4.3,4.5,4.5,4.5,4.5,4.5
,,VCT002,-,-,-,-,-,-,-,-,-,-,-,-,-,-,-,-,-,-,-,-,-,-,-,-,-,-,-,-,1.5,1.5,1.6,1.6,1.6,-,-,-,-,-,-,-,-,-,-,-,-,-,-,-,-,-,-,-,-,-,-,-,-,-,-,-,-,-,-,-,-,-,-,-,-
Venezuela,Complex crisis in Venezuela,VEN001,Decreasing,4.2,4.2,4.2,3.9,3.9,4,4,4,4,4,4,4,4,4.1,4.1,4.1,4.1,4.1,4.1,4.1,4.1,4.1,4,4,4,4,4,4,4,4.1,4.1,4.1,4.1,4.2,4.2,4.2,4.2,4.2,4.2,4.1,4.1,4.1,4,4,4,3.9,4,4,4,4,4,4,3.8,4.1,4.1,4.1,4,4.3,4.3,4.3,4.3,4.2,4.2,4,4,4,4,4
,,VNM002,-,-,-,-,-,-,-,-,-,-,-,-,-,-,-,-,-,-,-,-,-,-,-,2.4,2.4,2.4,2.9,2.9,2.8,-,-,-,-,-,-,-,-,-,-,-,-,-,-,-,-,-,-,-,-,-,-,-,-,-,-,-,-,-,-,-,-,-,-,-,-,-,-,-,-
,,VUT002,-,-,-,-,-,-,-,-,-,-,-,-,-,-,-,-,1.9,1.9,2,2,2,2,2,2,2,2,2,2,2,-,-,-,-,-,-,-,-,-,-,-,-,-,-,-,-,-,-,-,-,-,-,-,-,-,-,-,-,-,-,-,-,-,-,-,-,-,-,-,-
,,VUT003,-,-,-,-,-,-,-,-,-,-,-,-,-,-,-,-,-,-,-,-,-,-,-,-,-,-,-,-,-,-,-,-,-,-,-,-,-,-,-,-,-,-,-,-,-,-,-,-,-,-,-,2.2,2.2,2.3,2.3,2.3,2.3,2.3,2.3,-,-,-,-,-,-,-,-,-,-
,,XXX002,-,-,1.5,-,-,-,-,-,-,-,-,-,-,-,-,-,-,-,-,-,-,-,-,-,-,-,-,-,-,-,-,-,-,-,-,-,-,-,-,-,-,-,-,-,-,-,-,-,-,-,-,-,-,-,-,-,-,-,-,-,-,-,-,-,-,-,-,-,-
,,XXX003,-,-,1.3,-,-,-,-,-,-,-,-,-,-,-,-,-,-,-,-,-,-,-,-,-,-,-,-,-,-,-,-,-,-,-,-,-,-,-,-,-,-,-,-,-,-,-,-,-,-,-,-,-,-,-,-,-,-,-,-,-,-,-,-,-,-,-,-,-,-
Yemen,Conflict in Yemen,YEM001,Stable,4.2,4.3,4.3,4.7,4.7,4.7,4.7,4.7,4.7,4.7,4.7,4.7,4.7,4.7,4.7,4.7,4.7,4.7,4.7,4.7,4.6,4.6,4.6,4.6,4.6,4.6,4.6,4.6,4.9,4.9,4.9,4.9,4.8,4.7,4.7,4.7,4.7,4.7,4.7,4.7,4.8,4.8,4.7,4.7,4.7,4.7,4.7,4.6,4.6,4.7,4.7,4.7,4.7,4.7,4.7,4.7,4.7,4.7,4.6,4.6,4.6,4.6,4.7,4.7,4.7,4.7,4.7,4.7
Yemen,Mixed migration flows in Yemen,YEM002,Increasing,-,2.8,2.8,3,3,3,3,3,2.9,2.9,3,3,3,2.9,2.9,2.9,2.9,2.6,2.6,2.6,2.6,2.6,2.9,2.9,2.9,2.9,2.9,3,2.6,2.5,2.5,2.5,4.5,4.5,4.5,4.5,4.5,4.5,4.5,4.5,4.5,4.5,3.1,3.1,2.8,2.8,2.8,2.3,2.3,2.3,2.3,2.3,3,3,2.5,2.5,2.5,2.5,2.4,2.4,2.4,2.4,2.7,3.2,3.3,3.2,3.2,3.2
Zambia,Drought in Zambia,ZMB002,Increasing,-,2.7,2.7,2.7,2.7,2.7,2.7,2.7,2.7,2.7,2.7,2.7,2.7,2.7,2.7,2.7,2.7,2.8,2.8,2.8,2.8,2.7,2.7,2.7,2.7,2.7,2.7,2.7,2.7,2.8,2.9,2.9,2.9,2.8,2.9,2.9,2.9,2.9,2.9,2.9,2.9,2.8,2.8,2.8,2.8,2.9,2.9,2.9,2.9,2.9,2.9,2.9,3,3,3,3,3,3,3,2.9,3.2,3.3,3.3,3.3,3.4,3.5,3.5,3.6
Zimbabwe,Complex crisis in Zimbabwe,ZWE001,Increasing,-,3.6,3.8,3.9,3.9,3.9,3.9,3.9,3.9,3.7,3.7,3.7,3.8,3.8,3.8,3.7,3.7,3.7,3.7,3.7,3.7,3.5,3.5,3.5,3.5,3.5,3.5,3.5,3.5,3.5,3.4,3.4,3.4,3.4,3.4,3.7,3.8,3.8,3.8,3.8,3.8,3.8,3.8,3.8,3.8,3.8,3.9,3.9,3.9,3.6,3.5,3.5,3.5,3.5,3.5,3.5,3.5,3.5,3.5,3.5,3.5,3.5,3.6,3.6,3.7,3.8,3.8,3.8
,,ZWE002,-,-,-,2.3,3.2,3.2,-,-,-,-,-,-,-,-,-,-,-,-,-,-,-,-,-,-,-,-,-,-,-,-,-,-,-,-,-,-,-,-,-,-,-,-,-,-,-,-,-,-,-,-,-,-,-,-,-,-,-,-,-,-,-,-,-,-,-,-,-,-,-
,,ZWE003,-,-,-,-,-,-,-,-,-,-,-,-,-,-,-,-,-,-,2.6,2.6,2.6,2.6,2.6,2.6,-,-,-,-,-,-,-,-,-,-,-,-,-,-,-,-,-,-,-,-,-,-,-,-,-,-,-,-,-,-,-,-,-,-,-,-,-,-,-,-,-,-,-,-,-
