,,,,,,,,,,,,,,,,,,,,
,,,,,# of people in none/minimal conditions - Level 1,# of people in stressed conditions - level 2,# of people in moderate conditions - level 3,# of people severe conditions - level 4,# of people extreme conditions - level 5,People in Need,% of people in none/minimal conditions - Level 1,% of people in stressed conditions - level 2,% of people in moderate conditions - level 3,% of people severe conditions - level 4,% of people extreme conditions - level 5,Concentration of conditions,Conditions of people affected,,,
,,,,MAX,,,,,,7,0.05,0.05,0.05,0.05,0.05,,,,,
,,,,MIN,,,,,,4,,,,,,,,,,
CRISIS,TYPE OF CRISIS,CRISIS ID,COUNTRY,Iso3,,,,,,,,,,,,,,,,
Complex crisis in Afghanistan,Complex crisis,AFG001,Afghanistan,AFG,0,19.642,12.1,5.8,0.5,5,0,0.5163240628778718,0.3180695021292256,0.15246306713632302,0.01314336785657957,4,4.5,,,
Drought in South-West Angola,Food Security,AGO002,Angola,AGO,0.54,0.837,1.026,0.324,0,3.6,0.19801980198019803,0.3069306930693069,0.37623762376237624,0.1188118811881188,0,4,3.8,,,
Nagorno-Karabakh Conflict in Armenia,Conflict,ARM002,Armenia,ARM,2.874,0.018,0.066,0,0,1.4,0.9503968253968254,0.005952380952380952,0.021825396825396824,0,0,1,1.2,,,
Nagorno-Karabakh conflict in Azerbaijan,Conflict,AZE002,Azerbaijan,AZE,x,x,x,x,x,x,x,x,x,x,x,x,x,,,
Complex in Burundi,Complex crisis,BDI001,Burundi,BDI,0,10.2,1.272,1.032,0.096,4,0,0.8095238095238095,0.10095238095238095,0.08190476190476191,0.007619047619047619,4,4,,,
Conflict in Burkina Faso,Conflict,BFA002,Burkina Faso,BFA,0.081,2,0.983,0.175,0.284,3.6,0.022991768379222254,0.5676979846721544,0.27902355946636387,0.04967357365881351,0.08061311382344592,5,4.3,,,
Rohingya refugee crisis,International displacement,BGD002,Bangladesh,BGD,0,0,1.356,0,0,3.6,0,0,1,0,0,3,3.3,,,
Venezuela displacement in Brazil,International displacement,BRA002,Brazil,BRA,0.272,0.002,0.379,0,0,2.6,0.4165390505359878,0.0030627871362940277,0.5803981623277182,0,0,3,2.8,,,
Complex crisis in CAR,Complex crisis,CAF001,CAR,CAF,0,2.1,0.9,1.9,0,4.1,0,0.42857142857142855,0.1836734693877551,0.3877551020408163,0,4,4.05,,,
Multiple crises in Cameroon,Multiple crises country,CMR001,Cameroon,CMR,21.533,0.343,2,2,0,4.3,0.8321610759004483,0.013255526356469316,0.07729169887154119,0.07729169887154119,0,4,4.15,,,
Boko Haram in Cameroon,Conflict,CMR002,Cameroon,CMR,1.912,0,0.917,0.284,0,3.5,0.6143958868894601,0,0.29466580976863754,0.09125964010282776,0,4,3.75,,,
Anglophone Crisis in Cameroon,Conflict,CMR003,Cameroon,CMR,2.027,1.489,0.882,0.078,0,3.3,0.45285969615728333,0.33266309204647004,0.1970509383378016,0.01742627345844504,0,3,3.15,,,
CAR refugees in Cameroon,International displacement,CMR004,Cameroon,CMR,1.249,0,0.316,0,0,2.5,0.7980830670926518,0,0.20191693290734825,0,0,3,2.75,,,
Complex crisis in DRC,Complex crisis,COD001,DRC,COD,52.92,30.27,14.112,4.704,0.784,5,0.5150715863854471,0.29461861148691393,0.13735242303611925,0.04578414101203975,0.007630690168673291,4,4.5,,,
Complex crisis in Congo,Complex crisis,COG001,Congo,COG,4.399,0,1.2,0,0,3.5,0.7856760135738525,0,0.21432398642614753,0,0,3,3.25,,,
Complex crisis in Colombia,Complex crisis,COL001,Colombia,COL,43.69,1.1,2.7,2.5,0.31,4.6,0.8685884691848906,0.02186878727634195,0.0536779324055666,0.04970178926441352,0.006163021868787276,4,4.3,,,
Venezuela displacement in Colombia,International displacement,COL002,Colombia,COL,16.177,1.734,4.1,0,0,4.4,0.7349507064649493,0.07877879242197083,0.1862705011130798,0,0,3,3.7,,,
Nicaraguan refugees in Costa Rica,International displacement,CRI002,Costa Rica,CRI,1.644,0.043,0.043,0,0,1.1,0.9502890173410404,0.02485549132947977,0.02485549132947977,0,0,1,1.05,,,
Multiple crises in Djibouti,Multiple crises country,DJI001,Djibouti,DJI,0.404,0.389,0.203,0.027,0,2.3,0.3949169110459433,0.38025415444770283,0.198435972629521,0.026392961876832845,0,3,2.65,,,
Mixed migration in Djibouti,International displacement,DJI002,Djibouti,DJI,0.987,0,0.036,0,0,0.9,0.9648093841642229,0,0.03519061583577713,0,0,1,0.95,,,
Drought in Djibouti,Drought,DJI003,Djibouti,DJI,0.44,0.389,0.167,0.027,0,2.1,0.43010752688172044,0.38025415444770283,0.16324535679374388,0.026392961876832845,0,3,2.55,,,
Mixed migration flows in Algeria,International displacement,DZA002,Algeria,DZA,x,x,x,x,x,x,x,x,x,x,x,x,x,,,
Sahrawi refugees in Algeria,International displacement,DZA003,Algeria,DZA,0.049,0.084,0.09,0,0,1.6,0.21973094170403587,0.37668161434977576,0.40358744394618834,0,0,3,2.3,,,
Multiple crises in Algeria,Multiple crises country,DZA004,Algeria,DZA,x,x,x,x,x,x,x,x,x,x,x,x,x,,,
Venezuela displacement in Ecuador,International displacement,ECU002,Ecuador,ECU,4.817,0.209,0.416,0,0,2.7,0.8853151994118729,0.03841205660724131,0.07645653372541812,0,0,3,2.85,,,
Syrian Refugee Crisis in Egypt,International displacement,EGY002,Egypt,EGY,21.861,0.936,0.165,0.338,0,2.8,0.9382403433476395,0.04017167381974249,0.007081545064377683,0.014506437768240343,0,2,2.4,,,
Complex crisis in Eritrea,Complex crisis,ERI001,Eritrea,ERI,0.645,0,2.582,0,0,4,0.19987604586303068,0,0.8001239541369694,0,0,3,3.5,,,
Mixed migration flows in spain,International displacement,ESP002,Spain,ESP,11.868,0,0.115,0,0,1.8,0.9904030710172744,0,0.009596928982725527,0,0,1,1.4,,,
Complex crisis in Ethiopia,Complex crisis,ETH001,Ethiopia,ETH,0,80.2,0.925,17.15,5.425,5,0,0.7733847637415622,0.008919961427193828,0.16538090646094503,0.05231436837029894,5,5,,,
Flood Crisis in Ethiopia,Flood,ETH002,Ethiopia,ETH,87.383,0.477,0.14,0,0,1.9,0.9929886363636363,0.005420454545454545,0.001590909090909091,0,0,1,1.45,,,
International Displacement,International displacement,ETH003,Ethiopia,ETH,86,16.883,0.817,0,0,3.2,0.8293153326904532,0.16280617164898747,0.007878495660559306,0,0,2,2.6,,,
Northern Ethiopia Conflict,Conflict,ETH004,Ethiopia,ETH,0,21.1,6.899,2.1,0.401,5,0,0.6918032786885245,0.22619672131147542,0.06885245901639345,0.013147540983606557,4,4.5,,,
Mixed migration flows in Greece,International displacement,GRC002,Greece,GRC,0.245,0.151,0.018,0,0,0.4,0.5917874396135265,0.3647342995169082,0.043478260869565216,0,0,2,1.2,,,
Complex crisis in Guatemala,Complex crisis,GTM001,Guatemala,GTM,11.4,1.9,3.3,0.174,0.326,4.3,0.6666666666666666,0.1111111111111111,0.19298245614035087,0.010175438596491228,0.019064327485380117,3,3.65,,,
Complex crisis in Honduras,Complex crisis,HND001,Honduras,HND,5.4,0.706,2.679,0.615,0,4.2,0.574468085106383,0.07510638297872341,0.285,0.06542553191489361,0,4,4.1,,,
Complex crisis in Haiti,Complex crisis,HTI001,Haiti,HTI,3.948,1.9,2.55,1.5,1,4.5,0.3622683061112131,0.17434391631492016,0.2339878876858139,0.13763993393283172,0.09175995595522114,5,4.75,,,
Nippes Earthquake ,Earthquake,HTI002,Haiti,HTI,5.629,0.15,0.65,0,0,3,0.8755638512988023,0.02333177788147457,0.10110437081972314,0,0,3,3,,,
Papua Conflict,Conflict,IDN002,Indonesia,IDN,3.534,0,0.06,0,0,1.3,0.9833055091819699,0,0.01669449081803005,0,0,1,1.15,,,
Conflict in Jammu and Kashmir,Conflict,IND002,India,IND,12.541,x,x,x,x,x,1,x,x,x,x,x,x,,,
Afghan Refugees in Iran,International displacement,IRN004,Iran,IRN,21.423,0,0.8,2.6,0,4.2,0.8630302541997341,0,0.0322281754824155,0.10474157031785038,0,4,4.1,,,
Multiple crises in Iraq,Multiple crises country,IRQ001,Iraq,IRQ,33.84,2.03,1.393,2.858,0.102,4.4,0.8413096984312458,0.050468637346791634,0.03463192700693633,0.07105387464883275,0.0025358625661934713,4,4.2,,,
Conflict  in Iraq,Conflict,IRQ002,Iraq,IRQ,34.093,2.03,1.312,2.706,0.082,4.4,0.847599632051314,0.050468637346791634,0.03261815379260622,0.06727494219725033,0.002038634612037889,4,4.2,,,
Syrian and Palestinian refugees in iraq,International displacement,IRQ003,Iraq,IRQ,4.661,0,0.313,0.152,0.02,2.8,0.906280381100525,0,0.06085942057165079,0.029554734590705813,0.0038887808671981333,3,2.9,,,
Mixed migration flows in Italy,International displacement,ITA002,Italy,ITA,6.804,0,0.208,0,0,2.2,0.9703365658870508,0,0.02966343411294923,0,0,1,1.6,,,
Syrian refugees in Jordan,International displacement,JOR002,Jordan,JOR,6.87,1.149,0.53,0.159,0,3.1,0.788929719797887,0.13194763435920992,0.06086357372531006,0.018259072117593016,0,3,3.05,,,
Multiple crisis in Kenya ,Multiple crises country,KEN001,Kenya,KEN,13.467,0,3.073,0.368,0,4.2,0.7965339800082806,0,0.181759034719347,0.021766132371207194,0,3,3.6,,,
Refugee situation in Kenya,International displacement,KEN002,Kenya,KEN,0.559,0,0.54,0,0,2.9,0.5086442220200182,0,0.4913557779799818,0,0,3,2.95,,,
Drought in Kenya,Drought,KEN003,Kenya,KEN,13.91,0,2.532,0.368,0,4.1,0.8274836406900654,0,0.1506246281975015,0.021891731112433074,0,3,3.55,,,
Syrian refugees in Lebanon,International displacement,LBN002,Lebanon,LBN,3.798,1.5,0.105,1.363,0.06,3.6,0.5564835164835165,0.21978021978021978,0.015384615384615385,0.1997069597069597,0.008791208791208791,4,3.8,,,
Socioeconomic crisis in Lebanon,Political and economic crisis,LBN004,Lebanon,LBN,3.028,0.37,1.321,2.047,0.06,4.2,0.44366300366300365,0.054212454212454214,0.19355311355311355,0.29992673992673996,0.008791208791208791,4,4.1,,,
Complex crisis in Libya,Multiple crises country,LBY001,Libya,LBY,4.9,1.2,0.871,0.273,0.156,3.5,0.6621621621621622,0.16216216216216217,0.11770270270270271,0.03689189189189189,0.02108108108108108,4,3.75,,,
Mixed migration flows in Libya,International displacement,LBY002,Libya,LBY,6.766,0.286,0.065,0.277,0.006,2.6,0.9143243243243243,0.03864864864864865,0.008783783783783784,0.03743243243243243,0.0008108108108108108,2,2.3,,,
Drought in Lesotho,Drought,LSO002,Lesotho,LSO,0.602,0.561,0.312,0,0,2.5,0.408135593220339,0.38033898305084746,0.21152542372881356,0,0,3,2.75,,,
Mixed migration flows in Morocco,International displacement,MAR002,Morocco,MAR,x,x,x,x,x,x,x,x,x,x,x,x,x,,,
Drought in Madagascar,Drought,MDG002,Madagascar,MDG,1.304,0.066,0.801,0.484,0.028,3.5,0.48602310846067837,0.024599329109206113,0.29854640327991055,0.18039508013417815,0.010436079016026835,4,3.75,,,
Multiple crisis in Mexico,Multiple crises country,MEX001,Mexico,MEX,124.227,0.321,x,x,x,x,1,0.002583979328165375,x,x,x,x,x,,,
Criminal Violence in Mexico,Other type of violence,MEX002,Mexico,MEX,124.227,0.321,x,x,x,x,0.9632090686350526,0.0024889123220543995,x,x,x,x,x,,,
Mixed Migration in Mexico,International displacement,MEX003,Mexico,MEX,124.227,0.321,x,x,x,x,1,0.002583979328165375,x,x,x,x,x,,,
Complex crisis in Mali,Complex crisis,MLI001,Mali,MLI,8.691,5.812,3.7,2.2,0,4.6,0.4259876482697775,0.2848740319576512,0.18135476914028037,0.1078325654347613,0,4,4.3,,,
Multiple crises in Myanmar,Multiple crises country,MMR001,Myanmar,MMR,36.702,3.619,3.047,0.498,0.15,4.3,0.8374480901747821,0.08257655273125541,0.06952493953361019,0.011363117783963856,0.0034226258385433306,3,3.65,,,
Rakhine Conflict,Conflict,MMR002,Myanmar,MMR,2.318,0.729,0.247,0.437,0.15,3.2,0.5971148892323545,0.18778979907264295,0.06362699639361154,0.11257083977331273,0.03863987635239567,4,3.6,,,
Kachin and Shan Conflict,Conflict,MMR003,Myanmar,MMR,2.953,2.699,0.8,0.061,0,3.2,0.453400890526639,0.4144019653001689,0.12283126055581145,0.009365883617380623,0,3,3.1,,,
Post-coup Violence in Myanmar,Conflict,MMR004,Myanmar,MMR,31.431,0.19,2,0,0,3.8,0.9401752864108163,0.005683347790972451,0.05982471358918369,0,0,3,3.4,,,
Cabo Delgado Islamist Insurgency,Other type of violence,MOZ004,Mozambique,MOZ,7.969,1.033,1.2,0.1,0,3.5,0.7735391186177442,0.10027179188507085,0.11648223645894001,0.009706853038245,0,3,3.25,,,
Refugees from Mali in Mauritania,International displacement,MRT002,Mauritania,MRT,0.011,0,0.085,0,0,1.5,0.11578947368421053,0,0.8947368421052632,0,0,3,2.25,,,
Food Security in Mauritania,Drought,MRT003,Mauritania,MRT,2.632,1.036,0.476,0,0,2.8,0.6320845341018252,0.24879923150816521,0.1143131604226705,0,0,3,2.9,,,
Complex crisis in Malawi,Complex crisis,MWI002,Malawi,MWI,1.889,15.744,1.496,0,0,3.6,0.09875058811229025,0.8230435464478018,0.078205865439908,0,0,3,3.3,,,
International Refugees in Malaysia,International displacement,MYS001,Malaysia,MYS,3.635,0,0.18,0,0,2.1,0.9528178243774574,0,0.047182175622542594,0,0,1,1.55,,,
Food Security Crisis in Namibia,Food Security,NAM002,Namibia,NAM,0.964,0.836,0.632,0.119,0,3.1,0.377891023128185,0.32771462171697374,0.24774598196785574,0.046648373186985496,0,3,3.05,,,
Multiple crises in Niger,Multiple crises country,NER001,Niger,NER,19.918,0.06,3.648,0.173,0,4.3,0.836890756302521,0.0025210084033613447,0.15327731092436975,0.0072689075630252105,0,3,3.65,,,
Boko Haram in Niger,Conflict,NER002,Niger,NER,0.656,0.001,0.272,0.02,0,2.4,0.6912539515279241,0.001053740779768177,0.28661749209694415,0.02107481559536354,0,3,2.7,,,
Mali/Burkina Faso conflict,Conflict,NER003,Niger,NER,7.044,0.009,1.31,0.036,0,3.5,0.8385714285714285,0.0010714285714285715,0.15595238095238095,0.004285714285714286,0,3,3.25,,,
Nigerian Refugees,International displacement,NER004,Niger,NER,0.624,0,0.662,0.042,0,3.1,0.46987951807228917,0,0.49849397590361444,0.03162650602409638,0,3,3.05,,,
Complex crisis in Nigeria,Complex crisis,NGA001,Nigeria,NGA,59.07,4.4,10.734,2.697,0,5,0.7681304534401373,0.05721642111285939,0.1395820600512347,0.03507106539576858,0,3,4,,,
Middle belt conflict,Conflict,NGA003,Nigeria,NGA,14.55,0,0.982,0,0,3.3,0.9367756889003348,0,0.06322431109966521,0,0,3,3.15,,,
Boko Haram crisis in Nigeria,Conflict,NGA004,Nigeria,NGA,0,4.4,6.003,2.697,0,4.9,0,0.33587786259541985,0.4582442748091603,0.20587786259541985,0,4,4.45,,,
Northwest Banditry,Other type of violence,NGA007,Nigeria,NGA,31.914,0,3.679,0,0,4.3,0.8966369791812997,0,0.1033630208187003,0,0,3,3.65,,,
Cameroonian Refugees in Nigeria,International displacement,NGA008,Nigeria,NGA,12.606,0,0.069,0,0,1.4,0.9945562130177514,0,0.00544378698224852,0,0,1,1.2,,,
Socioeconomic crisis in Nicaragua,Political and economic crisis,NIC001,Nicaragua,NIC,x,x,x,0,0,x,x,x,x,0,0,x,x,,,
Complex crisis in Pakistan,Complex crisis,PAK001,Pakistan,PAK,158.943,59.546,9.856,1.144,0,5,0.6925952877915718,0.25947213156186133,0.04294759225932398,0.004984988387242962,0,2,3.5,,,
Kashmir conflict in Pakistan,Conflict,PAK004,Pakistan,PAK,x,x,x,x,x,x,x,x,x,x,x,x,x,,,
Venezuela displacement in Peru,International displacement,PER002,Peru,PER,0.337,0,0.713,0,0,3.1,0.32095238095238093,0,0.679047619047619,0,0,3,3.05,,,
Multiple crises in the Philippines,Multiple crises country,PHL001,Philippines,PHL,36.614,5.785,2.517,0,0,4,0.8151842368919069,0.1287988422575977,0.05603918512746298,0,0,3,3.5,,,
Mindanao conflict,Conflict,PHL003,Philippines,PHL,26.136,0,0.117,0,0,1.8,0.9955812890446443,0,0.004456803291177815,0,0,1,1.4,,,
Typhoon RAI,Tropical cyclone,PHL010,Philippines,PHL,10.478,5.785,2.4,0,0,4,0.5614617940199336,0.3099882113385489,0.12860357946629514,0,0,3,3.5,,,
Complex crisis in DPRK,Complex crisis,PRK001,DPRK,PRK,0,15.12,4.97,5.459,0,5,0,0.5891062105509234,0.19364139328294241,0.21269383620353777,0,4,4.5,,,
Conflict in Palestine,Conflict,PSE002,Palestine,PSE,0.63,2.294,2.054,0.336,0.021,4,0.11808809746954077,0.42999062792877224,0.38500468603561383,0.06298031865042174,0.003936269915651359,4,4,,,
Regional Boko Haram Crisis,Regional crisis,REG001,"Nigeria,Niger,Chad,Cameroon","NGA,NER,TCD,CMR",6.035,4.223,4.636,4.201,0.122,4.9,0.31404485611697974,0.21975334339387,0.24124473122755893,0.21860852370297132,0.006348545558619972,4,4.45,,,
Venezuela Regional Crisis,Regional crisis,REG002,"Venezuela,Brazil,Colombia,Ecuador,Peru,Trinidad and Tobago","VEN,BRA,COL,ECU,PER,TTO",39.506,13.009,20.392,0.162,0,5,0.5406670407423121,0.17803719771722618,0.27907867905678196,0.0022170824836798093,0,3,4,,,
Regional Kashmir conflict,Regional crisis,REG003,"India,Pakistan","IND,PAK",x,x,x,x,x,x,x,x,x,x,x,x,x,,,
Syrian Regional Crisis,Regional crisis,REG004,"Syria,Turkey,Iraq,Egypt,Jordan,Lebanon","SYR,TUR,IRQ,EGY,JOR,LBN",56.45,17.829,3.111,13.541,1.56,5,0.6103296536960353,0.19276470143040944,0.03363570509563093,0.14640343384761761,0.01686650593030673,4,4.5,,,
Eastern Mediterranean Route ,Regional crisis,REG006,"Turkey,Greece","TUR,GRC",25.305,10.294,1.699,0.741,0,4,0.6652208201892744,0.27060988433228184,0.04466351209253418,0.019479495268138802,0,3,3.5,,,
Central Mediterranean Route,Regional crisis,REG007,"Algeria,Tunisia,Libya,Italy","DZA,TUN,LBY,ITA",x,x,x,x,x,x,x,x,x,x,x,x,x,,,
Western Mediterranean Route,Regional crisis,REG008,"Algeria,Morocco,Spain","DZA,MAR,ESP",x,x,x,x,x,x,x,x,x,x,x,x,x,,,
Rohingya Regional Crisis,Regional crisis,REG011,"Bangladesh,Myanmar","BGD,MMR",3.041,0,2.19,0,0,3.9,0.581341999617664,0,0.4186580003823361,0,0,3,3.45,,,
Southern Africa Regional Food Security Crisis,Regional crisis,REG012,"Lesotho,Madagascar,Malawi,Namibia,Eswatini,Zambia,Zimbabwe","LSO,MDG,MWI,NAM,SWZ,ZMB,ZWE",16.526,25.458,11.133,1.603,0.028,5,0.3018557755534449,0.4650032877913348,0.203349894060057,0.029279608387521007,0.0005114342076422883,3,4,,,
Nagorno-Karabakh Conflict,Regional crisis,REG013,"Armenia,Azerbaijan","ARM,AZE",x,x,x,x,x,x,x,x,x,x,x,x,x,,,
Burundi and DRC refugees in Rwanda,International displacement,RWA002,Rwanda,RWA,4.436,0,0.14,0,0,1.9,0.9694055944055944,0,0.030594405594405596,0,0,1,1.45,,,
Complex crisis in Sudan,Multiple crises country,SDN001,Sudan,SDN,17.9,15.8,6.2,6.2,1.9,5,0.3729166666666667,0.32916666666666666,0.12916666666666668,0.12916666666666668,0.03958333333333333,4,4.5,,,
Refugees in Sudan,International displacement,SDN005,Sudan,SDN,0,11.954,1.053,0,0,3.4,0,0.9190435919120473,0.08095640808795264,0,0,3,3.2,,,
Floods in Sudan ,Flood,SDN006,Sudan,SDN,46.086,0.227,0.087,0,0,1.6,0.9932327586206896,0.004892241379310345,0.001875,0,0,1,1.3,,,
Refugees from Ethiopia,International displacement,SDN007,Sudan,SDN,0,13.758,0.072,0,0,1.4,0,0.9947939262472885,0.005206073752711497,0,0,2,1.7,,,
Violence West-Darfur,Other type of violence,SDN008,Sudan,SDN,0,0.962,0.13,0.72,0.08,3.3,0,0.5233949945593036,0.07072905331882481,0.39173014145810664,0.04352557127312296,4,3.65,,,
Drought in Senegal,Drought,SEN002,Senegal,SEN,13.521,2.676,0.498,0.013,0,2.8,0.8092046202645281,0.16015321084445508,0.029804297085403077,0.0007780238194984738,0,2,2.4,,,
Complex crisis in El Salvador,Complex crisis,SLV001,El Salvador,SLV,3.5,1.5,1.4,0.3,0,3.7,0.5223880597014925,0.22388059701492538,0.208955223880597,0.04477611940298507,0,3,3.35,,,
Complex crisis in Somalia,Complex crisis,SOM001,Somalia,SOM,0.019,8,7.7,0.036,0,4.8,0.0012059663598857505,0.5077753094255791,0.48873373532211994,0.002284988892415106,0,3,3.9,,,
Mixed Migration Flows in Somalia,International displacement,SOM002,Somalia,SOM,1.296,0,0,0.025,0,0.7,0.9803328290468987,0,0,0.018910741301059002,0,1,0.85,,,
Drought in Somalia,Drought,SOM005,Somalia,SOM,11.554,0,3.031,0.169,0,4.2,0.7831096651755456,0,0.20543581401653788,0.011454520807916497,0,3,3.6,,,
Complex crisis in South Sudan,Complex crisis,SSD001,South Sudan,SSD,0,3.4,4.471,3.829,0,4.9,0,0.29097133076593923,0.3826272999572101,0.32768506632434746,0,4,4.45,,,
Food Security Crisis in Eswatini,Food Security,SWZ001,Eswatini,SWZ,0.495,0.36,0.267,0.05,0,2.5,0.42235494880546076,0.30716723549488056,0.22781569965870307,0.042662116040955635,0,3,2.75,,,
Syrian conflict,Complex crisis,SYR001,Syria,SYR,0,4.1,0.63,11.27,1.5,5,0,0.23428571428571426,0.036,0.644,0.08571428571428572,5,5,,,
Complex crisis in Chad,Multiple crises country,TCD001,Chad,TCD,9.175,1.207,4.736,1.472,0.192,4.7,0.5462284931833066,0.07185806989343335,0.2819551110317319,0.08763469667202477,0.011430612609394535,4,4.35,,,
Boko Haram in Chad,Conflict,TCD003,Chad,TCD,0,0.318,0.098,0.147,0.122,2.6,0,0.46355685131195334,0.14285714285714285,0.21428571428571427,0.17784256559766765,5,3.8,,,
CAR refugees in Chad,International displacement,TCD004,Chad,TCD,3.452,0,0.743,0.261,0,3.3,0.774685816876122,0,0.16674147217235188,0.05857271095152603,0,4,3.65,,,
Darfur refugees in Chad,International displacement,TCD005,Chad,TCD,1.454,0,0.694,0.429,0,3.4,0.5642219635234769,0,0.2693053938688397,0.16647264260768335,0,4,3.7,,,
Tibesti Conflict in Chad,Conflict,TCD006,Chad,TCD,0,0.02,0.011,0.006,0.001,0.4,0,0.5263157894736842,0.2894736842105263,0.15789473684210525,0.02631578947368421,4,2.2,,,
Multiple situations in Thailand,Multiple crises country,THA001,Thailand,THA,3.458,0,0.091,0,0,1.6,0.9743589743589743,0,0.02564102564102564,0,0,1,1.3,,,
Conflict in southern Thailand ,Conflict,THA002,Thailand,THA,x,x,x,x,x,x,x,x,x,x,x,x,x,,,
Myanmar refugees in Thailand,International displacement,THA003,Thailand,THA,0,0,0.091,0,0,1.6,0,0,1,0,0,3,2.3,,,
Venezuelan refugees in Trinidad and Tobago,International displacement,TTO002,Trinidad and Tobago,TTO,1.395,0,0.06,0,0,1.3,0.9620689655172414,0,0.041379310344827586,0,0,1,1.15,,,
Mixed migration flows in Tunisia,International displacement,TUN002,Tunisia,TUN,x,x,x,x,x,x,x,x,x,x,x,x,x,,,
Complex situation in Turkey,Multiple crises country,TUR001,Turkey,TUR,38.034,10.144,1.681,0.741,0,4,0.7516600790513834,0.20047430830039525,0.033221343873517786,0.014644268774703557,0,2,3,,,
Syrian Refugees in Turkey,International displacement,TUR002,Turkey,TUR,23.922,10.144,1.681,0.411,0,3.9,0.6615963272304884,0.28054649040323026,0.04649040323026716,0.01136677913601416,0,3,3.45,,,
Mixed Migration Flows in Turkey,International displacement,TUR003,Turkey,TUR,25.06,10.144,1.681,0.741,0,4,0.6660288098655185,0.26960080795194813,0.04467655344708446,0.019693828735448893,0,3,3.5,,,
Kurdish Conflict,Conflict,TUR004,Turkey,TUR,x,x,x,x,x,x,x,x,x,x,x,x,x,,,
International Displacement in Tanzania,International displacement,TZA002,Tanzania,TZA,0,11.147,0.246,0,0,2.3,0,0.9784077942596331,0.021592205740366893,0,0,2,2.15,,,
International Displacement in Uganda,International displacement,UGA005,Uganda,UGA,6.147,0,1.504,0,0,3.6,0.8034243889687622,0,0.19657561103123775,0,0,3,3.3,,,
Conflict in Ukraine,Conflict,UKR002,Ukraine,UKR,0.909,2,1.7,1.7,0,4.2,0.14407988587731813,0.3170074496750674,0.26945633222380727,0.26945633222380727,0,4,4.1,,,
Complex crisis in Venezuela,Complex crisis,VEN001,Venezuela,VEN,0,12.61,14.803,0,0,5,0,0.46001751057930834,0.5400189697942507,0,0,3,4,,,
Conflict in Yemen,Complex crisis,YEM001,Yemen,YEM,3.6,6.4,8.4,8.9,3.4,5,0.11726384364820847,0.20846905537459284,0.2736156351791531,0.2899022801302932,0.11074918566775244,5,5,,,
Mixed migration flows in Yemen,International displacement,YEM002,Yemen,YEM,3.6,6.4,8.4,8.9,3.4,5,0.11726384364820847,0.20846905537459284,0.2736156351791531,0.2899022801302932,0.11074918566775244,5,5,,,
Drought in Zambia,Drought,ZMB002,Zambia,ZMB,5.421,5.185,1.575,0,0,3.7,0.4450373532550694,0.4256629176586487,0.12929972908628193,0,0,3,3.35,,,
Complex crisis in Zimbabwe,Complex crisis,ZWE001,Zimbabwe,ZWE,5.851,2.706,6.05,0.95,0,4.7,0.37610079064086904,0.17394099119367487,0.3888924599858585,0.061065758179597605,0,4,4.35,,,
,,,,,,,,,,,,,,,,,,,,
,,,,,,,,,,,,,,,,,,,,
,,,,,,,,,,,,,,,,,,,,
,,,,,,,,,,,,,,,,,,,,
,,,,,,,,,,,,,,,,,,,,
,,,,,,,,,,,,,,,,,,,,
,,,,,,,,,,,,,,,,,,,,
,,,,,,,,,,,,,,,,,,,,
,,,,,,,,,,,,,,,,,,,,
